[
  {
    "name": "Application Start",
    "start": 1572055289751,
    "end": 1572055291350,
    "duration": 1599,
    "pid": 11432,
    "index": 0
  },
  {
    "name": "Load Plugin",
    "start": 1572055289758,
    "end": 1572055289791,
    "duration": 33,
    "pid": 11432,
    "index": 1
  },
  {
    "name": "Load Config",
    "start": 1572055289791,
    "end": 1572055289848,
    "duration": 57,
    "pid": 11432,
    "index": 2
  },
  {
    "name": "Require(0) config/config.default.js",
    "start": 1572055289798,
    "end": 1572055289798,
    "duration": 0,
    "pid": 11432,
    "index": 3
  },
  {
    "name": "Require(1) node_modules/egg-session/config/config.default.js",
    "start": 1572055289801,
    "end": 1572055289801,
    "duration": 0,
    "pid": 11432,
    "index": 4
  },
  {
    "name": "Require(2) node_modules/egg-security/config/config.default.js",
    "start": 1572055289802,
    "end": 1572055289803,
    "duration": 1,
    "pid": 11432,
    "index": 5
  },
  {
    "name": "Require(3) node_modules/egg-jsonp/config/config.default.js",
    "start": 1572055289804,
    "end": 1572055289804,
    "duration": 0,
    "pid": 11432,
    "index": 6
  },
  {
    "name": "Require(4) node_modules/egg-onerror/config/config.default.js",
    "start": 1572055289805,
    "end": 1572055289805,
    "duration": 0,
    "pid": 11432,
    "index": 7
  },
  {
    "name": "Require(5) node_modules/egg-i18n/config/config.default.js",
    "start": 1572055289806,
    "end": 1572055289806,
    "duration": 0,
    "pid": 11432,
    "index": 8
  },
  {
    "name": "Require(6) node_modules/egg-watcher/config/config.default.js",
    "start": 1572055289808,
    "end": 1572055289809,
    "duration": 1,
    "pid": 11432,
    "index": 9
  },
  {
    "name": "Require(7) node_modules/egg-schedule/config/config.default.js",
    "start": 1572055289819,
    "end": 1572055289821,
    "duration": 2,
    "pid": 11432,
    "index": 10
  },
  {
    "name": "Require(8) node_modules/egg-multipart/config/config.default.js",
    "start": 1572055289822,
    "end": 1572055289824,
    "duration": 2,
    "pid": 11432,
    "index": 11
  },
  {
    "name": "Require(9) node_modules/egg-development/config/config.default.js",
    "start": 1572055289826,
    "end": 1572055289826,
    "duration": 0,
    "pid": 11432,
    "index": 12
  },
  {
    "name": "Require(10) node_modules/egg-logrotator/config/config.default.js",
    "start": 1572055289827,
    "end": 1572055289830,
    "duration": 3,
    "pid": 11432,
    "index": 13
  },
  {
    "name": "Require(11) node_modules/egg-static/config/config.default.js",
    "start": 1572055289831,
    "end": 1572055289832,
    "duration": 1,
    "pid": 11432,
    "index": 14
  },
  {
    "name": "Require(12) node_modules/egg-view/config/config.default.js",
    "start": 1572055289835,
    "end": 1572055289836,
    "duration": 1,
    "pid": 11432,
    "index": 15
  },
  {
    "name": "Require(13) node_modules/egg-mysql/config/config.default.js",
    "start": 1572055289837,
    "end": 1572055289837,
    "duration": 0,
    "pid": 11432,
    "index": 16
  },
  {
    "name": "Require(14) node_modules/egg/config/config.default.js",
    "start": 1572055289838,
    "end": 1572055289838,
    "duration": 0,
    "pid": 11432,
    "index": 17
  },
  {
    "name": "Require(15) config/config.default.js",
    "start": 1572055289840,
    "end": 1572055289840,
    "duration": 0,
    "pid": 11432,
    "index": 18
  },
  {
    "name": "Require(16) node_modules/egg-security/config/config.local.js",
    "start": 1572055289841,
    "end": 1572055289842,
    "duration": 1,
    "pid": 11432,
    "index": 19
  },
  {
    "name": "Require(17) node_modules/egg-watcher/config/config.local.js",
    "start": 1572055289843,
    "end": 1572055289843,
    "duration": 0,
    "pid": 11432,
    "index": 20
  },
  {
    "name": "Require(18) node_modules/egg-view/config/config.local.js",
    "start": 1572055289845,
    "end": 1572055289846,
    "duration": 1,
    "pid": 11432,
    "index": 21
  },
  {
    "name": "Require(19) node_modules/egg/config/config.local.js",
    "start": 1572055289847,
    "end": 1572055289847,
    "duration": 0,
    "pid": 11432,
    "index": 22
  },
  {
    "name": "Load extend/application.js",
    "start": 1572055289850,
    "end": 1572055289869,
    "duration": 19,
    "pid": 11432,
    "index": 23
  },
  {
    "name": "Require(20) node_modules/egg-session/app/extend/application.js",
    "start": 1572055289851,
    "end": 1572055289851,
    "duration": 0,
    "pid": 11432,
    "index": 24
  },
  {
    "name": "Require(21) node_modules/egg-security/app/extend/application.js",
    "start": 1572055289852,
    "end": 1572055289854,
    "duration": 2,
    "pid": 11432,
    "index": 25
  },
  {
    "name": "Require(22) node_modules/egg-jsonp/app/extend/application.js",
    "start": 1572055289854,
    "end": 1572055289857,
    "duration": 3,
    "pid": 11432,
    "index": 26
  },
  {
    "name": "Require(23) node_modules/egg-logrotator/app/extend/application.js",
    "start": 1572055289859,
    "end": 1572055289862,
    "duration": 3,
    "pid": 11432,
    "index": 27
  },
  {
    "name": "Require(24) node_modules/egg-view/app/extend/application.js",
    "start": 1572055289863,
    "end": 1572055289865,
    "duration": 2,
    "pid": 11432,
    "index": 28
  },
  {
    "name": "Load extend/request.js",
    "start": 1572055289869,
    "end": 1572055289879,
    "duration": 10,
    "pid": 11432,
    "index": 29
  },
  {
    "name": "Require(25) node_modules/egg/app/extend/request.js",
    "start": 1572055289874,
    "end": 1572055289875,
    "duration": 1,
    "pid": 11432,
    "index": 30
  },
  {
    "name": "Load extend/response.js",
    "start": 1572055289879,
    "end": 1572055289914,
    "duration": 35,
    "pid": 11432,
    "index": 31
  },
  {
    "name": "Require(26) node_modules/egg/app/extend/response.js",
    "start": 1572055289884,
    "end": 1572055289887,
    "duration": 3,
    "pid": 11432,
    "index": 32
  },
  {
    "name": "Load extend/context.js",
    "start": 1572055289914,
    "end": 1572055290072,
    "duration": 158,
    "pid": 11432,
    "index": 33
  },
  {
    "name": "Require(27) node_modules/egg-security/app/extend/context.js",
    "start": 1572055289916,
    "end": 1572055289937,
    "duration": 21,
    "pid": 11432,
    "index": 34
  },
  {
    "name": "Require(28) node_modules/egg-jsonp/app/extend/context.js",
    "start": 1572055289937,
    "end": 1572055289940,
    "duration": 3,
    "pid": 11432,
    "index": 35
  },
  {
    "name": "Require(29) node_modules/egg-i18n/app/extend/context.js",
    "start": 1572055289941,
    "end": 1572055289941,
    "duration": 0,
    "pid": 11432,
    "index": 36
  },
  {
    "name": "Require(30) node_modules/egg-multipart/app/extend/context.js",
    "start": 1572055289942,
    "end": 1572055290051,
    "duration": 109,
    "pid": 11432,
    "index": 37
  },
  {
    "name": "Require(31) node_modules/egg-view/app/extend/context.js",
    "start": 1572055290053,
    "end": 1572055290055,
    "duration": 2,
    "pid": 11432,
    "index": 38
  },
  {
    "name": "Require(32) node_modules/egg/app/extend/context.js",
    "start": 1572055290057,
    "end": 1572055290065,
    "duration": 8,
    "pid": 11432,
    "index": 39
  },
  {
    "name": "Load extend/helper.js",
    "start": 1572055290073,
    "end": 1572055290165,
    "duration": 92,
    "pid": 11432,
    "index": 40
  },
  {
    "name": "Require(33) node_modules/egg-security/app/extend/helper.js",
    "start": 1572055290074,
    "end": 1572055290145,
    "duration": 71,
    "pid": 11432,
    "index": 41
  },
  {
    "name": "Require(34) node_modules/egg/app/extend/helper.js",
    "start": 1572055290149,
    "end": 1572055290151,
    "duration": 2,
    "pid": 11432,
    "index": 42
  },
  {
    "name": "Load app.js",
    "start": 1572055290165,
    "end": 1572055290346,
    "duration": 181,
    "pid": 11432,
    "index": 43
  },
  {
    "name": "Require(35) node_modules/egg-session/app.js",
    "start": 1572055290166,
    "end": 1572055290167,
    "duration": 1,
    "pid": 11432,
    "index": 44
  },
  {
    "name": "Require(36) node_modules/egg-security/app.js",
    "start": 1572055290167,
    "end": 1572055290172,
    "duration": 5,
    "pid": 11432,
    "index": 45
  },
  {
    "name": "Require(37) node_modules/egg-onerror/app.js",
    "start": 1572055290179,
    "end": 1572055290210,
    "duration": 31,
    "pid": 11432,
    "index": 46
  },
  {
    "name": "Require(38) node_modules/egg-i18n/app.js",
    "start": 1572055290211,
    "end": 1572055290255,
    "duration": 44,
    "pid": 11432,
    "index": 47
  },
  {
    "name": "Require(39) node_modules/egg-watcher/app.js",
    "start": 1572055290256,
    "end": 1572055290292,
    "duration": 36,
    "pid": 11432,
    "index": 48
  },
  {
    "name": "Require(40) node_modules/egg-schedule/app.js",
    "start": 1572055290294,
    "end": 1572055290297,
    "duration": 3,
    "pid": 11432,
    "index": 49
  },
  {
    "name": "Require(41) node_modules/egg-multipart/app.js",
    "start": 1572055290298,
    "end": 1572055290303,
    "duration": 5,
    "pid": 11432,
    "index": 50
  },
  {
    "name": "Require(42) node_modules/egg-development/app.js",
    "start": 1572055290303,
    "end": 1572055290304,
    "duration": 1,
    "pid": 11432,
    "index": 51
  },
  {
    "name": "Require(43) node_modules/egg-logrotator/app.js",
    "start": 1572055290304,
    "end": 1572055290305,
    "duration": 1,
    "pid": 11432,
    "index": 52
  },
  {
    "name": "Require(44) node_modules/egg-static/app.js",
    "start": 1572055290305,
    "end": 1572055290306,
    "duration": 1,
    "pid": 11432,
    "index": 53
  },
  {
    "name": "Require(45) node_modules/egg-mysql/app.js",
    "start": 1572055290307,
    "end": 1572055290342,
    "duration": 35,
    "pid": 11432,
    "index": 54
  },
  {
    "name": "Before Start in node_modules/egg-watcher/lib/init.js:15:14",
    "start": 1572055290388,
    "end": 1572055291331,
    "duration": 943,
    "pid": 11432,
    "index": 55
  },
  {
    "name": "Before Start in node_modules/egg-mysql/lib/mysql.js:20:7",
    "start": 1572055290687,
    "end": 1572055291349,
    "duration": 662,
    "pid": 11432,
    "index": 56
  },
  {
    "name": "Load Service",
    "start": 1572055290688,
    "end": 1572055290712,
    "duration": 24,
    "pid": 11432,
    "index": 57
  },
  {
    "name": "Load \"service\" to Context",
    "start": 1572055290688,
    "end": 1572055290712,
    "duration": 24,
    "pid": 11432,
    "index": 58
  },
  {
    "name": "Load Middleware",
    "start": 1572055290712,
    "end": 1572055291128,
    "duration": 416,
    "pid": 11432,
    "index": 59
  },
  {
    "name": "Load \"middlewares\" to Application",
    "start": 1572055290712,
    "end": 1572055291050,
    "duration": 338,
    "pid": 11432,
    "index": 60
  },
  {
    "name": "Load Controller",
    "start": 1572055291128,
    "end": 1572055291231,
    "duration": 103,
    "pid": 11432,
    "index": 61
  },
  {
    "name": "Load \"controller\" to Application",
    "start": 1572055291129,
    "end": 1572055291231,
    "duration": 102,
    "pid": 11432,
    "index": 62
  },
  {
    "name": "Load Router",
    "start": 1572055291231,
    "end": 1572055291235,
    "duration": 4,
    "pid": 11432,
    "index": 63
  },
  {
    "name": "Require(46) app/router.js",
    "start": 1572055291232,
    "end": 1572055291233,
    "duration": 1,
    "pid": 11432,
    "index": 64
  },
  {
    "name": "Before Start in node_modules/egg-core/lib/egg.js:303:10",
    "start": 1572055291233,
    "end": 1572055291290,
    "duration": 57,
    "pid": 11432,
    "index": 65
  }
]