[
  {
    "name": "Application Start",
    "start": 1572056829270,
    "end": 1572056830369,
    "duration": 1099,
    "pid": 8428,
    "index": 0
  },
  {
    "name": "Load Plugin",
    "start": 1572056829288,
    "end": 1572056829327,
    "duration": 39,
    "pid": 8428,
    "index": 1
  },
  {
    "name": "Load Config",
    "start": 1572056829327,
    "end": 1572056829391,
    "duration": 64,
    "pid": 8428,
    "index": 2
  },
  {
    "name": "Require(0) config/config.default.js",
    "start": 1572056829328,
    "end": 1572056829329,
    "duration": 1,
    "pid": 8428,
    "index": 3
  },
  {
    "name": "Require(1) node_modules/egg-session/config/config.default.js",
    "start": 1572056829337,
    "end": 1572056829337,
    "duration": 0,
    "pid": 8428,
    "index": 4
  },
  {
    "name": "Require(2) node_modules/egg-security/config/config.default.js",
    "start": 1572056829338,
    "end": 1572056829339,
    "duration": 1,
    "pid": 8428,
    "index": 5
  },
  {
    "name": "Require(3) node_modules/egg-jsonp/config/config.default.js",
    "start": 1572056829340,
    "end": 1572056829341,
    "duration": 1,
    "pid": 8428,
    "index": 6
  },
  {
    "name": "Require(4) node_modules/egg-onerror/config/config.default.js",
    "start": 1572056829343,
    "end": 1572056829344,
    "duration": 1,
    "pid": 8428,
    "index": 7
  },
  {
    "name": "Require(5) node_modules/egg-i18n/config/config.default.js",
    "start": 1572056829350,
    "end": 1572056829354,
    "duration": 4,
    "pid": 8428,
    "index": 8
  },
  {
    "name": "Require(6) node_modules/egg-watcher/config/config.default.js",
    "start": 1572056829359,
    "end": 1572056829360,
    "duration": 1,
    "pid": 8428,
    "index": 9
  },
  {
    "name": "Require(7) node_modules/egg-schedule/config/config.default.js",
    "start": 1572056829362,
    "end": 1572056829362,
    "duration": 0,
    "pid": 8428,
    "index": 10
  },
  {
    "name": "Require(8) node_modules/egg-multipart/config/config.default.js",
    "start": 1572056829364,
    "end": 1572056829364,
    "duration": 0,
    "pid": 8428,
    "index": 11
  },
  {
    "name": "Require(9) node_modules/egg-development/config/config.default.js",
    "start": 1572056829366,
    "end": 1572056829367,
    "duration": 1,
    "pid": 8428,
    "index": 12
  },
  {
    "name": "Require(10) node_modules/egg-logrotator/config/config.default.js",
    "start": 1572056829369,
    "end": 1572056829372,
    "duration": 3,
    "pid": 8428,
    "index": 13
  },
  {
    "name": "Require(11) node_modules/egg-static/config/config.default.js",
    "start": 1572056829374,
    "end": 1572056829374,
    "duration": 0,
    "pid": 8428,
    "index": 14
  },
  {
    "name": "Require(12) node_modules/egg-view/config/config.default.js",
    "start": 1572056829375,
    "end": 1572056829376,
    "duration": 1,
    "pid": 8428,
    "index": 15
  },
  {
    "name": "Require(13) node_modules/egg-mysql/config/config.default.js",
    "start": 1572056829377,
    "end": 1572056829377,
    "duration": 0,
    "pid": 8428,
    "index": 16
  },
  {
    "name": "Require(14) node_modules/egg/config/config.default.js",
    "start": 1572056829378,
    "end": 1572056829379,
    "duration": 1,
    "pid": 8428,
    "index": 17
  },
  {
    "name": "Require(15) config/config.default.js",
    "start": 1572056829381,
    "end": 1572056829381,
    "duration": 0,
    "pid": 8428,
    "index": 18
  },
  {
    "name": "Require(16) node_modules/egg-security/config/config.local.js",
    "start": 1572056829383,
    "end": 1572056829383,
    "duration": 0,
    "pid": 8428,
    "index": 19
  },
  {
    "name": "Require(17) node_modules/egg-watcher/config/config.local.js",
    "start": 1572056829385,
    "end": 1572056829386,
    "duration": 1,
    "pid": 8428,
    "index": 20
  },
  {
    "name": "Require(18) node_modules/egg-view/config/config.local.js",
    "start": 1572056829389,
    "end": 1572056829389,
    "duration": 0,
    "pid": 8428,
    "index": 21
  },
  {
    "name": "Require(19) node_modules/egg/config/config.local.js",
    "start": 1572056829390,
    "end": 1572056829390,
    "duration": 0,
    "pid": 8428,
    "index": 22
  },
  {
    "name": "Load extend/application.js",
    "start": 1572056829393,
    "end": 1572056829416,
    "duration": 23,
    "pid": 8428,
    "index": 23
  },
  {
    "name": "Require(20) node_modules/egg-session/app/extend/application.js",
    "start": 1572056829394,
    "end": 1572056829395,
    "duration": 1,
    "pid": 8428,
    "index": 24
  },
  {
    "name": "Require(21) node_modules/egg-security/app/extend/application.js",
    "start": 1572056829396,
    "end": 1572056829398,
    "duration": 2,
    "pid": 8428,
    "index": 25
  },
  {
    "name": "Require(22) node_modules/egg-jsonp/app/extend/application.js",
    "start": 1572056829398,
    "end": 1572056829401,
    "duration": 3,
    "pid": 8428,
    "index": 26
  },
  {
    "name": "Require(23) node_modules/egg-logrotator/app/extend/application.js",
    "start": 1572056829404,
    "end": 1572056829407,
    "duration": 3,
    "pid": 8428,
    "index": 27
  },
  {
    "name": "Require(24) node_modules/egg-view/app/extend/application.js",
    "start": 1572056829408,
    "end": 1572056829411,
    "duration": 3,
    "pid": 8428,
    "index": 28
  },
  {
    "name": "Load extend/request.js",
    "start": 1572056829416,
    "end": 1572056829432,
    "duration": 16,
    "pid": 8428,
    "index": 29
  },
  {
    "name": "Require(25) node_modules/egg/app/extend/request.js",
    "start": 1572056829421,
    "end": 1572056829427,
    "duration": 6,
    "pid": 8428,
    "index": 30
  },
  {
    "name": "Load extend/response.js",
    "start": 1572056829432,
    "end": 1572056829466,
    "duration": 34,
    "pid": 8428,
    "index": 31
  },
  {
    "name": "Require(26) node_modules/egg/app/extend/response.js",
    "start": 1572056829437,
    "end": 1572056829448,
    "duration": 11,
    "pid": 8428,
    "index": 32
  },
  {
    "name": "Load extend/context.js",
    "start": 1572056829466,
    "end": 1572056829587,
    "duration": 121,
    "pid": 8428,
    "index": 33
  },
  {
    "name": "Require(27) node_modules/egg-security/app/extend/context.js",
    "start": 1572056829467,
    "end": 1572056829487,
    "duration": 20,
    "pid": 8428,
    "index": 34
  },
  {
    "name": "Require(28) node_modules/egg-jsonp/app/extend/context.js",
    "start": 1572056829487,
    "end": 1572056829489,
    "duration": 2,
    "pid": 8428,
    "index": 35
  },
  {
    "name": "Require(29) node_modules/egg-i18n/app/extend/context.js",
    "start": 1572056829490,
    "end": 1572056829491,
    "duration": 1,
    "pid": 8428,
    "index": 36
  },
  {
    "name": "Require(30) node_modules/egg-multipart/app/extend/context.js",
    "start": 1572056829493,
    "end": 1572056829578,
    "duration": 85,
    "pid": 8428,
    "index": 37
  },
  {
    "name": "Require(31) node_modules/egg-view/app/extend/context.js",
    "start": 1572056829579,
    "end": 1572056829580,
    "duration": 1,
    "pid": 8428,
    "index": 38
  },
  {
    "name": "Require(32) node_modules/egg/app/extend/context.js",
    "start": 1572056829581,
    "end": 1572056829583,
    "duration": 2,
    "pid": 8428,
    "index": 39
  },
  {
    "name": "Load extend/helper.js",
    "start": 1572056829587,
    "end": 1572056829645,
    "duration": 58,
    "pid": 8428,
    "index": 40
  },
  {
    "name": "Require(33) node_modules/egg-security/app/extend/helper.js",
    "start": 1572056829588,
    "end": 1572056829635,
    "duration": 47,
    "pid": 8428,
    "index": 41
  },
  {
    "name": "Require(34) node_modules/egg/app/extend/helper.js",
    "start": 1572056829641,
    "end": 1572056829641,
    "duration": 0,
    "pid": 8428,
    "index": 42
  },
  {
    "name": "Load app.js",
    "start": 1572056829645,
    "end": 1572056829780,
    "duration": 135,
    "pid": 8428,
    "index": 43
  },
  {
    "name": "Require(35) node_modules/egg-session/app.js",
    "start": 1572056829646,
    "end": 1572056829646,
    "duration": 0,
    "pid": 8428,
    "index": 44
  },
  {
    "name": "Require(36) node_modules/egg-security/app.js",
    "start": 1572056829647,
    "end": 1572056829649,
    "duration": 2,
    "pid": 8428,
    "index": 45
  },
  {
    "name": "Require(37) node_modules/egg-onerror/app.js",
    "start": 1572056829650,
    "end": 1572056829663,
    "duration": 13,
    "pid": 8428,
    "index": 46
  },
  {
    "name": "Require(38) node_modules/egg-i18n/app.js",
    "start": 1572056829663,
    "end": 1572056829690,
    "duration": 27,
    "pid": 8428,
    "index": 47
  },
  {
    "name": "Require(39) node_modules/egg-watcher/app.js",
    "start": 1572056829690,
    "end": 1572056829738,
    "duration": 48,
    "pid": 8428,
    "index": 48
  },
  {
    "name": "Require(40) node_modules/egg-schedule/app.js",
    "start": 1572056829739,
    "end": 1572056829743,
    "duration": 4,
    "pid": 8428,
    "index": 49
  },
  {
    "name": "Require(41) node_modules/egg-multipart/app.js",
    "start": 1572056829744,
    "end": 1572056829748,
    "duration": 4,
    "pid": 8428,
    "index": 50
  },
  {
    "name": "Require(42) node_modules/egg-development/app.js",
    "start": 1572056829749,
    "end": 1572056829749,
    "duration": 0,
    "pid": 8428,
    "index": 51
  },
  {
    "name": "Require(43) node_modules/egg-logrotator/app.js",
    "start": 1572056829750,
    "end": 1572056829750,
    "duration": 0,
    "pid": 8428,
    "index": 52
  },
  {
    "name": "Require(44) node_modules/egg-static/app.js",
    "start": 1572056829750,
    "end": 1572056829751,
    "duration": 1,
    "pid": 8428,
    "index": 53
  },
  {
    "name": "Require(45) node_modules/egg-mysql/app.js",
    "start": 1572056829752,
    "end": 1572056829779,
    "duration": 27,
    "pid": 8428,
    "index": 54
  },
  {
    "name": "Before Start in node_modules/egg-watcher/lib/init.js:15:14",
    "start": 1572056829827,
    "end": 1572056830340,
    "duration": 513,
    "pid": 8428,
    "index": 55
  },
  {
    "name": "Before Start in node_modules/egg-mysql/lib/mysql.js:20:7",
    "start": 1572056830029,
    "end": 1572056830367,
    "duration": 338,
    "pid": 8428,
    "index": 56
  },
  {
    "name": "Load Service",
    "start": 1572056830029,
    "end": 1572056830040,
    "duration": 11,
    "pid": 8428,
    "index": 57
  },
  {
    "name": "Load \"service\" to Context",
    "start": 1572056830030,
    "end": 1572056830040,
    "duration": 10,
    "pid": 8428,
    "index": 58
  },
  {
    "name": "Load Middleware",
    "start": 1572056830041,
    "end": 1572056830215,
    "duration": 174,
    "pid": 8428,
    "index": 59
  },
  {
    "name": "Load \"middlewares\" to Application",
    "start": 1572056830041,
    "end": 1572056830199,
    "duration": 158,
    "pid": 8428,
    "index": 60
  },
  {
    "name": "Load Controller",
    "start": 1572056830215,
    "end": 1572056830303,
    "duration": 88,
    "pid": 8428,
    "index": 61
  },
  {
    "name": "Load \"controller\" to Application",
    "start": 1572056830215,
    "end": 1572056830303,
    "duration": 88,
    "pid": 8428,
    "index": 62
  },
  {
    "name": "Load Router",
    "start": 1572056830303,
    "end": 1572056830305,
    "duration": 2,
    "pid": 8428,
    "index": 63
  },
  {
    "name": "Require(46) app/router.js",
    "start": 1572056830303,
    "end": 1572056830304,
    "duration": 1,
    "pid": 8428,
    "index": 64
  },
  {
    "name": "Before Start in node_modules/egg-core/lib/egg.js:303:10",
    "start": 1572056830304,
    "end": 1572056830324,
    "duration": 20,
    "pid": 8428,
    "index": 65
  }
]