[
  {
    "name": "Application Start",
    "start": 1572056293646,
    "end": 1572056294765,
    "duration": 1119,
    "pid": 6796,
    "index": 0
  },
  {
    "name": "Load Plugin",
    "start": 1572056293653,
    "end": 1572056293690,
    "duration": 37,
    "pid": 6796,
    "index": 1
  },
  {
    "name": "Load Config",
    "start": 1572056293691,
    "end": 1572056293741,
    "duration": 50,
    "pid": 6796,
    "index": 2
  },
  {
    "name": "Require(0) config/config.default.js",
    "start": 1572056293695,
    "end": 1572056293696,
    "duration": 1,
    "pid": 6796,
    "index": 3
  },
  {
    "name": "Require(1) node_modules/egg-session/config/config.default.js",
    "start": 1572056293699,
    "end": 1572056293699,
    "duration": 0,
    "pid": 6796,
    "index": 4
  },
  {
    "name": "Require(2) node_modules/egg-security/config/config.default.js",
    "start": 1572056293700,
    "end": 1572056293701,
    "duration": 1,
    "pid": 6796,
    "index": 5
  },
  {
    "name": "Require(3) node_modules/egg-jsonp/config/config.default.js",
    "start": 1572056293702,
    "end": 1572056293703,
    "duration": 1,
    "pid": 6796,
    "index": 6
  },
  {
    "name": "Require(4) node_modules/egg-onerror/config/config.default.js",
    "start": 1572056293704,
    "end": 1572056293704,
    "duration": 0,
    "pid": 6796,
    "index": 7
  },
  {
    "name": "Require(5) node_modules/egg-i18n/config/config.default.js",
    "start": 1572056293705,
    "end": 1572056293705,
    "duration": 0,
    "pid": 6796,
    "index": 8
  },
  {
    "name": "Require(6) node_modules/egg-watcher/config/config.default.js",
    "start": 1572056293707,
    "end": 1572056293707,
    "duration": 0,
    "pid": 6796,
    "index": 9
  },
  {
    "name": "Require(7) node_modules/egg-schedule/config/config.default.js",
    "start": 1572056293711,
    "end": 1572056293712,
    "duration": 1,
    "pid": 6796,
    "index": 10
  },
  {
    "name": "Require(8) node_modules/egg-multipart/config/config.default.js",
    "start": 1572056293714,
    "end": 1572056293716,
    "duration": 2,
    "pid": 6796,
    "index": 11
  },
  {
    "name": "Require(9) node_modules/egg-development/config/config.default.js",
    "start": 1572056293717,
    "end": 1572056293718,
    "duration": 1,
    "pid": 6796,
    "index": 12
  },
  {
    "name": "Require(10) node_modules/egg-logrotator/config/config.default.js",
    "start": 1572056293719,
    "end": 1572056293723,
    "duration": 4,
    "pid": 6796,
    "index": 13
  },
  {
    "name": "Require(11) node_modules/egg-static/config/config.default.js",
    "start": 1572056293724,
    "end": 1572056293725,
    "duration": 1,
    "pid": 6796,
    "index": 14
  },
  {
    "name": "Require(12) node_modules/egg-view/config/config.default.js",
    "start": 1572056293726,
    "end": 1572056293727,
    "duration": 1,
    "pid": 6796,
    "index": 15
  },
  {
    "name": "Require(13) node_modules/egg-mysql/config/config.default.js",
    "start": 1572056293729,
    "end": 1572056293729,
    "duration": 0,
    "pid": 6796,
    "index": 16
  },
  {
    "name": "Require(14) node_modules/egg/config/config.default.js",
    "start": 1572056293731,
    "end": 1572056293732,
    "duration": 1,
    "pid": 6796,
    "index": 17
  },
  {
    "name": "Require(15) config/config.default.js",
    "start": 1572056293733,
    "end": 1572056293733,
    "duration": 0,
    "pid": 6796,
    "index": 18
  },
  {
    "name": "Require(16) node_modules/egg-security/config/config.local.js",
    "start": 1572056293735,
    "end": 1572056293735,
    "duration": 0,
    "pid": 6796,
    "index": 19
  },
  {
    "name": "Require(17) node_modules/egg-watcher/config/config.local.js",
    "start": 1572056293737,
    "end": 1572056293737,
    "duration": 0,
    "pid": 6796,
    "index": 20
  },
  {
    "name": "Require(18) node_modules/egg-view/config/config.local.js",
    "start": 1572056293739,
    "end": 1572056293740,
    "duration": 1,
    "pid": 6796,
    "index": 21
  },
  {
    "name": "Require(19) node_modules/egg/config/config.local.js",
    "start": 1572056293740,
    "end": 1572056293741,
    "duration": 1,
    "pid": 6796,
    "index": 22
  },
  {
    "name": "Load extend/application.js",
    "start": 1572056293743,
    "end": 1572056293765,
    "duration": 22,
    "pid": 6796,
    "index": 23
  },
  {
    "name": "Require(20) node_modules/egg-session/app/extend/application.js",
    "start": 1572056293743,
    "end": 1572056293744,
    "duration": 1,
    "pid": 6796,
    "index": 24
  },
  {
    "name": "Require(21) node_modules/egg-security/app/extend/application.js",
    "start": 1572056293745,
    "end": 1572056293747,
    "duration": 2,
    "pid": 6796,
    "index": 25
  },
  {
    "name": "Require(22) node_modules/egg-jsonp/app/extend/application.js",
    "start": 1572056293747,
    "end": 1572056293749,
    "duration": 2,
    "pid": 6796,
    "index": 26
  },
  {
    "name": "Require(23) node_modules/egg-logrotator/app/extend/application.js",
    "start": 1572056293752,
    "end": 1572056293755,
    "duration": 3,
    "pid": 6796,
    "index": 27
  },
  {
    "name": "Require(24) node_modules/egg-view/app/extend/application.js",
    "start": 1572056293756,
    "end": 1572056293759,
    "duration": 3,
    "pid": 6796,
    "index": 28
  },
  {
    "name": "Load extend/request.js",
    "start": 1572056293765,
    "end": 1572056293774,
    "duration": 9,
    "pid": 6796,
    "index": 29
  },
  {
    "name": "Require(25) node_modules/egg/app/extend/request.js",
    "start": 1572056293768,
    "end": 1572056293771,
    "duration": 3,
    "pid": 6796,
    "index": 30
  },
  {
    "name": "Load extend/response.js",
    "start": 1572056293774,
    "end": 1572056293805,
    "duration": 31,
    "pid": 6796,
    "index": 31
  },
  {
    "name": "Require(26) node_modules/egg/app/extend/response.js",
    "start": 1572056293779,
    "end": 1572056293784,
    "duration": 5,
    "pid": 6796,
    "index": 32
  },
  {
    "name": "Load extend/context.js",
    "start": 1572056293805,
    "end": 1572056293965,
    "duration": 160,
    "pid": 6796,
    "index": 33
  },
  {
    "name": "Require(27) node_modules/egg-security/app/extend/context.js",
    "start": 1572056293807,
    "end": 1572056293837,
    "duration": 30,
    "pid": 6796,
    "index": 34
  },
  {
    "name": "Require(28) node_modules/egg-jsonp/app/extend/context.js",
    "start": 1572056293837,
    "end": 1572056293840,
    "duration": 3,
    "pid": 6796,
    "index": 35
  },
  {
    "name": "Require(29) node_modules/egg-i18n/app/extend/context.js",
    "start": 1572056293841,
    "end": 1572056293841,
    "duration": 0,
    "pid": 6796,
    "index": 36
  },
  {
    "name": "Require(30) node_modules/egg-multipart/app/extend/context.js",
    "start": 1572056293843,
    "end": 1572056293950,
    "duration": 107,
    "pid": 6796,
    "index": 37
  },
  {
    "name": "Require(31) node_modules/egg-view/app/extend/context.js",
    "start": 1572056293951,
    "end": 1572056293953,
    "duration": 2,
    "pid": 6796,
    "index": 38
  },
  {
    "name": "Require(32) node_modules/egg/app/extend/context.js",
    "start": 1572056293954,
    "end": 1572056293957,
    "duration": 3,
    "pid": 6796,
    "index": 39
  },
  {
    "name": "Load extend/helper.js",
    "start": 1572056293965,
    "end": 1572056294024,
    "duration": 59,
    "pid": 6796,
    "index": 40
  },
  {
    "name": "Require(33) node_modules/egg-security/app/extend/helper.js",
    "start": 1572056293966,
    "end": 1572056294015,
    "duration": 49,
    "pid": 6796,
    "index": 41
  },
  {
    "name": "Require(34) node_modules/egg/app/extend/helper.js",
    "start": 1572056294018,
    "end": 1572056294018,
    "duration": 0,
    "pid": 6796,
    "index": 42
  },
  {
    "name": "Load app.js",
    "start": 1572056294024,
    "end": 1572056294155,
    "duration": 131,
    "pid": 6796,
    "index": 43
  },
  {
    "name": "Require(35) node_modules/egg-session/app.js",
    "start": 1572056294025,
    "end": 1572056294025,
    "duration": 0,
    "pid": 6796,
    "index": 44
  },
  {
    "name": "Require(36) node_modules/egg-security/app.js",
    "start": 1572056294026,
    "end": 1572056294028,
    "duration": 2,
    "pid": 6796,
    "index": 45
  },
  {
    "name": "Require(37) node_modules/egg-onerror/app.js",
    "start": 1572056294029,
    "end": 1572056294043,
    "duration": 14,
    "pid": 6796,
    "index": 46
  },
  {
    "name": "Require(38) node_modules/egg-i18n/app.js",
    "start": 1572056294044,
    "end": 1572056294089,
    "duration": 45,
    "pid": 6796,
    "index": 47
  },
  {
    "name": "Require(39) node_modules/egg-watcher/app.js",
    "start": 1572056294090,
    "end": 1572056294100,
    "duration": 10,
    "pid": 6796,
    "index": 48
  },
  {
    "name": "Require(40) node_modules/egg-schedule/app.js",
    "start": 1572056294101,
    "end": 1572056294104,
    "duration": 3,
    "pid": 6796,
    "index": 49
  },
  {
    "name": "Require(41) node_modules/egg-multipart/app.js",
    "start": 1572056294106,
    "end": 1572056294112,
    "duration": 6,
    "pid": 6796,
    "index": 50
  },
  {
    "name": "Require(42) node_modules/egg-development/app.js",
    "start": 1572056294112,
    "end": 1572056294113,
    "duration": 1,
    "pid": 6796,
    "index": 51
  },
  {
    "name": "Require(43) node_modules/egg-logrotator/app.js",
    "start": 1572056294113,
    "end": 1572056294114,
    "duration": 1,
    "pid": 6796,
    "index": 52
  },
  {
    "name": "Require(44) node_modules/egg-static/app.js",
    "start": 1572056294114,
    "end": 1572056294115,
    "duration": 1,
    "pid": 6796,
    "index": 53
  },
  {
    "name": "Require(45) node_modules/egg-mysql/app.js",
    "start": 1572056294116,
    "end": 1572056294153,
    "duration": 37,
    "pid": 6796,
    "index": 54
  },
  {
    "name": "Before Start in node_modules/egg-watcher/lib/init.js:15:14",
    "start": 1572056294189,
    "end": 1572056294755,
    "duration": 566,
    "pid": 6796,
    "index": 55
  },
  {
    "name": "Before Start in node_modules/egg-mysql/lib/mysql.js:20:7",
    "start": 1572056294396,
    "end": 1572056294764,
    "duration": 368,
    "pid": 6796,
    "index": 56
  },
  {
    "name": "Load Service",
    "start": 1572056294397,
    "end": 1572056294407,
    "duration": 10,
    "pid": 6796,
    "index": 57
  },
  {
    "name": "Load \"service\" to Context",
    "start": 1572056294397,
    "end": 1572056294407,
    "duration": 10,
    "pid": 6796,
    "index": 58
  },
  {
    "name": "Load Middleware",
    "start": 1572056294408,
    "end": 1572056294640,
    "duration": 232,
    "pid": 6796,
    "index": 59
  },
  {
    "name": "Load \"middlewares\" to Application",
    "start": 1572056294408,
    "end": 1572056294603,
    "duration": 195,
    "pid": 6796,
    "index": 60
  },
  {
    "name": "Load Controller",
    "start": 1572056294640,
    "end": 1572056294690,
    "duration": 50,
    "pid": 6796,
    "index": 61
  },
  {
    "name": "Load \"controller\" to Application",
    "start": 1572056294640,
    "end": 1572056294690,
    "duration": 50,
    "pid": 6796,
    "index": 62
  },
  {
    "name": "Load Router",
    "start": 1572056294690,
    "end": 1572056294694,
    "duration": 4,
    "pid": 6796,
    "index": 63
  },
  {
    "name": "Require(46) app/router.js",
    "start": 1572056294691,
    "end": 1572056294692,
    "duration": 1,
    "pid": 6796,
    "index": 64
  },
  {
    "name": "Before Start in node_modules/egg-core/lib/egg.js:303:10",
    "start": 1572056294692,
    "end": 1572056294733,
    "duration": 41,
    "pid": 6796,
    "index": 65
  }
]