[
  {
    "name": "Application Start",
    "start": 1572053327443,
    "end": 1572053328430,
    "duration": 987,
    "pid": 11452,
    "index": 0
  },
  {
    "name": "Load Plugin",
    "start": 1572053327462,
    "end": 1572053327507,
    "duration": 45,
    "pid": 11452,
    "index": 1
  },
  {
    "name": "Load Config",
    "start": 1572053327507,
    "end": 1572053327559,
    "duration": 52,
    "pid": 11452,
    "index": 2
  },
  {
    "name": "Require(0) config/config.default.js",
    "start": 1572053327509,
    "end": 1572053327509,
    "duration": 0,
    "pid": 11452,
    "index": 3
  },
  {
    "name": "Require(1) node_modules/egg-session/config/config.default.js",
    "start": 1572053327511,
    "end": 1572053327511,
    "duration": 0,
    "pid": 11452,
    "index": 4
  },
  {
    "name": "Require(2) node_modules/egg-security/config/config.default.js",
    "start": 1572053327512,
    "end": 1572053327512,
    "duration": 0,
    "pid": 11452,
    "index": 5
  },
  {
    "name": "Require(3) node_modules/egg-jsonp/config/config.default.js",
    "start": 1572053327513,
    "end": 1572053327514,
    "duration": 1,
    "pid": 11452,
    "index": 6
  },
  {
    "name": "Require(4) node_modules/egg-onerror/config/config.default.js",
    "start": 1572053327515,
    "end": 1572053327515,
    "duration": 0,
    "pid": 11452,
    "index": 7
  },
  {
    "name": "Require(5) node_modules/egg-i18n/config/config.default.js",
    "start": 1572053327516,
    "end": 1572053327517,
    "duration": 1,
    "pid": 11452,
    "index": 8
  },
  {
    "name": "Require(6) node_modules/egg-watcher/config/config.default.js",
    "start": 1572053327518,
    "end": 1572053327518,
    "duration": 0,
    "pid": 11452,
    "index": 9
  },
  {
    "name": "Require(7) node_modules/egg-schedule/config/config.default.js",
    "start": 1572053327519,
    "end": 1572053327520,
    "duration": 1,
    "pid": 11452,
    "index": 10
  },
  {
    "name": "Require(8) node_modules/egg-multipart/config/config.default.js",
    "start": 1572053327520,
    "end": 1572053327521,
    "duration": 1,
    "pid": 11452,
    "index": 11
  },
  {
    "name": "Require(9) node_modules/egg-development/config/config.default.js",
    "start": 1572053327522,
    "end": 1572053327522,
    "duration": 0,
    "pid": 11452,
    "index": 12
  },
  {
    "name": "Require(10) node_modules/egg-logrotator/config/config.default.js",
    "start": 1572053327523,
    "end": 1572053327526,
    "duration": 3,
    "pid": 11452,
    "index": 13
  },
  {
    "name": "Require(11) node_modules/egg-static/config/config.default.js",
    "start": 1572053327527,
    "end": 1572053327527,
    "duration": 0,
    "pid": 11452,
    "index": 14
  },
  {
    "name": "Require(12) node_modules/egg-view/config/config.default.js",
    "start": 1572053327531,
    "end": 1572053327531,
    "duration": 0,
    "pid": 11452,
    "index": 15
  },
  {
    "name": "Require(13) node_modules/egg-mysql/config/config.default.js",
    "start": 1572053327533,
    "end": 1572053327533,
    "duration": 0,
    "pid": 11452,
    "index": 16
  },
  {
    "name": "Require(14) node_modules/egg/config/config.default.js",
    "start": 1572053327534,
    "end": 1572053327535,
    "duration": 1,
    "pid": 11452,
    "index": 17
  },
  {
    "name": "Require(15) config/config.default.js",
    "start": 1572053327537,
    "end": 1572053327537,
    "duration": 0,
    "pid": 11452,
    "index": 18
  },
  {
    "name": "Require(16) node_modules/egg-security/config/config.local.js",
    "start": 1572053327538,
    "end": 1572053327539,
    "duration": 1,
    "pid": 11452,
    "index": 19
  },
  {
    "name": "Require(17) node_modules/egg-watcher/config/config.local.js",
    "start": 1572053327545,
    "end": 1572053327546,
    "duration": 1,
    "pid": 11452,
    "index": 20
  },
  {
    "name": "Require(18) node_modules/egg-view/config/config.local.js",
    "start": 1572053327553,
    "end": 1572053327554,
    "duration": 1,
    "pid": 11452,
    "index": 21
  },
  {
    "name": "Require(19) node_modules/egg/config/config.local.js",
    "start": 1572053327557,
    "end": 1572053327558,
    "duration": 1,
    "pid": 11452,
    "index": 22
  },
  {
    "name": "Load extend/application.js",
    "start": 1572053327561,
    "end": 1572053327586,
    "duration": 25,
    "pid": 11452,
    "index": 23
  },
  {
    "name": "Require(20) node_modules/egg-session/app/extend/application.js",
    "start": 1572053327562,
    "end": 1572053327564,
    "duration": 2,
    "pid": 11452,
    "index": 24
  },
  {
    "name": "Require(21) node_modules/egg-security/app/extend/application.js",
    "start": 1572053327565,
    "end": 1572053327570,
    "duration": 5,
    "pid": 11452,
    "index": 25
  },
  {
    "name": "Require(22) node_modules/egg-jsonp/app/extend/application.js",
    "start": 1572053327570,
    "end": 1572053327573,
    "duration": 3,
    "pid": 11452,
    "index": 26
  },
  {
    "name": "Require(23) node_modules/egg-logrotator/app/extend/application.js",
    "start": 1572053327576,
    "end": 1572053327579,
    "duration": 3,
    "pid": 11452,
    "index": 27
  },
  {
    "name": "Require(24) node_modules/egg-view/app/extend/application.js",
    "start": 1572053327580,
    "end": 1572053327582,
    "duration": 2,
    "pid": 11452,
    "index": 28
  },
  {
    "name": "Load extend/request.js",
    "start": 1572053327586,
    "end": 1572053327597,
    "duration": 11,
    "pid": 11452,
    "index": 29
  },
  {
    "name": "Require(25) node_modules/egg/app/extend/request.js",
    "start": 1572053327590,
    "end": 1572053327593,
    "duration": 3,
    "pid": 11452,
    "index": 30
  },
  {
    "name": "Load extend/response.js",
    "start": 1572053327597,
    "end": 1572053327611,
    "duration": 14,
    "pid": 11452,
    "index": 31
  },
  {
    "name": "Require(26) node_modules/egg/app/extend/response.js",
    "start": 1572053327602,
    "end": 1572053327604,
    "duration": 2,
    "pid": 11452,
    "index": 32
  },
  {
    "name": "Load extend/context.js",
    "start": 1572053327612,
    "end": 1572053327753,
    "duration": 141,
    "pid": 11452,
    "index": 33
  },
  {
    "name": "Require(27) node_modules/egg-security/app/extend/context.js",
    "start": 1572053327613,
    "end": 1572053327656,
    "duration": 43,
    "pid": 11452,
    "index": 34
  },
  {
    "name": "Require(28) node_modules/egg-jsonp/app/extend/context.js",
    "start": 1572053327657,
    "end": 1572053327660,
    "duration": 3,
    "pid": 11452,
    "index": 35
  },
  {
    "name": "Require(29) node_modules/egg-i18n/app/extend/context.js",
    "start": 1572053327661,
    "end": 1572053327662,
    "duration": 1,
    "pid": 11452,
    "index": 36
  },
  {
    "name": "Require(30) node_modules/egg-multipart/app/extend/context.js",
    "start": 1572053327663,
    "end": 1572053327739,
    "duration": 76,
    "pid": 11452,
    "index": 37
  },
  {
    "name": "Require(31) node_modules/egg-view/app/extend/context.js",
    "start": 1572053327741,
    "end": 1572053327743,
    "duration": 2,
    "pid": 11452,
    "index": 38
  },
  {
    "name": "Require(32) node_modules/egg/app/extend/context.js",
    "start": 1572053327744,
    "end": 1572053327746,
    "duration": 2,
    "pid": 11452,
    "index": 39
  },
  {
    "name": "Load extend/helper.js",
    "start": 1572053327753,
    "end": 1572053327790,
    "duration": 37,
    "pid": 11452,
    "index": 40
  },
  {
    "name": "Require(33) node_modules/egg-security/app/extend/helper.js",
    "start": 1572053327754,
    "end": 1572053327783,
    "duration": 29,
    "pid": 11452,
    "index": 41
  },
  {
    "name": "Require(34) node_modules/egg/app/extend/helper.js",
    "start": 1572053327785,
    "end": 1572053327786,
    "duration": 1,
    "pid": 11452,
    "index": 42
  },
  {
    "name": "Load app.js",
    "start": 1572053327790,
    "end": 1572053327919,
    "duration": 129,
    "pid": 11452,
    "index": 43
  },
  {
    "name": "Require(35) node_modules/egg-session/app.js",
    "start": 1572053327791,
    "end": 1572053327791,
    "duration": 0,
    "pid": 11452,
    "index": 44
  },
  {
    "name": "Require(36) node_modules/egg-security/app.js",
    "start": 1572053327792,
    "end": 1572053327794,
    "duration": 2,
    "pid": 11452,
    "index": 45
  },
  {
    "name": "Require(37) node_modules/egg-onerror/app.js",
    "start": 1572053327795,
    "end": 1572053327832,
    "duration": 37,
    "pid": 11452,
    "index": 46
  },
  {
    "name": "Require(38) node_modules/egg-i18n/app.js",
    "start": 1572053327833,
    "end": 1572053327860,
    "duration": 27,
    "pid": 11452,
    "index": 47
  },
  {
    "name": "Require(39) node_modules/egg-watcher/app.js",
    "start": 1572053327860,
    "end": 1572053327866,
    "duration": 6,
    "pid": 11452,
    "index": 48
  },
  {
    "name": "Require(40) node_modules/egg-schedule/app.js",
    "start": 1572053327866,
    "end": 1572053327869,
    "duration": 3,
    "pid": 11452,
    "index": 49
  },
  {
    "name": "Require(41) node_modules/egg-multipart/app.js",
    "start": 1572053327870,
    "end": 1572053327874,
    "duration": 4,
    "pid": 11452,
    "index": 50
  },
  {
    "name": "Require(42) node_modules/egg-development/app.js",
    "start": 1572053327874,
    "end": 1572053327874,
    "duration": 0,
    "pid": 11452,
    "index": 51
  },
  {
    "name": "Require(43) node_modules/egg-logrotator/app.js",
    "start": 1572053327875,
    "end": 1572053327875,
    "duration": 0,
    "pid": 11452,
    "index": 52
  },
  {
    "name": "Require(44) node_modules/egg-static/app.js",
    "start": 1572053327876,
    "end": 1572053327876,
    "duration": 0,
    "pid": 11452,
    "index": 53
  },
  {
    "name": "Require(45) node_modules/egg-mysql/app.js",
    "start": 1572053327877,
    "end": 1572053327915,
    "duration": 38,
    "pid": 11452,
    "index": 54
  },
  {
    "name": "Before Start in node_modules/egg-watcher/lib/init.js:15:14",
    "start": 1572053327950,
    "end": 1572053328426,
    "duration": 476,
    "pid": 11452,
    "index": 55
  },
  {
    "name": "Before Start in node_modules/egg-mysql/lib/mysql.js:20:7",
    "start": 1572053328132,
    "end": 1572053328430,
    "duration": 298,
    "pid": 11452,
    "index": 56
  },
  {
    "name": "Load Service",
    "start": 1572053328133,
    "end": 1572053328144,
    "duration": 11,
    "pid": 11452,
    "index": 57
  },
  {
    "name": "Load \"service\" to Context",
    "start": 1572053328133,
    "end": 1572053328144,
    "duration": 11,
    "pid": 11452,
    "index": 58
  },
  {
    "name": "Load Middleware",
    "start": 1572053328144,
    "end": 1572053328319,
    "duration": 175,
    "pid": 11452,
    "index": 59
  },
  {
    "name": "Load \"middlewares\" to Application",
    "start": 1572053328144,
    "end": 1572053328304,
    "duration": 160,
    "pid": 11452,
    "index": 60
  },
  {
    "name": "Load Controller",
    "start": 1572053328319,
    "end": 1572053328388,
    "duration": 69,
    "pid": 11452,
    "index": 61
  },
  {
    "name": "Load \"controller\" to Application",
    "start": 1572053328319,
    "end": 1572053328388,
    "duration": 69,
    "pid": 11452,
    "index": 62
  },
  {
    "name": "Load Router",
    "start": 1572053328388,
    "end": 1572053328390,
    "duration": 2,
    "pid": 11452,
    "index": 63
  },
  {
    "name": "Require(46) app/router.js",
    "start": 1572053328389,
    "end": 1572053328389,
    "duration": 0,
    "pid": 11452,
    "index": 64
  },
  {
    "name": "Before Start in node_modules/egg-core/lib/egg.js:303:10",
    "start": 1572053328389,
    "end": 1572053328407,
    "duration": 18,
    "pid": 11452,
    "index": 65
  }
]