[
  {
    "name": "Application Start",
    "start": 1572059356257,
    "end": 1572059357375,
    "duration": 1118,
    "pid": 8248,
    "index": 0
  },
  {
    "name": "Load Plugin",
    "start": 1572059356266,
    "end": 1572059356331,
    "duration": 65,
    "pid": 8248,
    "index": 1
  },
  {
    "name": "Load Config",
    "start": 1572059356332,
    "end": 1572059356365,
    "duration": 33,
    "pid": 8248,
    "index": 2
  },
  {
    "name": "Require(0) config/config.default.js",
    "start": 1572059356333,
    "end": 1572059356333,
    "duration": 0,
    "pid": 8248,
    "index": 3
  },
  {
    "name": "Require(1) node_modules/egg-session/config/config.default.js",
    "start": 1572059356336,
    "end": 1572059356337,
    "duration": 1,
    "pid": 8248,
    "index": 4
  },
  {
    "name": "Require(2) node_modules/egg-security/config/config.default.js",
    "start": 1572059356338,
    "end": 1572059356338,
    "duration": 0,
    "pid": 8248,
    "index": 5
  },
  {
    "name": "Require(3) node_modules/egg-jsonp/config/config.default.js",
    "start": 1572059356339,
    "end": 1572059356339,
    "duration": 0,
    "pid": 8248,
    "index": 6
  },
  {
    "name": "Require(4) node_modules/egg-onerror/config/config.default.js",
    "start": 1572059356340,
    "end": 1572059356340,
    "duration": 0,
    "pid": 8248,
    "index": 7
  },
  {
    "name": "Require(5) node_modules/egg-i18n/config/config.default.js",
    "start": 1572059356341,
    "end": 1572059356342,
    "duration": 1,
    "pid": 8248,
    "index": 8
  },
  {
    "name": "Require(6) node_modules/egg-watcher/config/config.default.js",
    "start": 1572059356343,
    "end": 1572059356343,
    "duration": 0,
    "pid": 8248,
    "index": 9
  },
  {
    "name": "Require(7) node_modules/egg-schedule/config/config.default.js",
    "start": 1572059356344,
    "end": 1572059356345,
    "duration": 1,
    "pid": 8248,
    "index": 10
  },
  {
    "name": "Require(8) node_modules/egg-multipart/config/config.default.js",
    "start": 1572059356346,
    "end": 1572059356346,
    "duration": 0,
    "pid": 8248,
    "index": 11
  },
  {
    "name": "Require(9) node_modules/egg-development/config/config.default.js",
    "start": 1572059356347,
    "end": 1572059356348,
    "duration": 1,
    "pid": 8248,
    "index": 12
  },
  {
    "name": "Require(10) node_modules/egg-logrotator/config/config.default.js",
    "start": 1572059356348,
    "end": 1572059356351,
    "duration": 3,
    "pid": 8248,
    "index": 13
  },
  {
    "name": "Require(11) node_modules/egg-static/config/config.default.js",
    "start": 1572059356352,
    "end": 1572059356352,
    "duration": 0,
    "pid": 8248,
    "index": 14
  },
  {
    "name": "Require(12) node_modules/egg-view/config/config.default.js",
    "start": 1572059356353,
    "end": 1572059356354,
    "duration": 1,
    "pid": 8248,
    "index": 15
  },
  {
    "name": "Require(13) node_modules/egg-mysql/config/config.default.js",
    "start": 1572059356355,
    "end": 1572059356356,
    "duration": 1,
    "pid": 8248,
    "index": 16
  },
  {
    "name": "Require(14) node_modules/egg/config/config.default.js",
    "start": 1572059356357,
    "end": 1572059356357,
    "duration": 0,
    "pid": 8248,
    "index": 17
  },
  {
    "name": "Require(15) config/config.default.js",
    "start": 1572059356358,
    "end": 1572059356358,
    "duration": 0,
    "pid": 8248,
    "index": 18
  },
  {
    "name": "Require(16) node_modules/egg-security/config/config.local.js",
    "start": 1572059356359,
    "end": 1572059356360,
    "duration": 1,
    "pid": 8248,
    "index": 19
  },
  {
    "name": "Require(17) node_modules/egg-watcher/config/config.local.js",
    "start": 1572059356361,
    "end": 1572059356361,
    "duration": 0,
    "pid": 8248,
    "index": 20
  },
  {
    "name": "Require(18) node_modules/egg-view/config/config.local.js",
    "start": 1572059356363,
    "end": 1572059356363,
    "duration": 0,
    "pid": 8248,
    "index": 21
  },
  {
    "name": "Require(19) node_modules/egg/config/config.local.js",
    "start": 1572059356364,
    "end": 1572059356365,
    "duration": 1,
    "pid": 8248,
    "index": 22
  },
  {
    "name": "Load extend/application.js",
    "start": 1572059356366,
    "end": 1572059356411,
    "duration": 45,
    "pid": 8248,
    "index": 23
  },
  {
    "name": "Require(20) node_modules/egg-session/app/extend/application.js",
    "start": 1572059356367,
    "end": 1572059356369,
    "duration": 2,
    "pid": 8248,
    "index": 24
  },
  {
    "name": "Require(21) node_modules/egg-security/app/extend/application.js",
    "start": 1572059356371,
    "end": 1572059356373,
    "duration": 2,
    "pid": 8248,
    "index": 25
  },
  {
    "name": "Require(22) node_modules/egg-jsonp/app/extend/application.js",
    "start": 1572059356374,
    "end": 1572059356393,
    "duration": 19,
    "pid": 8248,
    "index": 26
  },
  {
    "name": "Require(23) node_modules/egg-logrotator/app/extend/application.js",
    "start": 1572059356396,
    "end": 1572059356400,
    "duration": 4,
    "pid": 8248,
    "index": 27
  },
  {
    "name": "Require(24) node_modules/egg-view/app/extend/application.js",
    "start": 1572059356401,
    "end": 1572059356406,
    "duration": 5,
    "pid": 8248,
    "index": 28
  },
  {
    "name": "Load extend/request.js",
    "start": 1572059356411,
    "end": 1572059356421,
    "duration": 10,
    "pid": 8248,
    "index": 29
  },
  {
    "name": "Require(25) node_modules/egg/app/extend/request.js",
    "start": 1572059356415,
    "end": 1572059356417,
    "duration": 2,
    "pid": 8248,
    "index": 30
  },
  {
    "name": "Load extend/response.js",
    "start": 1572059356421,
    "end": 1572059356430,
    "duration": 9,
    "pid": 8248,
    "index": 31
  },
  {
    "name": "Require(26) node_modules/egg/app/extend/response.js",
    "start": 1572059356424,
    "end": 1572059356426,
    "duration": 2,
    "pid": 8248,
    "index": 32
  },
  {
    "name": "Load extend/context.js",
    "start": 1572059356430,
    "end": 1572059356591,
    "duration": 161,
    "pid": 8248,
    "index": 33
  },
  {
    "name": "Require(27) node_modules/egg-security/app/extend/context.js",
    "start": 1572059356431,
    "end": 1572059356447,
    "duration": 16,
    "pid": 8248,
    "index": 34
  },
  {
    "name": "Require(28) node_modules/egg-jsonp/app/extend/context.js",
    "start": 1572059356448,
    "end": 1572059356450,
    "duration": 2,
    "pid": 8248,
    "index": 35
  },
  {
    "name": "Require(29) node_modules/egg-i18n/app/extend/context.js",
    "start": 1572059356451,
    "end": 1572059356451,
    "duration": 0,
    "pid": 8248,
    "index": 36
  },
  {
    "name": "Require(30) node_modules/egg-multipart/app/extend/context.js",
    "start": 1572059356452,
    "end": 1572059356576,
    "duration": 124,
    "pid": 8248,
    "index": 37
  },
  {
    "name": "Require(31) node_modules/egg-view/app/extend/context.js",
    "start": 1572059356578,
    "end": 1572059356580,
    "duration": 2,
    "pid": 8248,
    "index": 38
  },
  {
    "name": "Require(32) node_modules/egg/app/extend/context.js",
    "start": 1572059356581,
    "end": 1572059356587,
    "duration": 6,
    "pid": 8248,
    "index": 39
  },
  {
    "name": "Load extend/helper.js",
    "start": 1572059356591,
    "end": 1572059356627,
    "duration": 36,
    "pid": 8248,
    "index": 40
  },
  {
    "name": "Require(33) node_modules/egg-security/app/extend/helper.js",
    "start": 1572059356592,
    "end": 1572059356620,
    "duration": 28,
    "pid": 8248,
    "index": 41
  },
  {
    "name": "Require(34) node_modules/egg/app/extend/helper.js",
    "start": 1572059356623,
    "end": 1572059356623,
    "duration": 0,
    "pid": 8248,
    "index": 42
  },
  {
    "name": "Load app.js",
    "start": 1572059356627,
    "end": 1572059356781,
    "duration": 154,
    "pid": 8248,
    "index": 43
  },
  {
    "name": "Require(35) node_modules/egg-session/app.js",
    "start": 1572059356628,
    "end": 1572059356628,
    "duration": 0,
    "pid": 8248,
    "index": 44
  },
  {
    "name": "Require(36) node_modules/egg-security/app.js",
    "start": 1572059356629,
    "end": 1572059356631,
    "duration": 2,
    "pid": 8248,
    "index": 45
  },
  {
    "name": "Require(37) node_modules/egg-onerror/app.js",
    "start": 1572059356632,
    "end": 1572059356651,
    "duration": 19,
    "pid": 8248,
    "index": 46
  },
  {
    "name": "Require(38) node_modules/egg-i18n/app.js",
    "start": 1572059356651,
    "end": 1572059356690,
    "duration": 39,
    "pid": 8248,
    "index": 47
  },
  {
    "name": "Require(39) node_modules/egg-watcher/app.js",
    "start": 1572059356691,
    "end": 1572059356697,
    "duration": 6,
    "pid": 8248,
    "index": 48
  },
  {
    "name": "Require(40) node_modules/egg-schedule/app.js",
    "start": 1572059356698,
    "end": 1572059356701,
    "duration": 3,
    "pid": 8248,
    "index": 49
  },
  {
    "name": "Require(41) node_modules/egg-multipart/app.js",
    "start": 1572059356701,
    "end": 1572059356707,
    "duration": 6,
    "pid": 8248,
    "index": 50
  },
  {
    "name": "Require(42) node_modules/egg-development/app.js",
    "start": 1572059356707,
    "end": 1572059356708,
    "duration": 1,
    "pid": 8248,
    "index": 51
  },
  {
    "name": "Require(43) node_modules/egg-logrotator/app.js",
    "start": 1572059356708,
    "end": 1572059356709,
    "duration": 1,
    "pid": 8248,
    "index": 52
  },
  {
    "name": "Require(44) node_modules/egg-static/app.js",
    "start": 1572059356709,
    "end": 1572059356710,
    "duration": 1,
    "pid": 8248,
    "index": 53
  },
  {
    "name": "Require(45) node_modules/egg-mysql/app.js",
    "start": 1572059356711,
    "end": 1572059356778,
    "duration": 67,
    "pid": 8248,
    "index": 54
  },
  {
    "name": "Before Start in node_modules/egg-watcher/lib/init.js:15:14",
    "start": 1572059356801,
    "end": 1572059357365,
    "duration": 564,
    "pid": 8248,
    "index": 55
  },
  {
    "name": "Before Start in node_modules/egg-mysql/lib/mysql.js:20:7",
    "start": 1572059357011,
    "end": 1572059357373,
    "duration": 362,
    "pid": 8248,
    "index": 56
  },
  {
    "name": "Load Service",
    "start": 1572059357011,
    "end": 1572059357029,
    "duration": 18,
    "pid": 8248,
    "index": 57
  },
  {
    "name": "Load \"service\" to Context",
    "start": 1572059357011,
    "end": 1572059357029,
    "duration": 18,
    "pid": 8248,
    "index": 58
  },
  {
    "name": "Load Middleware",
    "start": 1572059357030,
    "end": 1572059357234,
    "duration": 204,
    "pid": 8248,
    "index": 59
  },
  {
    "name": "Load \"middlewares\" to Application",
    "start": 1572059357030,
    "end": 1572059357217,
    "duration": 187,
    "pid": 8248,
    "index": 60
  },
  {
    "name": "Load Controller",
    "start": 1572059357235,
    "end": 1572059357325,
    "duration": 90,
    "pid": 8248,
    "index": 61
  },
  {
    "name": "Load \"controller\" to Application",
    "start": 1572059357235,
    "end": 1572059357325,
    "duration": 90,
    "pid": 8248,
    "index": 62
  },
  {
    "name": "Load Router",
    "start": 1572059357325,
    "end": 1572059357328,
    "duration": 3,
    "pid": 8248,
    "index": 63
  },
  {
    "name": "Require(46) app/router.js",
    "start": 1572059357326,
    "end": 1572059357326,
    "duration": 0,
    "pid": 8248,
    "index": 64
  },
  {
    "name": "Before Start in node_modules/egg-core/lib/egg.js:303:10",
    "start": 1572059357327,
    "end": 1572059357349,
    "duration": 22,
    "pid": 8248,
    "index": 65
  }
]