[
  {
    "name": "Application Start",
    "start": 1572053382122,
    "end": 1572053383157,
    "duration": 1035,
    "pid": 7448,
    "index": 0
  },
  {
    "name": "Load Plugin",
    "start": 1572053382140,
    "end": 1572053382181,
    "duration": 41,
    "pid": 7448,
    "index": 1
  },
  {
    "name": "Load Config",
    "start": 1572053382181,
    "end": 1572053382217,
    "duration": 36,
    "pid": 7448,
    "index": 2
  },
  {
    "name": "Require(0) config/config.default.js",
    "start": 1572053382183,
    "end": 1572053382183,
    "duration": 0,
    "pid": 7448,
    "index": 3
  },
  {
    "name": "Require(1) node_modules/egg-session/config/config.default.js",
    "start": 1572053382185,
    "end": 1572053382185,
    "duration": 0,
    "pid": 7448,
    "index": 4
  },
  {
    "name": "Require(2) node_modules/egg-security/config/config.default.js",
    "start": 1572053382186,
    "end": 1572053382187,
    "duration": 1,
    "pid": 7448,
    "index": 5
  },
  {
    "name": "Require(3) node_modules/egg-jsonp/config/config.default.js",
    "start": 1572053382188,
    "end": 1572053382188,
    "duration": 0,
    "pid": 7448,
    "index": 6
  },
  {
    "name": "Require(4) node_modules/egg-onerror/config/config.default.js",
    "start": 1572053382189,
    "end": 1572053382189,
    "duration": 0,
    "pid": 7448,
    "index": 7
  },
  {
    "name": "Require(5) node_modules/egg-i18n/config/config.default.js",
    "start": 1572053382190,
    "end": 1572053382190,
    "duration": 0,
    "pid": 7448,
    "index": 8
  },
  {
    "name": "Require(6) node_modules/egg-watcher/config/config.default.js",
    "start": 1572053382191,
    "end": 1572053382192,
    "duration": 1,
    "pid": 7448,
    "index": 9
  },
  {
    "name": "Require(7) node_modules/egg-schedule/config/config.default.js",
    "start": 1572053382192,
    "end": 1572053382192,
    "duration": 0,
    "pid": 7448,
    "index": 10
  },
  {
    "name": "Require(8) node_modules/egg-multipart/config/config.default.js",
    "start": 1572053382193,
    "end": 1572053382194,
    "duration": 1,
    "pid": 7448,
    "index": 11
  },
  {
    "name": "Require(9) node_modules/egg-development/config/config.default.js",
    "start": 1572053382194,
    "end": 1572053382195,
    "duration": 1,
    "pid": 7448,
    "index": 12
  },
  {
    "name": "Require(10) node_modules/egg-logrotator/config/config.default.js",
    "start": 1572053382195,
    "end": 1572053382198,
    "duration": 3,
    "pid": 7448,
    "index": 13
  },
  {
    "name": "Require(11) node_modules/egg-static/config/config.default.js",
    "start": 1572053382199,
    "end": 1572053382200,
    "duration": 1,
    "pid": 7448,
    "index": 14
  },
  {
    "name": "Require(12) node_modules/egg-view/config/config.default.js",
    "start": 1572053382200,
    "end": 1572053382201,
    "duration": 1,
    "pid": 7448,
    "index": 15
  },
  {
    "name": "Require(13) node_modules/egg-mysql/config/config.default.js",
    "start": 1572053382202,
    "end": 1572053382202,
    "duration": 0,
    "pid": 7448,
    "index": 16
  },
  {
    "name": "Require(14) node_modules/egg/config/config.default.js",
    "start": 1572053382203,
    "end": 1572053382203,
    "duration": 0,
    "pid": 7448,
    "index": 17
  },
  {
    "name": "Require(15) config/config.default.js",
    "start": 1572053382205,
    "end": 1572053382205,
    "duration": 0,
    "pid": 7448,
    "index": 18
  },
  {
    "name": "Require(16) node_modules/egg-security/config/config.local.js",
    "start": 1572053382207,
    "end": 1572053382208,
    "duration": 1,
    "pid": 7448,
    "index": 19
  },
  {
    "name": "Require(17) node_modules/egg-watcher/config/config.local.js",
    "start": 1572053382211,
    "end": 1572053382212,
    "duration": 1,
    "pid": 7448,
    "index": 20
  },
  {
    "name": "Require(18) node_modules/egg-view/config/config.local.js",
    "start": 1572053382214,
    "end": 1572053382215,
    "duration": 1,
    "pid": 7448,
    "index": 21
  },
  {
    "name": "Require(19) node_modules/egg/config/config.local.js",
    "start": 1572053382216,
    "end": 1572053382216,
    "duration": 0,
    "pid": 7448,
    "index": 22
  },
  {
    "name": "Load extend/application.js",
    "start": 1572053382220,
    "end": 1572053382255,
    "duration": 35,
    "pid": 7448,
    "index": 23
  },
  {
    "name": "Require(20) node_modules/egg-session/app/extend/application.js",
    "start": 1572053382224,
    "end": 1572053382225,
    "duration": 1,
    "pid": 7448,
    "index": 24
  },
  {
    "name": "Require(21) node_modules/egg-security/app/extend/application.js",
    "start": 1572053382226,
    "end": 1572053382228,
    "duration": 2,
    "pid": 7448,
    "index": 25
  },
  {
    "name": "Require(22) node_modules/egg-jsonp/app/extend/application.js",
    "start": 1572053382229,
    "end": 1572053382232,
    "duration": 3,
    "pid": 7448,
    "index": 26
  },
  {
    "name": "Require(23) node_modules/egg-logrotator/app/extend/application.js",
    "start": 1572053382239,
    "end": 1572053382243,
    "duration": 4,
    "pid": 7448,
    "index": 27
  },
  {
    "name": "Require(24) node_modules/egg-view/app/extend/application.js",
    "start": 1572053382244,
    "end": 1572053382246,
    "duration": 2,
    "pid": 7448,
    "index": 28
  },
  {
    "name": "Load extend/request.js",
    "start": 1572053382255,
    "end": 1572053382265,
    "duration": 10,
    "pid": 7448,
    "index": 29
  },
  {
    "name": "Require(25) node_modules/egg/app/extend/request.js",
    "start": 1572053382259,
    "end": 1572053382261,
    "duration": 2,
    "pid": 7448,
    "index": 30
  },
  {
    "name": "Load extend/response.js",
    "start": 1572053382265,
    "end": 1572053382275,
    "duration": 10,
    "pid": 7448,
    "index": 31
  },
  {
    "name": "Require(26) node_modules/egg/app/extend/response.js",
    "start": 1572053382269,
    "end": 1572053382271,
    "duration": 2,
    "pid": 7448,
    "index": 32
  },
  {
    "name": "Load extend/context.js",
    "start": 1572053382275,
    "end": 1572053382405,
    "duration": 130,
    "pid": 7448,
    "index": 33
  },
  {
    "name": "Require(27) node_modules/egg-security/app/extend/context.js",
    "start": 1572053382276,
    "end": 1572053382294,
    "duration": 18,
    "pid": 7448,
    "index": 34
  },
  {
    "name": "Require(28) node_modules/egg-jsonp/app/extend/context.js",
    "start": 1572053382294,
    "end": 1572053382296,
    "duration": 2,
    "pid": 7448,
    "index": 35
  },
  {
    "name": "Require(29) node_modules/egg-i18n/app/extend/context.js",
    "start": 1572053382299,
    "end": 1572053382301,
    "duration": 2,
    "pid": 7448,
    "index": 36
  },
  {
    "name": "Require(30) node_modules/egg-multipart/app/extend/context.js",
    "start": 1572053382302,
    "end": 1572053382383,
    "duration": 81,
    "pid": 7448,
    "index": 37
  },
  {
    "name": "Require(31) node_modules/egg-view/app/extend/context.js",
    "start": 1572053382385,
    "end": 1572053382386,
    "duration": 1,
    "pid": 7448,
    "index": 38
  },
  {
    "name": "Require(32) node_modules/egg/app/extend/context.js",
    "start": 1572053382389,
    "end": 1572053382394,
    "duration": 5,
    "pid": 7448,
    "index": 39
  },
  {
    "name": "Load extend/helper.js",
    "start": 1572053382405,
    "end": 1572053382451,
    "duration": 46,
    "pid": 7448,
    "index": 40
  },
  {
    "name": "Require(33) node_modules/egg-security/app/extend/helper.js",
    "start": 1572053382414,
    "end": 1572053382443,
    "duration": 29,
    "pid": 7448,
    "index": 41
  },
  {
    "name": "Require(34) node_modules/egg/app/extend/helper.js",
    "start": 1572053382446,
    "end": 1572053382447,
    "duration": 1,
    "pid": 7448,
    "index": 42
  },
  {
    "name": "Load app.js",
    "start": 1572053382451,
    "end": 1572053382567,
    "duration": 116,
    "pid": 7448,
    "index": 43
  },
  {
    "name": "Require(35) node_modules/egg-session/app.js",
    "start": 1572053382451,
    "end": 1572053382452,
    "duration": 1,
    "pid": 7448,
    "index": 44
  },
  {
    "name": "Require(36) node_modules/egg-security/app.js",
    "start": 1572053382452,
    "end": 1572053382455,
    "duration": 3,
    "pid": 7448,
    "index": 45
  },
  {
    "name": "Require(37) node_modules/egg-onerror/app.js",
    "start": 1572053382456,
    "end": 1572053382473,
    "duration": 17,
    "pid": 7448,
    "index": 46
  },
  {
    "name": "Require(38) node_modules/egg-i18n/app.js",
    "start": 1572053382474,
    "end": 1572053382513,
    "duration": 39,
    "pid": 7448,
    "index": 47
  },
  {
    "name": "Require(39) node_modules/egg-watcher/app.js",
    "start": 1572053382514,
    "end": 1572053382523,
    "duration": 9,
    "pid": 7448,
    "index": 48
  },
  {
    "name": "Require(40) node_modules/egg-schedule/app.js",
    "start": 1572053382524,
    "end": 1572053382526,
    "duration": 2,
    "pid": 7448,
    "index": 49
  },
  {
    "name": "Require(41) node_modules/egg-multipart/app.js",
    "start": 1572053382527,
    "end": 1572053382531,
    "duration": 4,
    "pid": 7448,
    "index": 50
  },
  {
    "name": "Require(42) node_modules/egg-development/app.js",
    "start": 1572053382532,
    "end": 1572053382532,
    "duration": 0,
    "pid": 7448,
    "index": 51
  },
  {
    "name": "Require(43) node_modules/egg-logrotator/app.js",
    "start": 1572053382533,
    "end": 1572053382533,
    "duration": 0,
    "pid": 7448,
    "index": 52
  },
  {
    "name": "Require(44) node_modules/egg-static/app.js",
    "start": 1572053382534,
    "end": 1572053382534,
    "duration": 0,
    "pid": 7448,
    "index": 53
  },
  {
    "name": "Require(45) node_modules/egg-mysql/app.js",
    "start": 1572053382536,
    "end": 1572053382566,
    "duration": 30,
    "pid": 7448,
    "index": 54
  },
  {
    "name": "Before Start in node_modules/egg-watcher/lib/init.js:15:14",
    "start": 1572053382601,
    "end": 1572053383151,
    "duration": 550,
    "pid": 7448,
    "index": 55
  },
  {
    "name": "Before Start in node_modules/egg-mysql/lib/mysql.js:20:7",
    "start": 1572053382797,
    "end": 1572053383156,
    "duration": 359,
    "pid": 7448,
    "index": 56
  },
  {
    "name": "Load Service",
    "start": 1572053382798,
    "end": 1572053382809,
    "duration": 11,
    "pid": 7448,
    "index": 57
  },
  {
    "name": "Load \"service\" to Context",
    "start": 1572053382798,
    "end": 1572053382809,
    "duration": 11,
    "pid": 7448,
    "index": 58
  },
  {
    "name": "Load Middleware",
    "start": 1572053382809,
    "end": 1572053382997,
    "duration": 188,
    "pid": 7448,
    "index": 59
  },
  {
    "name": "Load \"middlewares\" to Application",
    "start": 1572053382809,
    "end": 1572053382984,
    "duration": 175,
    "pid": 7448,
    "index": 60
  },
  {
    "name": "Load Controller",
    "start": 1572053382997,
    "end": 1572053383064,
    "duration": 67,
    "pid": 7448,
    "index": 61
  },
  {
    "name": "Load \"controller\" to Application",
    "start": 1572053382997,
    "end": 1572053383064,
    "duration": 67,
    "pid": 7448,
    "index": 62
  },
  {
    "name": "Load Router",
    "start": 1572053383064,
    "end": 1572053383069,
    "duration": 5,
    "pid": 7448,
    "index": 63
  },
  {
    "name": "Require(46) app/router.js",
    "start": 1572053383065,
    "end": 1572053383066,
    "duration": 1,
    "pid": 7448,
    "index": 64
  },
  {
    "name": "Before Start in node_modules/egg-core/lib/egg.js:303:10",
    "start": 1572053383066,
    "end": 1572053383106,
    "duration": 40,
    "pid": 7448,
    "index": 65
  }
]