[
  {
    "name": "Application Start",
    "start": 1572055075165,
    "end": 1572055076234,
    "duration": 1069,
    "pid": 4300,
    "index": 0
  },
  {
    "name": "Load Plugin",
    "start": 1572055075173,
    "end": 1572055075207,
    "duration": 34,
    "pid": 4300,
    "index": 1
  },
  {
    "name": "Load Config",
    "start": 1572055075208,
    "end": 1572055075264,
    "duration": 56,
    "pid": 4300,
    "index": 2
  },
  {
    "name": "Require(0) config/config.default.js",
    "start": 1572055075211,
    "end": 1572055075211,
    "duration": 0,
    "pid": 4300,
    "index": 3
  },
  {
    "name": "Require(1) node_modules/egg-session/config/config.default.js",
    "start": 1572055075215,
    "end": 1572055075215,
    "duration": 0,
    "pid": 4300,
    "index": 4
  },
  {
    "name": "Require(2) node_modules/egg-security/config/config.default.js",
    "start": 1572055075221,
    "end": 1572055075221,
    "duration": 0,
    "pid": 4300,
    "index": 5
  },
  {
    "name": "Require(3) node_modules/egg-jsonp/config/config.default.js",
    "start": 1572055075223,
    "end": 1572055075223,
    "duration": 0,
    "pid": 4300,
    "index": 6
  },
  {
    "name": "Require(4) node_modules/egg-onerror/config/config.default.js",
    "start": 1572055075224,
    "end": 1572055075225,
    "duration": 1,
    "pid": 4300,
    "index": 7
  },
  {
    "name": "Require(5) node_modules/egg-i18n/config/config.default.js",
    "start": 1572055075226,
    "end": 1572055075227,
    "duration": 1,
    "pid": 4300,
    "index": 8
  },
  {
    "name": "Require(6) node_modules/egg-watcher/config/config.default.js",
    "start": 1572055075228,
    "end": 1572055075228,
    "duration": 0,
    "pid": 4300,
    "index": 9
  },
  {
    "name": "Require(7) node_modules/egg-schedule/config/config.default.js",
    "start": 1572055075229,
    "end": 1572055075230,
    "duration": 1,
    "pid": 4300,
    "index": 10
  },
  {
    "name": "Require(8) node_modules/egg-multipart/config/config.default.js",
    "start": 1572055075231,
    "end": 1572055075232,
    "duration": 1,
    "pid": 4300,
    "index": 11
  },
  {
    "name": "Require(9) node_modules/egg-development/config/config.default.js",
    "start": 1572055075237,
    "end": 1572055075238,
    "duration": 1,
    "pid": 4300,
    "index": 12
  },
  {
    "name": "Require(10) node_modules/egg-logrotator/config/config.default.js",
    "start": 1572055075241,
    "end": 1572055075245,
    "duration": 4,
    "pid": 4300,
    "index": 13
  },
  {
    "name": "Require(11) node_modules/egg-static/config/config.default.js",
    "start": 1572055075246,
    "end": 1572055075247,
    "duration": 1,
    "pid": 4300,
    "index": 14
  },
  {
    "name": "Require(12) node_modules/egg-view/config/config.default.js",
    "start": 1572055075250,
    "end": 1572055075252,
    "duration": 2,
    "pid": 4300,
    "index": 15
  },
  {
    "name": "Require(13) node_modules/egg-mysql/config/config.default.js",
    "start": 1572055075253,
    "end": 1572055075254,
    "duration": 1,
    "pid": 4300,
    "index": 16
  },
  {
    "name": "Require(14) node_modules/egg/config/config.default.js",
    "start": 1572055075254,
    "end": 1572055075255,
    "duration": 1,
    "pid": 4300,
    "index": 17
  },
  {
    "name": "Require(15) config/config.default.js",
    "start": 1572055075256,
    "end": 1572055075256,
    "duration": 0,
    "pid": 4300,
    "index": 18
  },
  {
    "name": "Require(16) node_modules/egg-security/config/config.local.js",
    "start": 1572055075257,
    "end": 1572055075258,
    "duration": 1,
    "pid": 4300,
    "index": 19
  },
  {
    "name": "Require(17) node_modules/egg-watcher/config/config.local.js",
    "start": 1572055075260,
    "end": 1572055075260,
    "duration": 0,
    "pid": 4300,
    "index": 20
  },
  {
    "name": "Require(18) node_modules/egg-view/config/config.local.js",
    "start": 1572055075262,
    "end": 1572055075262,
    "duration": 0,
    "pid": 4300,
    "index": 21
  },
  {
    "name": "Require(19) node_modules/egg/config/config.local.js",
    "start": 1572055075263,
    "end": 1572055075264,
    "duration": 1,
    "pid": 4300,
    "index": 22
  },
  {
    "name": "Load extend/application.js",
    "start": 1572055075266,
    "end": 1572055075287,
    "duration": 21,
    "pid": 4300,
    "index": 23
  },
  {
    "name": "Require(20) node_modules/egg-session/app/extend/application.js",
    "start": 1572055075266,
    "end": 1572055075267,
    "duration": 1,
    "pid": 4300,
    "index": 24
  },
  {
    "name": "Require(21) node_modules/egg-security/app/extend/application.js",
    "start": 1572055075268,
    "end": 1572055075269,
    "duration": 1,
    "pid": 4300,
    "index": 25
  },
  {
    "name": "Require(22) node_modules/egg-jsonp/app/extend/application.js",
    "start": 1572055075271,
    "end": 1572055075273,
    "duration": 2,
    "pid": 4300,
    "index": 26
  },
  {
    "name": "Require(23) node_modules/egg-logrotator/app/extend/application.js",
    "start": 1572055075276,
    "end": 1572055075279,
    "duration": 3,
    "pid": 4300,
    "index": 27
  },
  {
    "name": "Require(24) node_modules/egg-view/app/extend/application.js",
    "start": 1572055075281,
    "end": 1572055075283,
    "duration": 2,
    "pid": 4300,
    "index": 28
  },
  {
    "name": "Load extend/request.js",
    "start": 1572055075287,
    "end": 1572055075302,
    "duration": 15,
    "pid": 4300,
    "index": 29
  },
  {
    "name": "Require(25) node_modules/egg/app/extend/request.js",
    "start": 1572055075293,
    "end": 1572055075295,
    "duration": 2,
    "pid": 4300,
    "index": 30
  },
  {
    "name": "Load extend/response.js",
    "start": 1572055075303,
    "end": 1572055075335,
    "duration": 32,
    "pid": 4300,
    "index": 31
  },
  {
    "name": "Require(26) node_modules/egg/app/extend/response.js",
    "start": 1572055075312,
    "end": 1572055075322,
    "duration": 10,
    "pid": 4300,
    "index": 32
  },
  {
    "name": "Load extend/context.js",
    "start": 1572055075336,
    "end": 1572055075471,
    "duration": 135,
    "pid": 4300,
    "index": 33
  },
  {
    "name": "Require(27) node_modules/egg-security/app/extend/context.js",
    "start": 1572055075337,
    "end": 1572055075360,
    "duration": 23,
    "pid": 4300,
    "index": 34
  },
  {
    "name": "Require(28) node_modules/egg-jsonp/app/extend/context.js",
    "start": 1572055075361,
    "end": 1572055075363,
    "duration": 2,
    "pid": 4300,
    "index": 35
  },
  {
    "name": "Require(29) node_modules/egg-i18n/app/extend/context.js",
    "start": 1572055075364,
    "end": 1572055075364,
    "duration": 0,
    "pid": 4300,
    "index": 36
  },
  {
    "name": "Require(30) node_modules/egg-multipart/app/extend/context.js",
    "start": 1572055075365,
    "end": 1572055075458,
    "duration": 93,
    "pid": 4300,
    "index": 37
  },
  {
    "name": "Require(31) node_modules/egg-view/app/extend/context.js",
    "start": 1572055075459,
    "end": 1572055075462,
    "duration": 3,
    "pid": 4300,
    "index": 38
  },
  {
    "name": "Require(32) node_modules/egg/app/extend/context.js",
    "start": 1572055075463,
    "end": 1572055075466,
    "duration": 3,
    "pid": 4300,
    "index": 39
  },
  {
    "name": "Load extend/helper.js",
    "start": 1572055075471,
    "end": 1572055075530,
    "duration": 59,
    "pid": 4300,
    "index": 40
  },
  {
    "name": "Require(33) node_modules/egg-security/app/extend/helper.js",
    "start": 1572055075473,
    "end": 1572055075522,
    "duration": 49,
    "pid": 4300,
    "index": 41
  },
  {
    "name": "Require(34) node_modules/egg/app/extend/helper.js",
    "start": 1572055075525,
    "end": 1572055075526,
    "duration": 1,
    "pid": 4300,
    "index": 42
  },
  {
    "name": "Load app.js",
    "start": 1572055075531,
    "end": 1572055075663,
    "duration": 132,
    "pid": 4300,
    "index": 43
  },
  {
    "name": "Require(35) node_modules/egg-session/app.js",
    "start": 1572055075532,
    "end": 1572055075532,
    "duration": 0,
    "pid": 4300,
    "index": 44
  },
  {
    "name": "Require(36) node_modules/egg-security/app.js",
    "start": 1572055075533,
    "end": 1572055075537,
    "duration": 4,
    "pid": 4300,
    "index": 45
  },
  {
    "name": "Require(37) node_modules/egg-onerror/app.js",
    "start": 1572055075538,
    "end": 1572055075555,
    "duration": 17,
    "pid": 4300,
    "index": 46
  },
  {
    "name": "Require(38) node_modules/egg-i18n/app.js",
    "start": 1572055075556,
    "end": 1572055075610,
    "duration": 54,
    "pid": 4300,
    "index": 47
  },
  {
    "name": "Require(39) node_modules/egg-watcher/app.js",
    "start": 1572055075611,
    "end": 1572055075617,
    "duration": 6,
    "pid": 4300,
    "index": 48
  },
  {
    "name": "Require(40) node_modules/egg-schedule/app.js",
    "start": 1572055075617,
    "end": 1572055075621,
    "duration": 4,
    "pid": 4300,
    "index": 49
  },
  {
    "name": "Require(41) node_modules/egg-multipart/app.js",
    "start": 1572055075621,
    "end": 1572055075624,
    "duration": 3,
    "pid": 4300,
    "index": 50
  },
  {
    "name": "Require(42) node_modules/egg-development/app.js",
    "start": 1572055075625,
    "end": 1572055075626,
    "duration": 1,
    "pid": 4300,
    "index": 51
  },
  {
    "name": "Require(43) node_modules/egg-logrotator/app.js",
    "start": 1572055075627,
    "end": 1572055075627,
    "duration": 0,
    "pid": 4300,
    "index": 52
  },
  {
    "name": "Require(44) node_modules/egg-static/app.js",
    "start": 1572055075627,
    "end": 1572055075628,
    "duration": 1,
    "pid": 4300,
    "index": 53
  },
  {
    "name": "Require(45) node_modules/egg-mysql/app.js",
    "start": 1572055075629,
    "end": 1572055075658,
    "duration": 29,
    "pid": 4300,
    "index": 54
  },
  {
    "name": "Before Start in node_modules/egg-watcher/lib/init.js:15:14",
    "start": 1572055075699,
    "end": 1572055076211,
    "duration": 512,
    "pid": 4300,
    "index": 55
  },
  {
    "name": "Before Start in node_modules/egg-mysql/lib/mysql.js:20:7",
    "start": 1572055075906,
    "end": 1572055076232,
    "duration": 326,
    "pid": 4300,
    "index": 56
  },
  {
    "name": "Load Service",
    "start": 1572055075906,
    "end": 1572055075917,
    "duration": 11,
    "pid": 4300,
    "index": 57
  },
  {
    "name": "Load \"service\" to Context",
    "start": 1572055075906,
    "end": 1572055075917,
    "duration": 11,
    "pid": 4300,
    "index": 58
  },
  {
    "name": "Load Middleware",
    "start": 1572055075917,
    "end": 1572055076097,
    "duration": 180,
    "pid": 4300,
    "index": 59
  },
  {
    "name": "Load \"middlewares\" to Application",
    "start": 1572055075918,
    "end": 1572055076084,
    "duration": 166,
    "pid": 4300,
    "index": 60
  },
  {
    "name": "Load Controller",
    "start": 1572055076098,
    "end": 1572055076164,
    "duration": 66,
    "pid": 4300,
    "index": 61
  },
  {
    "name": "Load \"controller\" to Application",
    "start": 1572055076098,
    "end": 1572055076164,
    "duration": 66,
    "pid": 4300,
    "index": 62
  },
  {
    "name": "Load Router",
    "start": 1572055076164,
    "end": 1572055076166,
    "duration": 2,
    "pid": 4300,
    "index": 63
  },
  {
    "name": "Require(46) app/router.js",
    "start": 1572055076165,
    "end": 1572055076165,
    "duration": 0,
    "pid": 4300,
    "index": 64
  },
  {
    "name": "Before Start in node_modules/egg-core/lib/egg.js:303:10",
    "start": 1572055076165,
    "end": 1572055076184,
    "duration": 19,
    "pid": 4300,
    "index": 65
  }
]