[
  {
    "name": "Application Start",
    "start": 1572056698932,
    "end": 1572056701605,
    "duration": 2673,
    "pid": 7496,
    "index": 0
  },
  {
    "name": "Load Plugin",
    "start": 1572056698961,
    "end": 1572056699069,
    "duration": 108,
    "pid": 7496,
    "index": 1
  },
  {
    "name": "Load Config",
    "start": 1572056699070,
    "end": 1572056699161,
    "duration": 91,
    "pid": 7496,
    "index": 2
  },
  {
    "name": "Require(0) config/config.default.js",
    "start": 1572056699076,
    "end": 1572056699076,
    "duration": 0,
    "pid": 7496,
    "index": 3
  },
  {
    "name": "Require(1) node_modules/egg-session/config/config.default.js",
    "start": 1572056699081,
    "end": 1572056699084,
    "duration": 3,
    "pid": 7496,
    "index": 4
  },
  {
    "name": "Require(2) node_modules/egg-security/config/config.default.js",
    "start": 1572056699086,
    "end": 1572056699097,
    "duration": 11,
    "pid": 7496,
    "index": 5
  },
  {
    "name": "Require(3) node_modules/egg-jsonp/config/config.default.js",
    "start": 1572056699099,
    "end": 1572056699099,
    "duration": 0,
    "pid": 7496,
    "index": 6
  },
  {
    "name": "Require(4) node_modules/egg-onerror/config/config.default.js",
    "start": 1572056699101,
    "end": 1572056699101,
    "duration": 0,
    "pid": 7496,
    "index": 7
  },
  {
    "name": "Require(5) node_modules/egg-i18n/config/config.default.js",
    "start": 1572056699102,
    "end": 1572056699103,
    "duration": 1,
    "pid": 7496,
    "index": 8
  },
  {
    "name": "Require(6) node_modules/egg-watcher/config/config.default.js",
    "start": 1572056699104,
    "end": 1572056699105,
    "duration": 1,
    "pid": 7496,
    "index": 9
  },
  {
    "name": "Require(7) node_modules/egg-schedule/config/config.default.js",
    "start": 1572056699112,
    "end": 1572056699116,
    "duration": 4,
    "pid": 7496,
    "index": 10
  },
  {
    "name": "Require(8) node_modules/egg-multipart/config/config.default.js",
    "start": 1572056699121,
    "end": 1572056699125,
    "duration": 4,
    "pid": 7496,
    "index": 11
  },
  {
    "name": "Require(9) node_modules/egg-development/config/config.default.js",
    "start": 1572056699128,
    "end": 1572056699128,
    "duration": 0,
    "pid": 7496,
    "index": 12
  },
  {
    "name": "Require(10) node_modules/egg-logrotator/config/config.default.js",
    "start": 1572056699130,
    "end": 1572056699134,
    "duration": 4,
    "pid": 7496,
    "index": 13
  },
  {
    "name": "Require(11) node_modules/egg-static/config/config.default.js",
    "start": 1572056699136,
    "end": 1572056699137,
    "duration": 1,
    "pid": 7496,
    "index": 14
  },
  {
    "name": "Require(12) node_modules/egg-view/config/config.default.js",
    "start": 1572056699139,
    "end": 1572056699140,
    "duration": 1,
    "pid": 7496,
    "index": 15
  },
  {
    "name": "Require(13) node_modules/egg-mysql/config/config.default.js",
    "start": 1572056699142,
    "end": 1572056699143,
    "duration": 1,
    "pid": 7496,
    "index": 16
  },
  {
    "name": "Require(14) node_modules/egg/config/config.default.js",
    "start": 1572056699144,
    "end": 1572056699145,
    "duration": 1,
    "pid": 7496,
    "index": 17
  },
  {
    "name": "Require(15) config/config.default.js",
    "start": 1572056699147,
    "end": 1572056699147,
    "duration": 0,
    "pid": 7496,
    "index": 18
  },
  {
    "name": "Require(16) node_modules/egg-security/config/config.local.js",
    "start": 1572056699148,
    "end": 1572056699149,
    "duration": 1,
    "pid": 7496,
    "index": 19
  },
  {
    "name": "Require(17) node_modules/egg-watcher/config/config.local.js",
    "start": 1572056699154,
    "end": 1572056699155,
    "duration": 1,
    "pid": 7496,
    "index": 20
  },
  {
    "name": "Require(18) node_modules/egg-view/config/config.local.js",
    "start": 1572056699158,
    "end": 1572056699158,
    "duration": 0,
    "pid": 7496,
    "index": 21
  },
  {
    "name": "Require(19) node_modules/egg/config/config.local.js",
    "start": 1572056699160,
    "end": 1572056699160,
    "duration": 0,
    "pid": 7496,
    "index": 22
  },
  {
    "name": "Load extend/application.js",
    "start": 1572056699168,
    "end": 1572056699228,
    "duration": 60,
    "pid": 7496,
    "index": 23
  },
  {
    "name": "Require(20) node_modules/egg-session/app/extend/application.js",
    "start": 1572056699169,
    "end": 1572056699170,
    "duration": 1,
    "pid": 7496,
    "index": 24
  },
  {
    "name": "Require(21) node_modules/egg-security/app/extend/application.js",
    "start": 1572056699172,
    "end": 1572056699182,
    "duration": 10,
    "pid": 7496,
    "index": 25
  },
  {
    "name": "Require(22) node_modules/egg-jsonp/app/extend/application.js",
    "start": 1572056699183,
    "end": 1572056699186,
    "duration": 3,
    "pid": 7496,
    "index": 26
  },
  {
    "name": "Require(23) node_modules/egg-logrotator/app/extend/application.js",
    "start": 1572056699190,
    "end": 1572056699212,
    "duration": 22,
    "pid": 7496,
    "index": 27
  },
  {
    "name": "Require(24) node_modules/egg-view/app/extend/application.js",
    "start": 1572056699214,
    "end": 1572056699222,
    "duration": 8,
    "pid": 7496,
    "index": 28
  },
  {
    "name": "Load extend/request.js",
    "start": 1572056699228,
    "end": 1572056699243,
    "duration": 15,
    "pid": 7496,
    "index": 29
  },
  {
    "name": "Require(25) node_modules/egg/app/extend/request.js",
    "start": 1572056699235,
    "end": 1572056699237,
    "duration": 2,
    "pid": 7496,
    "index": 30
  },
  {
    "name": "Load extend/response.js",
    "start": 1572056699243,
    "end": 1572056699258,
    "duration": 15,
    "pid": 7496,
    "index": 31
  },
  {
    "name": "Require(26) node_modules/egg/app/extend/response.js",
    "start": 1572056699249,
    "end": 1572056699251,
    "duration": 2,
    "pid": 7496,
    "index": 32
  },
  {
    "name": "Load extend/context.js",
    "start": 1572056699258,
    "end": 1572056699475,
    "duration": 217,
    "pid": 7496,
    "index": 33
  },
  {
    "name": "Require(27) node_modules/egg-security/app/extend/context.js",
    "start": 1572056699266,
    "end": 1572056699315,
    "duration": 49,
    "pid": 7496,
    "index": 34
  },
  {
    "name": "Require(28) node_modules/egg-jsonp/app/extend/context.js",
    "start": 1572056699316,
    "end": 1572056699321,
    "duration": 5,
    "pid": 7496,
    "index": 35
  },
  {
    "name": "Require(29) node_modules/egg-i18n/app/extend/context.js",
    "start": 1572056699325,
    "end": 1572056699326,
    "duration": 1,
    "pid": 7496,
    "index": 36
  },
  {
    "name": "Require(30) node_modules/egg-multipart/app/extend/context.js",
    "start": 1572056699328,
    "end": 1572056699447,
    "duration": 119,
    "pid": 7496,
    "index": 37
  },
  {
    "name": "Require(31) node_modules/egg-view/app/extend/context.js",
    "start": 1572056699449,
    "end": 1572056699452,
    "duration": 3,
    "pid": 7496,
    "index": 38
  },
  {
    "name": "Require(32) node_modules/egg/app/extend/context.js",
    "start": 1572056699460,
    "end": 1572056699465,
    "duration": 5,
    "pid": 7496,
    "index": 39
  },
  {
    "name": "Load extend/helper.js",
    "start": 1572056699476,
    "end": 1572056699531,
    "duration": 55,
    "pid": 7496,
    "index": 40
  },
  {
    "name": "Require(33) node_modules/egg-security/app/extend/helper.js",
    "start": 1572056699477,
    "end": 1572056699520,
    "duration": 43,
    "pid": 7496,
    "index": 41
  },
  {
    "name": "Require(34) node_modules/egg/app/extend/helper.js",
    "start": 1572056699525,
    "end": 1572056699526,
    "duration": 1,
    "pid": 7496,
    "index": 42
  },
  {
    "name": "Load app.js",
    "start": 1572056699532,
    "end": 1572056699800,
    "duration": 268,
    "pid": 7496,
    "index": 43
  },
  {
    "name": "Require(35) node_modules/egg-session/app.js",
    "start": 1572056699533,
    "end": 1572056699533,
    "duration": 0,
    "pid": 7496,
    "index": 44
  },
  {
    "name": "Require(36) node_modules/egg-security/app.js",
    "start": 1572056699534,
    "end": 1572056699538,
    "duration": 4,
    "pid": 7496,
    "index": 45
  },
  {
    "name": "Require(37) node_modules/egg-onerror/app.js",
    "start": 1572056699540,
    "end": 1572056699589,
    "duration": 49,
    "pid": 7496,
    "index": 46
  },
  {
    "name": "Require(38) node_modules/egg-i18n/app.js",
    "start": 1572056699590,
    "end": 1572056699626,
    "duration": 36,
    "pid": 7496,
    "index": 47
  },
  {
    "name": "Require(39) node_modules/egg-watcher/app.js",
    "start": 1572056699627,
    "end": 1572056699644,
    "duration": 17,
    "pid": 7496,
    "index": 48
  },
  {
    "name": "Require(40) node_modules/egg-schedule/app.js",
    "start": 1572056699646,
    "end": 1572056699667,
    "duration": 21,
    "pid": 7496,
    "index": 49
  },
  {
    "name": "Require(41) node_modules/egg-multipart/app.js",
    "start": 1572056699669,
    "end": 1572056699677,
    "duration": 8,
    "pid": 7496,
    "index": 50
  },
  {
    "name": "Require(42) node_modules/egg-development/app.js",
    "start": 1572056699678,
    "end": 1572056699678,
    "duration": 0,
    "pid": 7496,
    "index": 51
  },
  {
    "name": "Require(43) node_modules/egg-logrotator/app.js",
    "start": 1572056699679,
    "end": 1572056699680,
    "duration": 1,
    "pid": 7496,
    "index": 52
  },
  {
    "name": "Require(44) node_modules/egg-static/app.js",
    "start": 1572056699680,
    "end": 1572056699682,
    "duration": 2,
    "pid": 7496,
    "index": 53
  },
  {
    "name": "Require(45) node_modules/egg-mysql/app.js",
    "start": 1572056699684,
    "end": 1572056699797,
    "duration": 113,
    "pid": 7496,
    "index": 54
  },
  {
    "name": "Before Start in node_modules/egg-watcher/lib/init.js:15:14",
    "start": 1572056699850,
    "end": 1572056701596,
    "duration": 1746,
    "pid": 7496,
    "index": 55
  },
  {
    "name": "Before Start in node_modules/egg-mysql/lib/mysql.js:20:7",
    "start": 1572056700305,
    "end": 1572056701604,
    "duration": 1299,
    "pid": 7496,
    "index": 56
  },
  {
    "name": "Load Service",
    "start": 1572056700306,
    "end": 1572056700411,
    "duration": 105,
    "pid": 7496,
    "index": 57
  },
  {
    "name": "Load \"service\" to Context",
    "start": 1572056700307,
    "end": 1572056700411,
    "duration": 104,
    "pid": 7496,
    "index": 58
  },
  {
    "name": "Load Middleware",
    "start": 1572056700411,
    "end": 1572056701163,
    "duration": 752,
    "pid": 7496,
    "index": 59
  },
  {
    "name": "Load \"middlewares\" to Application",
    "start": 1572056700412,
    "end": 1572056701099,
    "duration": 687,
    "pid": 7496,
    "index": 60
  },
  {
    "name": "Load Controller",
    "start": 1572056701163,
    "end": 1572056701360,
    "duration": 197,
    "pid": 7496,
    "index": 61
  },
  {
    "name": "Load \"controller\" to Application",
    "start": 1572056701164,
    "end": 1572056701360,
    "duration": 196,
    "pid": 7496,
    "index": 62
  },
  {
    "name": "Load Router",
    "start": 1572056701360,
    "end": 1572056701400,
    "duration": 40,
    "pid": 7496,
    "index": 63
  },
  {
    "name": "Require(46) app/router.js",
    "start": 1572056701361,
    "end": 1572056701375,
    "duration": 14,
    "pid": 7496,
    "index": 64
  },
  {
    "name": "Before Start in node_modules/egg-core/lib/egg.js:303:10",
    "start": 1572056701378,
    "end": 1572056701469,
    "duration": 91,
    "pid": 7496,
    "index": 65
  }
]