[
  {
    "name": "Application Start",
    "start": 1572055423357,
    "end": 1572055424416,
    "duration": 1059,
    "pid": 9644,
    "index": 0
  },
  {
    "name": "Load Plugin",
    "start": 1572055423367,
    "end": 1572055423408,
    "duration": 41,
    "pid": 9644,
    "index": 1
  },
  {
    "name": "Load Config",
    "start": 1572055423408,
    "end": 1572055423457,
    "duration": 49,
    "pid": 9644,
    "index": 2
  },
  {
    "name": "Require(0) config/config.default.js",
    "start": 1572055423410,
    "end": 1572055423410,
    "duration": 0,
    "pid": 9644,
    "index": 3
  },
  {
    "name": "Require(1) node_modules/egg-session/config/config.default.js",
    "start": 1572055423413,
    "end": 1572055423413,
    "duration": 0,
    "pid": 9644,
    "index": 4
  },
  {
    "name": "Require(2) node_modules/egg-security/config/config.default.js",
    "start": 1572055423414,
    "end": 1572055423414,
    "duration": 0,
    "pid": 9644,
    "index": 5
  },
  {
    "name": "Require(3) node_modules/egg-jsonp/config/config.default.js",
    "start": 1572055423415,
    "end": 1572055423415,
    "duration": 0,
    "pid": 9644,
    "index": 6
  },
  {
    "name": "Require(4) node_modules/egg-onerror/config/config.default.js",
    "start": 1572055423416,
    "end": 1572055423416,
    "duration": 0,
    "pid": 9644,
    "index": 7
  },
  {
    "name": "Require(5) node_modules/egg-i18n/config/config.default.js",
    "start": 1572055423417,
    "end": 1572055423417,
    "duration": 0,
    "pid": 9644,
    "index": 8
  },
  {
    "name": "Require(6) node_modules/egg-watcher/config/config.default.js",
    "start": 1572055423418,
    "end": 1572055423419,
    "duration": 1,
    "pid": 9644,
    "index": 9
  },
  {
    "name": "Require(7) node_modules/egg-schedule/config/config.default.js",
    "start": 1572055423420,
    "end": 1572055423420,
    "duration": 0,
    "pid": 9644,
    "index": 10
  },
  {
    "name": "Require(8) node_modules/egg-multipart/config/config.default.js",
    "start": 1572055423421,
    "end": 1572055423421,
    "duration": 0,
    "pid": 9644,
    "index": 11
  },
  {
    "name": "Require(9) node_modules/egg-development/config/config.default.js",
    "start": 1572055423422,
    "end": 1572055423423,
    "duration": 1,
    "pid": 9644,
    "index": 12
  },
  {
    "name": "Require(10) node_modules/egg-logrotator/config/config.default.js",
    "start": 1572055423427,
    "end": 1572055423429,
    "duration": 2,
    "pid": 9644,
    "index": 13
  },
  {
    "name": "Require(11) node_modules/egg-static/config/config.default.js",
    "start": 1572055423431,
    "end": 1572055423431,
    "duration": 0,
    "pid": 9644,
    "index": 14
  },
  {
    "name": "Require(12) node_modules/egg-view/config/config.default.js",
    "start": 1572055423432,
    "end": 1572055423433,
    "duration": 1,
    "pid": 9644,
    "index": 15
  },
  {
    "name": "Require(13) node_modules/egg-mysql/config/config.default.js",
    "start": 1572055423434,
    "end": 1572055423435,
    "duration": 1,
    "pid": 9644,
    "index": 16
  },
  {
    "name": "Require(14) node_modules/egg/config/config.default.js",
    "start": 1572055423436,
    "end": 1572055423440,
    "duration": 4,
    "pid": 9644,
    "index": 17
  },
  {
    "name": "Require(15) config/config.default.js",
    "start": 1572055423442,
    "end": 1572055423442,
    "duration": 0,
    "pid": 9644,
    "index": 18
  },
  {
    "name": "Require(16) node_modules/egg-security/config/config.local.js",
    "start": 1572055423444,
    "end": 1572055423444,
    "duration": 0,
    "pid": 9644,
    "index": 19
  },
  {
    "name": "Require(17) node_modules/egg-watcher/config/config.local.js",
    "start": 1572055423446,
    "end": 1572055423446,
    "duration": 0,
    "pid": 9644,
    "index": 20
  },
  {
    "name": "Require(18) node_modules/egg-view/config/config.local.js",
    "start": 1572055423452,
    "end": 1572055423453,
    "duration": 1,
    "pid": 9644,
    "index": 21
  },
  {
    "name": "Require(19) node_modules/egg/config/config.local.js",
    "start": 1572055423454,
    "end": 1572055423455,
    "duration": 1,
    "pid": 9644,
    "index": 22
  },
  {
    "name": "Load extend/application.js",
    "start": 1572055423459,
    "end": 1572055423482,
    "duration": 23,
    "pid": 9644,
    "index": 23
  },
  {
    "name": "Require(20) node_modules/egg-session/app/extend/application.js",
    "start": 1572055423461,
    "end": 1572055423462,
    "duration": 1,
    "pid": 9644,
    "index": 24
  },
  {
    "name": "Require(21) node_modules/egg-security/app/extend/application.js",
    "start": 1572055423462,
    "end": 1572055423465,
    "duration": 3,
    "pid": 9644,
    "index": 25
  },
  {
    "name": "Require(22) node_modules/egg-jsonp/app/extend/application.js",
    "start": 1572055423467,
    "end": 1572055423471,
    "duration": 4,
    "pid": 9644,
    "index": 26
  },
  {
    "name": "Require(23) node_modules/egg-logrotator/app/extend/application.js",
    "start": 1572055423473,
    "end": 1572055423475,
    "duration": 2,
    "pid": 9644,
    "index": 27
  },
  {
    "name": "Require(24) node_modules/egg-view/app/extend/application.js",
    "start": 1572055423476,
    "end": 1572055423478,
    "duration": 2,
    "pid": 9644,
    "index": 28
  },
  {
    "name": "Load extend/request.js",
    "start": 1572055423482,
    "end": 1572055423492,
    "duration": 10,
    "pid": 9644,
    "index": 29
  },
  {
    "name": "Require(25) node_modules/egg/app/extend/request.js",
    "start": 1572055423486,
    "end": 1572055423488,
    "duration": 2,
    "pid": 9644,
    "index": 30
  },
  {
    "name": "Load extend/response.js",
    "start": 1572055423492,
    "end": 1572055423504,
    "duration": 12,
    "pid": 9644,
    "index": 31
  },
  {
    "name": "Require(26) node_modules/egg/app/extend/response.js",
    "start": 1572055423496,
    "end": 1572055423498,
    "duration": 2,
    "pid": 9644,
    "index": 32
  },
  {
    "name": "Load extend/context.js",
    "start": 1572055423504,
    "end": 1572055423645,
    "duration": 141,
    "pid": 9644,
    "index": 33
  },
  {
    "name": "Require(27) node_modules/egg-security/app/extend/context.js",
    "start": 1572055423506,
    "end": 1572055423532,
    "duration": 26,
    "pid": 9644,
    "index": 34
  },
  {
    "name": "Require(28) node_modules/egg-jsonp/app/extend/context.js",
    "start": 1572055423533,
    "end": 1572055423539,
    "duration": 6,
    "pid": 9644,
    "index": 35
  },
  {
    "name": "Require(29) node_modules/egg-i18n/app/extend/context.js",
    "start": 1572055423541,
    "end": 1572055423542,
    "duration": 1,
    "pid": 9644,
    "index": 36
  },
  {
    "name": "Require(30) node_modules/egg-multipart/app/extend/context.js",
    "start": 1572055423544,
    "end": 1572055423628,
    "duration": 84,
    "pid": 9644,
    "index": 37
  },
  {
    "name": "Require(31) node_modules/egg-view/app/extend/context.js",
    "start": 1572055423629,
    "end": 1572055423631,
    "duration": 2,
    "pid": 9644,
    "index": 38
  },
  {
    "name": "Require(32) node_modules/egg/app/extend/context.js",
    "start": 1572055423633,
    "end": 1572055423640,
    "duration": 7,
    "pid": 9644,
    "index": 39
  },
  {
    "name": "Load extend/helper.js",
    "start": 1572055423645,
    "end": 1572055423686,
    "duration": 41,
    "pid": 9644,
    "index": 40
  },
  {
    "name": "Require(33) node_modules/egg-security/app/extend/helper.js",
    "start": 1572055423646,
    "end": 1572055423678,
    "duration": 32,
    "pid": 9644,
    "index": 41
  },
  {
    "name": "Require(34) node_modules/egg/app/extend/helper.js",
    "start": 1572055423681,
    "end": 1572055423682,
    "duration": 1,
    "pid": 9644,
    "index": 42
  },
  {
    "name": "Load app.js",
    "start": 1572055423686,
    "end": 1572055423823,
    "duration": 137,
    "pid": 9644,
    "index": 43
  },
  {
    "name": "Require(35) node_modules/egg-session/app.js",
    "start": 1572055423687,
    "end": 1572055423687,
    "duration": 0,
    "pid": 9644,
    "index": 44
  },
  {
    "name": "Require(36) node_modules/egg-security/app.js",
    "start": 1572055423688,
    "end": 1572055423691,
    "duration": 3,
    "pid": 9644,
    "index": 45
  },
  {
    "name": "Require(37) node_modules/egg-onerror/app.js",
    "start": 1572055423692,
    "end": 1572055423725,
    "duration": 33,
    "pid": 9644,
    "index": 46
  },
  {
    "name": "Require(38) node_modules/egg-i18n/app.js",
    "start": 1572055423726,
    "end": 1572055423757,
    "duration": 31,
    "pid": 9644,
    "index": 47
  },
  {
    "name": "Require(39) node_modules/egg-watcher/app.js",
    "start": 1572055423757,
    "end": 1572055423763,
    "duration": 6,
    "pid": 9644,
    "index": 48
  },
  {
    "name": "Require(40) node_modules/egg-schedule/app.js",
    "start": 1572055423764,
    "end": 1572055423766,
    "duration": 2,
    "pid": 9644,
    "index": 49
  },
  {
    "name": "Require(41) node_modules/egg-multipart/app.js",
    "start": 1572055423766,
    "end": 1572055423770,
    "duration": 4,
    "pid": 9644,
    "index": 50
  },
  {
    "name": "Require(42) node_modules/egg-development/app.js",
    "start": 1572055423771,
    "end": 1572055423771,
    "duration": 0,
    "pid": 9644,
    "index": 51
  },
  {
    "name": "Require(43) node_modules/egg-logrotator/app.js",
    "start": 1572055423772,
    "end": 1572055423772,
    "duration": 0,
    "pid": 9644,
    "index": 52
  },
  {
    "name": "Require(44) node_modules/egg-static/app.js",
    "start": 1572055423773,
    "end": 1572055423773,
    "duration": 0,
    "pid": 9644,
    "index": 53
  },
  {
    "name": "Require(45) node_modules/egg-mysql/app.js",
    "start": 1572055423774,
    "end": 1572055423820,
    "duration": 46,
    "pid": 9644,
    "index": 54
  },
  {
    "name": "Before Start in node_modules/egg-watcher/lib/init.js:15:14",
    "start": 1572055423845,
    "end": 1572055424409,
    "duration": 564,
    "pid": 9644,
    "index": 55
  },
  {
    "name": "Before Start in node_modules/egg-mysql/lib/mysql.js:20:7",
    "start": 1572055424054,
    "end": 1572055424415,
    "duration": 361,
    "pid": 9644,
    "index": 56
  },
  {
    "name": "Load Service",
    "start": 1572055424054,
    "end": 1572055424073,
    "duration": 19,
    "pid": 9644,
    "index": 57
  },
  {
    "name": "Load \"service\" to Context",
    "start": 1572055424054,
    "end": 1572055424073,
    "duration": 19,
    "pid": 9644,
    "index": 58
  },
  {
    "name": "Load Middleware",
    "start": 1572055424074,
    "end": 1572055424275,
    "duration": 201,
    "pid": 9644,
    "index": 59
  },
  {
    "name": "Load \"middlewares\" to Application",
    "start": 1572055424078,
    "end": 1572055424241,
    "duration": 163,
    "pid": 9644,
    "index": 60
  },
  {
    "name": "Load Controller",
    "start": 1572055424275,
    "end": 1572055424336,
    "duration": 61,
    "pid": 9644,
    "index": 61
  },
  {
    "name": "Load \"controller\" to Application",
    "start": 1572055424275,
    "end": 1572055424336,
    "duration": 61,
    "pid": 9644,
    "index": 62
  },
  {
    "name": "Load Router",
    "start": 1572055424337,
    "end": 1572055424339,
    "duration": 2,
    "pid": 9644,
    "index": 63
  },
  {
    "name": "Require(46) app/router.js",
    "start": 1572055424337,
    "end": 1572055424338,
    "duration": 1,
    "pid": 9644,
    "index": 64
  },
  {
    "name": "Before Start in node_modules/egg-core/lib/egg.js:303:10",
    "start": 1572055424338,
    "end": 1572055424381,
    "duration": 43,
    "pid": 9644,
    "index": 65
  }
]