[
  {
    "name": "Application Start",
    "start": 1572053139924,
    "end": 1572053141053,
    "duration": 1129,
    "pid": 12660,
    "index": 0
  },
  {
    "name": "Load Plugin",
    "start": 1572053139935,
    "end": 1572053139966,
    "duration": 31,
    "pid": 12660,
    "index": 1
  },
  {
    "name": "Load Config",
    "start": 1572053139967,
    "end": 1572053140027,
    "duration": 60,
    "pid": 12660,
    "index": 2
  },
  {
    "name": "Require(0) config/config.default.js",
    "start": 1572053139968,
    "end": 1572053139968,
    "duration": 0,
    "pid": 12660,
    "index": 3
  },
  {
    "name": "Require(1) node_modules/egg-session/config/config.default.js",
    "start": 1572053139970,
    "end": 1572053139970,
    "duration": 0,
    "pid": 12660,
    "index": 4
  },
  {
    "name": "Require(2) node_modules/egg-security/config/config.default.js",
    "start": 1572053139971,
    "end": 1572053139972,
    "duration": 1,
    "pid": 12660,
    "index": 5
  },
  {
    "name": "Require(3) node_modules/egg-jsonp/config/config.default.js",
    "start": 1572053139973,
    "end": 1572053139973,
    "duration": 0,
    "pid": 12660,
    "index": 6
  },
  {
    "name": "Require(4) node_modules/egg-onerror/config/config.default.js",
    "start": 1572053139974,
    "end": 1572053139974,
    "duration": 0,
    "pid": 12660,
    "index": 7
  },
  {
    "name": "Require(5) node_modules/egg-i18n/config/config.default.js",
    "start": 1572053139975,
    "end": 1572053139975,
    "duration": 0,
    "pid": 12660,
    "index": 8
  },
  {
    "name": "Require(6) node_modules/egg-watcher/config/config.default.js",
    "start": 1572053139977,
    "end": 1572053139977,
    "duration": 0,
    "pid": 12660,
    "index": 9
  },
  {
    "name": "Require(7) node_modules/egg-schedule/config/config.default.js",
    "start": 1572053139978,
    "end": 1572053139979,
    "duration": 1,
    "pid": 12660,
    "index": 10
  },
  {
    "name": "Require(8) node_modules/egg-multipart/config/config.default.js",
    "start": 1572053139984,
    "end": 1572053139985,
    "duration": 1,
    "pid": 12660,
    "index": 11
  },
  {
    "name": "Require(9) node_modules/egg-development/config/config.default.js",
    "start": 1572053139989,
    "end": 1572053139989,
    "duration": 0,
    "pid": 12660,
    "index": 12
  },
  {
    "name": "Require(10) node_modules/egg-logrotator/config/config.default.js",
    "start": 1572053139996,
    "end": 1572053140009,
    "duration": 13,
    "pid": 12660,
    "index": 13
  },
  {
    "name": "Require(11) node_modules/egg-static/config/config.default.js",
    "start": 1572053140012,
    "end": 1572053140013,
    "duration": 1,
    "pid": 12660,
    "index": 14
  },
  {
    "name": "Require(12) node_modules/egg-view/config/config.default.js",
    "start": 1572053140015,
    "end": 1572053140015,
    "duration": 0,
    "pid": 12660,
    "index": 15
  },
  {
    "name": "Require(13) node_modules/egg-mysql/config/config.default.js",
    "start": 1572053140016,
    "end": 1572053140017,
    "duration": 1,
    "pid": 12660,
    "index": 16
  },
  {
    "name": "Require(14) node_modules/egg/config/config.default.js",
    "start": 1572053140017,
    "end": 1572053140018,
    "duration": 1,
    "pid": 12660,
    "index": 17
  },
  {
    "name": "Require(15) config/config.default.js",
    "start": 1572053140020,
    "end": 1572053140020,
    "duration": 0,
    "pid": 12660,
    "index": 18
  },
  {
    "name": "Require(16) node_modules/egg-security/config/config.local.js",
    "start": 1572053140021,
    "end": 1572053140021,
    "duration": 0,
    "pid": 12660,
    "index": 19
  },
  {
    "name": "Require(17) node_modules/egg-watcher/config/config.local.js",
    "start": 1572053140022,
    "end": 1572053140023,
    "duration": 1,
    "pid": 12660,
    "index": 20
  },
  {
    "name": "Require(18) node_modules/egg-view/config/config.local.js",
    "start": 1572053140025,
    "end": 1572053140025,
    "duration": 0,
    "pid": 12660,
    "index": 21
  },
  {
    "name": "Require(19) node_modules/egg/config/config.local.js",
    "start": 1572053140026,
    "end": 1572053140027,
    "duration": 1,
    "pid": 12660,
    "index": 22
  },
  {
    "name": "Load extend/application.js",
    "start": 1572053140030,
    "end": 1572053140049,
    "duration": 19,
    "pid": 12660,
    "index": 23
  },
  {
    "name": "Require(20) node_modules/egg-session/app/extend/application.js",
    "start": 1572053140031,
    "end": 1572053140031,
    "duration": 0,
    "pid": 12660,
    "index": 24
  },
  {
    "name": "Require(21) node_modules/egg-security/app/extend/application.js",
    "start": 1572053140032,
    "end": 1572053140033,
    "duration": 1,
    "pid": 12660,
    "index": 25
  },
  {
    "name": "Require(22) node_modules/egg-jsonp/app/extend/application.js",
    "start": 1572053140034,
    "end": 1572053140036,
    "duration": 2,
    "pid": 12660,
    "index": 26
  },
  {
    "name": "Require(23) node_modules/egg-logrotator/app/extend/application.js",
    "start": 1572053140038,
    "end": 1572053140041,
    "duration": 3,
    "pid": 12660,
    "index": 27
  },
  {
    "name": "Require(24) node_modules/egg-view/app/extend/application.js",
    "start": 1572053140042,
    "end": 1572053140045,
    "duration": 3,
    "pid": 12660,
    "index": 28
  },
  {
    "name": "Load extend/request.js",
    "start": 1572053140049,
    "end": 1572053140059,
    "duration": 10,
    "pid": 12660,
    "index": 29
  },
  {
    "name": "Require(25) node_modules/egg/app/extend/request.js",
    "start": 1572053140053,
    "end": 1572053140055,
    "duration": 2,
    "pid": 12660,
    "index": 30
  },
  {
    "name": "Load extend/response.js",
    "start": 1572053140059,
    "end": 1572053140072,
    "duration": 13,
    "pid": 12660,
    "index": 31
  },
  {
    "name": "Require(26) node_modules/egg/app/extend/response.js",
    "start": 1572053140062,
    "end": 1572053140065,
    "duration": 3,
    "pid": 12660,
    "index": 32
  },
  {
    "name": "Load extend/context.js",
    "start": 1572053140072,
    "end": 1572053140224,
    "duration": 152,
    "pid": 12660,
    "index": 33
  },
  {
    "name": "Require(27) node_modules/egg-security/app/extend/context.js",
    "start": 1572053140074,
    "end": 1572053140102,
    "duration": 28,
    "pid": 12660,
    "index": 34
  },
  {
    "name": "Require(28) node_modules/egg-jsonp/app/extend/context.js",
    "start": 1572053140104,
    "end": 1572053140108,
    "duration": 4,
    "pid": 12660,
    "index": 35
  },
  {
    "name": "Require(29) node_modules/egg-i18n/app/extend/context.js",
    "start": 1572053140113,
    "end": 1572053140113,
    "duration": 0,
    "pid": 12660,
    "index": 36
  },
  {
    "name": "Require(30) node_modules/egg-multipart/app/extend/context.js",
    "start": 1572053140114,
    "end": 1572053140213,
    "duration": 99,
    "pid": 12660,
    "index": 37
  },
  {
    "name": "Require(31) node_modules/egg-view/app/extend/context.js",
    "start": 1572053140214,
    "end": 1572053140216,
    "duration": 2,
    "pid": 12660,
    "index": 38
  },
  {
    "name": "Require(32) node_modules/egg/app/extend/context.js",
    "start": 1572053140216,
    "end": 1572053140220,
    "duration": 4,
    "pid": 12660,
    "index": 39
  },
  {
    "name": "Load extend/helper.js",
    "start": 1572053140224,
    "end": 1572053140262,
    "duration": 38,
    "pid": 12660,
    "index": 40
  },
  {
    "name": "Require(33) node_modules/egg-security/app/extend/helper.js",
    "start": 1572053140225,
    "end": 1572053140251,
    "duration": 26,
    "pid": 12660,
    "index": 41
  },
  {
    "name": "Require(34) node_modules/egg/app/extend/helper.js",
    "start": 1572053140257,
    "end": 1572053140257,
    "duration": 0,
    "pid": 12660,
    "index": 42
  },
  {
    "name": "Load app.js",
    "start": 1572053140263,
    "end": 1572053140408,
    "duration": 145,
    "pid": 12660,
    "index": 43
  },
  {
    "name": "Require(35) node_modules/egg-session/app.js",
    "start": 1572053140264,
    "end": 1572053140270,
    "duration": 6,
    "pid": 12660,
    "index": 44
  },
  {
    "name": "Require(36) node_modules/egg-security/app.js",
    "start": 1572053140271,
    "end": 1572053140297,
    "duration": 26,
    "pid": 12660,
    "index": 45
  },
  {
    "name": "Require(37) node_modules/egg-onerror/app.js",
    "start": 1572053140298,
    "end": 1572053140314,
    "duration": 16,
    "pid": 12660,
    "index": 46
  },
  {
    "name": "Require(38) node_modules/egg-i18n/app.js",
    "start": 1572053140315,
    "end": 1572053140340,
    "duration": 25,
    "pid": 12660,
    "index": 47
  },
  {
    "name": "Require(39) node_modules/egg-watcher/app.js",
    "start": 1572053140341,
    "end": 1572053140350,
    "duration": 9,
    "pid": 12660,
    "index": 48
  },
  {
    "name": "Require(40) node_modules/egg-schedule/app.js",
    "start": 1572053140351,
    "end": 1572053140354,
    "duration": 3,
    "pid": 12660,
    "index": 49
  },
  {
    "name": "Require(41) node_modules/egg-multipart/app.js",
    "start": 1572053140355,
    "end": 1572053140371,
    "duration": 16,
    "pid": 12660,
    "index": 50
  },
  {
    "name": "Require(42) node_modules/egg-development/app.js",
    "start": 1572053140372,
    "end": 1572053140373,
    "duration": 1,
    "pid": 12660,
    "index": 51
  },
  {
    "name": "Require(43) node_modules/egg-logrotator/app.js",
    "start": 1572053140373,
    "end": 1572053140374,
    "duration": 1,
    "pid": 12660,
    "index": 52
  },
  {
    "name": "Require(44) node_modules/egg-static/app.js",
    "start": 1572053140374,
    "end": 1572053140375,
    "duration": 1,
    "pid": 12660,
    "index": 53
  },
  {
    "name": "Require(45) node_modules/egg-mysql/app.js",
    "start": 1572053140378,
    "end": 1572053140406,
    "duration": 28,
    "pid": 12660,
    "index": 54
  },
  {
    "name": "Before Start in node_modules/egg-watcher/lib/init.js:15:14",
    "start": 1572053140426,
    "end": 1572053141046,
    "duration": 620,
    "pid": 12660,
    "index": 55
  },
  {
    "name": "Before Start in node_modules/egg-mysql/lib/mysql.js:20:7",
    "start": 1572053140704,
    "end": 1572053141053,
    "duration": 349,
    "pid": 12660,
    "index": 56
  },
  {
    "name": "Load Service",
    "start": 1572053140705,
    "end": 1572053140738,
    "duration": 33,
    "pid": 12660,
    "index": 57
  },
  {
    "name": "Load \"service\" to Context",
    "start": 1572053140705,
    "end": 1572053140738,
    "duration": 33,
    "pid": 12660,
    "index": 58
  },
  {
    "name": "Load Middleware",
    "start": 1572053140739,
    "end": 1572053140946,
    "duration": 207,
    "pid": 12660,
    "index": 59
  },
  {
    "name": "Load \"middlewares\" to Application",
    "start": 1572053140739,
    "end": 1572053140925,
    "duration": 186,
    "pid": 12660,
    "index": 60
  },
  {
    "name": "Load Controller",
    "start": 1572053140946,
    "end": 1572053141006,
    "duration": 60,
    "pid": 12660,
    "index": 61
  },
  {
    "name": "Load \"controller\" to Application",
    "start": 1572053140946,
    "end": 1572053141006,
    "duration": 60,
    "pid": 12660,
    "index": 62
  },
  {
    "name": "Load Router",
    "start": 1572053141006,
    "end": 1572053141013,
    "duration": 7,
    "pid": 12660,
    "index": 63
  },
  {
    "name": "Require(46) app/router.js",
    "start": 1572053141008,
    "end": 1572053141010,
    "duration": 2,
    "pid": 12660,
    "index": 64
  },
  {
    "name": "Before Start in node_modules/egg-core/lib/egg.js:303:10",
    "start": 1572053141011,
    "end": 1572053141032,
    "duration": 21,
    "pid": 12660,
    "index": 65
  }
]