[
  {
    "name": "Application Start",
    "start": 1572055661295,
    "end": 1572055662793,
    "duration": 1498,
    "pid": 8396,
    "index": 0
  },
  {
    "name": "Load Plugin",
    "start": 1572055661303,
    "end": 1572055661353,
    "duration": 50,
    "pid": 8396,
    "index": 1
  },
  {
    "name": "Load Config",
    "start": 1572055661353,
    "end": 1572055661392,
    "duration": 39,
    "pid": 8396,
    "index": 2
  },
  {
    "name": "Require(0) config/config.default.js",
    "start": 1572055661355,
    "end": 1572055661355,
    "duration": 0,
    "pid": 8396,
    "index": 3
  },
  {
    "name": "Require(1) node_modules/egg-session/config/config.default.js",
    "start": 1572055661359,
    "end": 1572055661360,
    "duration": 1,
    "pid": 8396,
    "index": 4
  },
  {
    "name": "Require(2) node_modules/egg-security/config/config.default.js",
    "start": 1572055661362,
    "end": 1572055661363,
    "duration": 1,
    "pid": 8396,
    "index": 5
  },
  {
    "name": "Require(3) node_modules/egg-jsonp/config/config.default.js",
    "start": 1572055661365,
    "end": 1572055661365,
    "duration": 0,
    "pid": 8396,
    "index": 6
  },
  {
    "name": "Require(4) node_modules/egg-onerror/config/config.default.js",
    "start": 1572055661366,
    "end": 1572055661366,
    "duration": 0,
    "pid": 8396,
    "index": 7
  },
  {
    "name": "Require(5) node_modules/egg-i18n/config/config.default.js",
    "start": 1572055661367,
    "end": 1572055661367,
    "duration": 0,
    "pid": 8396,
    "index": 8
  },
  {
    "name": "Require(6) node_modules/egg-watcher/config/config.default.js",
    "start": 1572055661368,
    "end": 1572055661369,
    "duration": 1,
    "pid": 8396,
    "index": 9
  },
  {
    "name": "Require(7) node_modules/egg-schedule/config/config.default.js",
    "start": 1572055661369,
    "end": 1572055661370,
    "duration": 1,
    "pid": 8396,
    "index": 10
  },
  {
    "name": "Require(8) node_modules/egg-multipart/config/config.default.js",
    "start": 1572055661371,
    "end": 1572055661371,
    "duration": 0,
    "pid": 8396,
    "index": 11
  },
  {
    "name": "Require(9) node_modules/egg-development/config/config.default.js",
    "start": 1572055661373,
    "end": 1572055661373,
    "duration": 0,
    "pid": 8396,
    "index": 12
  },
  {
    "name": "Require(10) node_modules/egg-logrotator/config/config.default.js",
    "start": 1572055661374,
    "end": 1572055661377,
    "duration": 3,
    "pid": 8396,
    "index": 13
  },
  {
    "name": "Require(11) node_modules/egg-static/config/config.default.js",
    "start": 1572055661377,
    "end": 1572055661378,
    "duration": 1,
    "pid": 8396,
    "index": 14
  },
  {
    "name": "Require(12) node_modules/egg-view/config/config.default.js",
    "start": 1572055661379,
    "end": 1572055661379,
    "duration": 0,
    "pid": 8396,
    "index": 15
  },
  {
    "name": "Require(13) node_modules/egg-mysql/config/config.default.js",
    "start": 1572055661381,
    "end": 1572055661381,
    "duration": 0,
    "pid": 8396,
    "index": 16
  },
  {
    "name": "Require(14) node_modules/egg/config/config.default.js",
    "start": 1572055661382,
    "end": 1572055661382,
    "duration": 0,
    "pid": 8396,
    "index": 17
  },
  {
    "name": "Require(15) config/config.default.js",
    "start": 1572055661384,
    "end": 1572055661384,
    "duration": 0,
    "pid": 8396,
    "index": 18
  },
  {
    "name": "Require(16) node_modules/egg-security/config/config.local.js",
    "start": 1572055661386,
    "end": 1572055661386,
    "duration": 0,
    "pid": 8396,
    "index": 19
  },
  {
    "name": "Require(17) node_modules/egg-watcher/config/config.local.js",
    "start": 1572055661388,
    "end": 1572055661388,
    "duration": 0,
    "pid": 8396,
    "index": 20
  },
  {
    "name": "Require(18) node_modules/egg-view/config/config.local.js",
    "start": 1572055661390,
    "end": 1572055661391,
    "duration": 1,
    "pid": 8396,
    "index": 21
  },
  {
    "name": "Require(19) node_modules/egg/config/config.local.js",
    "start": 1572055661392,
    "end": 1572055661392,
    "duration": 0,
    "pid": 8396,
    "index": 22
  },
  {
    "name": "Load extend/application.js",
    "start": 1572055661394,
    "end": 1572055661418,
    "duration": 24,
    "pid": 8396,
    "index": 23
  },
  {
    "name": "Require(20) node_modules/egg-session/app/extend/application.js",
    "start": 1572055661395,
    "end": 1572055661396,
    "duration": 1,
    "pid": 8396,
    "index": 24
  },
  {
    "name": "Require(21) node_modules/egg-security/app/extend/application.js",
    "start": 1572055661396,
    "end": 1572055661398,
    "duration": 2,
    "pid": 8396,
    "index": 25
  },
  {
    "name": "Require(22) node_modules/egg-jsonp/app/extend/application.js",
    "start": 1572055661399,
    "end": 1572055661401,
    "duration": 2,
    "pid": 8396,
    "index": 26
  },
  {
    "name": "Require(23) node_modules/egg-logrotator/app/extend/application.js",
    "start": 1572055661404,
    "end": 1572055661407,
    "duration": 3,
    "pid": 8396,
    "index": 27
  },
  {
    "name": "Require(24) node_modules/egg-view/app/extend/application.js",
    "start": 1572055661408,
    "end": 1572055661411,
    "duration": 3,
    "pid": 8396,
    "index": 28
  },
  {
    "name": "Load extend/request.js",
    "start": 1572055661418,
    "end": 1572055661457,
    "duration": 39,
    "pid": 8396,
    "index": 29
  },
  {
    "name": "Require(25) node_modules/egg/app/extend/request.js",
    "start": 1572055661451,
    "end": 1572055661453,
    "duration": 2,
    "pid": 8396,
    "index": 30
  },
  {
    "name": "Load extend/response.js",
    "start": 1572055661457,
    "end": 1572055661470,
    "duration": 13,
    "pid": 8396,
    "index": 31
  },
  {
    "name": "Require(26) node_modules/egg/app/extend/response.js",
    "start": 1572055661462,
    "end": 1572055661464,
    "duration": 2,
    "pid": 8396,
    "index": 32
  },
  {
    "name": "Load extend/context.js",
    "start": 1572055661471,
    "end": 1572055661638,
    "duration": 167,
    "pid": 8396,
    "index": 33
  },
  {
    "name": "Require(27) node_modules/egg-security/app/extend/context.js",
    "start": 1572055661472,
    "end": 1572055661495,
    "duration": 23,
    "pid": 8396,
    "index": 34
  },
  {
    "name": "Require(28) node_modules/egg-jsonp/app/extend/context.js",
    "start": 1572055661496,
    "end": 1572055661498,
    "duration": 2,
    "pid": 8396,
    "index": 35
  },
  {
    "name": "Require(29) node_modules/egg-i18n/app/extend/context.js",
    "start": 1572055661499,
    "end": 1572055661500,
    "duration": 1,
    "pid": 8396,
    "index": 36
  },
  {
    "name": "Require(30) node_modules/egg-multipart/app/extend/context.js",
    "start": 1572055661501,
    "end": 1572055661602,
    "duration": 101,
    "pid": 8396,
    "index": 37
  },
  {
    "name": "Require(31) node_modules/egg-view/app/extend/context.js",
    "start": 1572055661605,
    "end": 1572055661608,
    "duration": 3,
    "pid": 8396,
    "index": 38
  },
  {
    "name": "Require(32) node_modules/egg/app/extend/context.js",
    "start": 1572055661613,
    "end": 1572055661632,
    "duration": 19,
    "pid": 8396,
    "index": 39
  },
  {
    "name": "Load extend/helper.js",
    "start": 1572055661638,
    "end": 1572055661677,
    "duration": 39,
    "pid": 8396,
    "index": 40
  },
  {
    "name": "Require(33) node_modules/egg-security/app/extend/helper.js",
    "start": 1572055661639,
    "end": 1572055661667,
    "duration": 28,
    "pid": 8396,
    "index": 41
  },
  {
    "name": "Require(34) node_modules/egg/app/extend/helper.js",
    "start": 1572055661672,
    "end": 1572055661673,
    "duration": 1,
    "pid": 8396,
    "index": 42
  },
  {
    "name": "Load app.js",
    "start": 1572055661677,
    "end": 1572055661860,
    "duration": 183,
    "pid": 8396,
    "index": 43
  },
  {
    "name": "Require(35) node_modules/egg-session/app.js",
    "start": 1572055661678,
    "end": 1572055661678,
    "duration": 0,
    "pid": 8396,
    "index": 44
  },
  {
    "name": "Require(36) node_modules/egg-security/app.js",
    "start": 1572055661679,
    "end": 1572055661682,
    "duration": 3,
    "pid": 8396,
    "index": 45
  },
  {
    "name": "Require(37) node_modules/egg-onerror/app.js",
    "start": 1572055661683,
    "end": 1572055661749,
    "duration": 66,
    "pid": 8396,
    "index": 46
  },
  {
    "name": "Require(38) node_modules/egg-i18n/app.js",
    "start": 1572055661750,
    "end": 1572055661786,
    "duration": 36,
    "pid": 8396,
    "index": 47
  },
  {
    "name": "Require(39) node_modules/egg-watcher/app.js",
    "start": 1572055661787,
    "end": 1572055661800,
    "duration": 13,
    "pid": 8396,
    "index": 48
  },
  {
    "name": "Require(40) node_modules/egg-schedule/app.js",
    "start": 1572055661801,
    "end": 1572055661809,
    "duration": 8,
    "pid": 8396,
    "index": 49
  },
  {
    "name": "Require(41) node_modules/egg-multipart/app.js",
    "start": 1572055661810,
    "end": 1572055661816,
    "duration": 6,
    "pid": 8396,
    "index": 50
  },
  {
    "name": "Require(42) node_modules/egg-development/app.js",
    "start": 1572055661817,
    "end": 1572055661817,
    "duration": 0,
    "pid": 8396,
    "index": 51
  },
  {
    "name": "Require(43) node_modules/egg-logrotator/app.js",
    "start": 1572055661818,
    "end": 1572055661818,
    "duration": 0,
    "pid": 8396,
    "index": 52
  },
  {
    "name": "Require(44) node_modules/egg-static/app.js",
    "start": 1572055661819,
    "end": 1572055661822,
    "duration": 3,
    "pid": 8396,
    "index": 53
  },
  {
    "name": "Require(45) node_modules/egg-mysql/app.js",
    "start": 1572055661824,
    "end": 1572055661858,
    "duration": 34,
    "pid": 8396,
    "index": 54
  },
  {
    "name": "Before Start in node_modules/egg-watcher/lib/init.js:15:14",
    "start": 1572055661897,
    "end": 1572055662779,
    "duration": 882,
    "pid": 8396,
    "index": 55
  },
  {
    "name": "Before Start in node_modules/egg-mysql/lib/mysql.js:20:7",
    "start": 1572055662198,
    "end": 1572055662793,
    "duration": 595,
    "pid": 8396,
    "index": 56
  },
  {
    "name": "Load Service",
    "start": 1572055662199,
    "end": 1572055662213,
    "duration": 14,
    "pid": 8396,
    "index": 57
  },
  {
    "name": "Load \"service\" to Context",
    "start": 1572055662199,
    "end": 1572055662213,
    "duration": 14,
    "pid": 8396,
    "index": 58
  },
  {
    "name": "Load Middleware",
    "start": 1572055662213,
    "end": 1572055662567,
    "duration": 354,
    "pid": 8396,
    "index": 59
  },
  {
    "name": "Load \"middlewares\" to Application",
    "start": 1572055662213,
    "end": 1572055662516,
    "duration": 303,
    "pid": 8396,
    "index": 60
  },
  {
    "name": "Load Controller",
    "start": 1572055662567,
    "end": 1572055662679,
    "duration": 112,
    "pid": 8396,
    "index": 61
  },
  {
    "name": "Load \"controller\" to Application",
    "start": 1572055662567,
    "end": 1572055662679,
    "duration": 112,
    "pid": 8396,
    "index": 62
  },
  {
    "name": "Load Router",
    "start": 1572055662679,
    "end": 1572055662682,
    "duration": 3,
    "pid": 8396,
    "index": 63
  },
  {
    "name": "Require(46) app/router.js",
    "start": 1572055662679,
    "end": 1572055662680,
    "duration": 1,
    "pid": 8396,
    "index": 64
  },
  {
    "name": "Before Start in node_modules/egg-core/lib/egg.js:303:10",
    "start": 1572055662680,
    "end": 1572055662745,
    "duration": 65,
    "pid": 8396,
    "index": 65
  }
]