[
  {
    "name": "Application Start",
    "start": 1572056186239,
    "end": 1572056187462,
    "duration": 1223,
    "pid": 5208,
    "index": 0
  },
  {
    "name": "Load Plugin",
    "start": 1572056186252,
    "end": 1572056186297,
    "duration": 45,
    "pid": 5208,
    "index": 1
  },
  {
    "name": "Load Config",
    "start": 1572056186297,
    "end": 1572056186391,
    "duration": 94,
    "pid": 5208,
    "index": 2
  },
  {
    "name": "Require(0) config/config.default.js",
    "start": 1572056186299,
    "end": 1572056186299,
    "duration": 0,
    "pid": 5208,
    "index": 3
  },
  {
    "name": "Require(1) node_modules/egg-session/config/config.default.js",
    "start": 1572056186302,
    "end": 1572056186303,
    "duration": 1,
    "pid": 5208,
    "index": 4
  },
  {
    "name": "Require(2) node_modules/egg-security/config/config.default.js",
    "start": 1572056186304,
    "end": 1572056186305,
    "duration": 1,
    "pid": 5208,
    "index": 5
  },
  {
    "name": "Require(3) node_modules/egg-jsonp/config/config.default.js",
    "start": 1572056186311,
    "end": 1572056186312,
    "duration": 1,
    "pid": 5208,
    "index": 6
  },
  {
    "name": "Require(4) node_modules/egg-onerror/config/config.default.js",
    "start": 1572056186313,
    "end": 1572056186315,
    "duration": 2,
    "pid": 5208,
    "index": 7
  },
  {
    "name": "Require(5) node_modules/egg-i18n/config/config.default.js",
    "start": 1572056186316,
    "end": 1572056186316,
    "duration": 0,
    "pid": 5208,
    "index": 8
  },
  {
    "name": "Require(6) node_modules/egg-watcher/config/config.default.js",
    "start": 1572056186338,
    "end": 1572056186339,
    "duration": 1,
    "pid": 5208,
    "index": 9
  },
  {
    "name": "Require(7) node_modules/egg-schedule/config/config.default.js",
    "start": 1572056186340,
    "end": 1572056186341,
    "duration": 1,
    "pid": 5208,
    "index": 10
  },
  {
    "name": "Require(8) node_modules/egg-multipart/config/config.default.js",
    "start": 1572056186343,
    "end": 1572056186343,
    "duration": 0,
    "pid": 5208,
    "index": 11
  },
  {
    "name": "Require(9) node_modules/egg-development/config/config.default.js",
    "start": 1572056186346,
    "end": 1572056186347,
    "duration": 1,
    "pid": 5208,
    "index": 12
  },
  {
    "name": "Require(10) node_modules/egg-logrotator/config/config.default.js",
    "start": 1572056186349,
    "end": 1572056186353,
    "duration": 4,
    "pid": 5208,
    "index": 13
  },
  {
    "name": "Require(11) node_modules/egg-static/config/config.default.js",
    "start": 1572056186354,
    "end": 1572056186355,
    "duration": 1,
    "pid": 5208,
    "index": 14
  },
  {
    "name": "Require(12) node_modules/egg-view/config/config.default.js",
    "start": 1572056186356,
    "end": 1572056186357,
    "duration": 1,
    "pid": 5208,
    "index": 15
  },
  {
    "name": "Require(13) node_modules/egg-mysql/config/config.default.js",
    "start": 1572056186358,
    "end": 1572056186358,
    "duration": 0,
    "pid": 5208,
    "index": 16
  },
  {
    "name": "Require(14) node_modules/egg/config/config.default.js",
    "start": 1572056186359,
    "end": 1572056186360,
    "duration": 1,
    "pid": 5208,
    "index": 17
  },
  {
    "name": "Require(15) config/config.default.js",
    "start": 1572056186365,
    "end": 1572056186365,
    "duration": 0,
    "pid": 5208,
    "index": 18
  },
  {
    "name": "Require(16) node_modules/egg-security/config/config.local.js",
    "start": 1572056186372,
    "end": 1572056186373,
    "duration": 1,
    "pid": 5208,
    "index": 19
  },
  {
    "name": "Require(17) node_modules/egg-watcher/config/config.local.js",
    "start": 1572056186376,
    "end": 1572056186377,
    "duration": 1,
    "pid": 5208,
    "index": 20
  },
  {
    "name": "Require(18) node_modules/egg-view/config/config.local.js",
    "start": 1572056186380,
    "end": 1572056186381,
    "duration": 1,
    "pid": 5208,
    "index": 21
  },
  {
    "name": "Require(19) node_modules/egg/config/config.local.js",
    "start": 1572056186386,
    "end": 1572056186388,
    "duration": 2,
    "pid": 5208,
    "index": 22
  },
  {
    "name": "Load extend/application.js",
    "start": 1572056186394,
    "end": 1572056186442,
    "duration": 48,
    "pid": 5208,
    "index": 23
  },
  {
    "name": "Require(20) node_modules/egg-session/app/extend/application.js",
    "start": 1572056186395,
    "end": 1572056186396,
    "duration": 1,
    "pid": 5208,
    "index": 24
  },
  {
    "name": "Require(21) node_modules/egg-security/app/extend/application.js",
    "start": 1572056186398,
    "end": 1572056186402,
    "duration": 4,
    "pid": 5208,
    "index": 25
  },
  {
    "name": "Require(22) node_modules/egg-jsonp/app/extend/application.js",
    "start": 1572056186406,
    "end": 1572056186413,
    "duration": 7,
    "pid": 5208,
    "index": 26
  },
  {
    "name": "Require(23) node_modules/egg-logrotator/app/extend/application.js",
    "start": 1572056186416,
    "end": 1572056186424,
    "duration": 8,
    "pid": 5208,
    "index": 27
  },
  {
    "name": "Require(24) node_modules/egg-view/app/extend/application.js",
    "start": 1572056186427,
    "end": 1572056186433,
    "duration": 6,
    "pid": 5208,
    "index": 28
  },
  {
    "name": "Load extend/request.js",
    "start": 1572056186442,
    "end": 1572056186456,
    "duration": 14,
    "pid": 5208,
    "index": 29
  },
  {
    "name": "Require(25) node_modules/egg/app/extend/request.js",
    "start": 1572056186447,
    "end": 1572056186451,
    "duration": 4,
    "pid": 5208,
    "index": 30
  },
  {
    "name": "Load extend/response.js",
    "start": 1572056186456,
    "end": 1572056186471,
    "duration": 15,
    "pid": 5208,
    "index": 31
  },
  {
    "name": "Require(26) node_modules/egg/app/extend/response.js",
    "start": 1572056186461,
    "end": 1572056186464,
    "duration": 3,
    "pid": 5208,
    "index": 32
  },
  {
    "name": "Load extend/context.js",
    "start": 1572056186471,
    "end": 1572056186641,
    "duration": 170,
    "pid": 5208,
    "index": 33
  },
  {
    "name": "Require(27) node_modules/egg-security/app/extend/context.js",
    "start": 1572056186472,
    "end": 1572056186517,
    "duration": 45,
    "pid": 5208,
    "index": 34
  },
  {
    "name": "Require(28) node_modules/egg-jsonp/app/extend/context.js",
    "start": 1572056186518,
    "end": 1572056186524,
    "duration": 6,
    "pid": 5208,
    "index": 35
  },
  {
    "name": "Require(29) node_modules/egg-i18n/app/extend/context.js",
    "start": 1572056186525,
    "end": 1572056186526,
    "duration": 1,
    "pid": 5208,
    "index": 36
  },
  {
    "name": "Require(30) node_modules/egg-multipart/app/extend/context.js",
    "start": 1572056186527,
    "end": 1572056186630,
    "duration": 103,
    "pid": 5208,
    "index": 37
  },
  {
    "name": "Require(31) node_modules/egg-view/app/extend/context.js",
    "start": 1572056186631,
    "end": 1572056186633,
    "duration": 2,
    "pid": 5208,
    "index": 38
  },
  {
    "name": "Require(32) node_modules/egg/app/extend/context.js",
    "start": 1572056186633,
    "end": 1572056186636,
    "duration": 3,
    "pid": 5208,
    "index": 39
  },
  {
    "name": "Load extend/helper.js",
    "start": 1572056186642,
    "end": 1572056186702,
    "duration": 60,
    "pid": 5208,
    "index": 40
  },
  {
    "name": "Require(33) node_modules/egg-security/app/extend/helper.js",
    "start": 1572056186642,
    "end": 1572056186692,
    "duration": 50,
    "pid": 5208,
    "index": 41
  },
  {
    "name": "Require(34) node_modules/egg/app/extend/helper.js",
    "start": 1572056186696,
    "end": 1572056186697,
    "duration": 1,
    "pid": 5208,
    "index": 42
  },
  {
    "name": "Load app.js",
    "start": 1572056186702,
    "end": 1572056186845,
    "duration": 143,
    "pid": 5208,
    "index": 43
  },
  {
    "name": "Require(35) node_modules/egg-session/app.js",
    "start": 1572056186703,
    "end": 1572056186703,
    "duration": 0,
    "pid": 5208,
    "index": 44
  },
  {
    "name": "Require(36) node_modules/egg-security/app.js",
    "start": 1572056186704,
    "end": 1572056186707,
    "duration": 3,
    "pid": 5208,
    "index": 45
  },
  {
    "name": "Require(37) node_modules/egg-onerror/app.js",
    "start": 1572056186708,
    "end": 1572056186727,
    "duration": 19,
    "pid": 5208,
    "index": 46
  },
  {
    "name": "Require(38) node_modules/egg-i18n/app.js",
    "start": 1572056186728,
    "end": 1572056186790,
    "duration": 62,
    "pid": 5208,
    "index": 47
  },
  {
    "name": "Require(39) node_modules/egg-watcher/app.js",
    "start": 1572056186791,
    "end": 1572056186797,
    "duration": 6,
    "pid": 5208,
    "index": 48
  },
  {
    "name": "Require(40) node_modules/egg-schedule/app.js",
    "start": 1572056186798,
    "end": 1572056186801,
    "duration": 3,
    "pid": 5208,
    "index": 49
  },
  {
    "name": "Require(41) node_modules/egg-multipart/app.js",
    "start": 1572056186802,
    "end": 1572056186806,
    "duration": 4,
    "pid": 5208,
    "index": 50
  },
  {
    "name": "Require(42) node_modules/egg-development/app.js",
    "start": 1572056186807,
    "end": 1572056186807,
    "duration": 0,
    "pid": 5208,
    "index": 51
  },
  {
    "name": "Require(43) node_modules/egg-logrotator/app.js",
    "start": 1572056186808,
    "end": 1572056186808,
    "duration": 0,
    "pid": 5208,
    "index": 52
  },
  {
    "name": "Require(44) node_modules/egg-static/app.js",
    "start": 1572056186808,
    "end": 1572056186809,
    "duration": 1,
    "pid": 5208,
    "index": 53
  },
  {
    "name": "Require(45) node_modules/egg-mysql/app.js",
    "start": 1572056186810,
    "end": 1572056186842,
    "duration": 32,
    "pid": 5208,
    "index": 54
  },
  {
    "name": "Before Start in node_modules/egg-watcher/lib/init.js:15:14",
    "start": 1572056186889,
    "end": 1572056187455,
    "duration": 566,
    "pid": 5208,
    "index": 55
  },
  {
    "name": "Before Start in node_modules/egg-mysql/lib/mysql.js:20:7",
    "start": 1572056187094,
    "end": 1572056187461,
    "duration": 367,
    "pid": 5208,
    "index": 56
  },
  {
    "name": "Load Service",
    "start": 1572056187094,
    "end": 1572056187107,
    "duration": 13,
    "pid": 5208,
    "index": 57
  },
  {
    "name": "Load \"service\" to Context",
    "start": 1572056187095,
    "end": 1572056187107,
    "duration": 12,
    "pid": 5208,
    "index": 58
  },
  {
    "name": "Load Middleware",
    "start": 1572056187107,
    "end": 1572056187306,
    "duration": 199,
    "pid": 5208,
    "index": 59
  },
  {
    "name": "Load \"middlewares\" to Application",
    "start": 1572056187107,
    "end": 1572056187288,
    "duration": 181,
    "pid": 5208,
    "index": 60
  },
  {
    "name": "Load Controller",
    "start": 1572056187306,
    "end": 1572056187374,
    "duration": 68,
    "pid": 5208,
    "index": 61
  },
  {
    "name": "Load \"controller\" to Application",
    "start": 1572056187306,
    "end": 1572056187374,
    "duration": 68,
    "pid": 5208,
    "index": 62
  },
  {
    "name": "Load Router",
    "start": 1572056187374,
    "end": 1572056187377,
    "duration": 3,
    "pid": 5208,
    "index": 63
  },
  {
    "name": "Require(46) app/router.js",
    "start": 1572056187374,
    "end": 1572056187375,
    "duration": 1,
    "pid": 5208,
    "index": 64
  },
  {
    "name": "Before Start in node_modules/egg-core/lib/egg.js:303:10",
    "start": 1572056187375,
    "end": 1572056187423,
    "duration": 48,
    "pid": 5208,
    "index": 65
  }
]