[
  {
    "name": "Application Start",
    "start": 1572056000425,
    "end": 1572056001635,
    "duration": 1210,
    "pid": 3168,
    "index": 0
  },
  {
    "name": "Load Plugin",
    "start": 1572056000433,
    "end": 1572056000467,
    "duration": 34,
    "pid": 3168,
    "index": 1
  },
  {
    "name": "Load Config",
    "start": 1572056000468,
    "end": 1572056000516,
    "duration": 48,
    "pid": 3168,
    "index": 2
  },
  {
    "name": "Require(0) config/config.default.js",
    "start": 1572056000469,
    "end": 1572056000469,
    "duration": 0,
    "pid": 3168,
    "index": 3
  },
  {
    "name": "Require(1) node_modules/egg-session/config/config.default.js",
    "start": 1572056000473,
    "end": 1572056000473,
    "duration": 0,
    "pid": 3168,
    "index": 4
  },
  {
    "name": "Require(2) node_modules/egg-security/config/config.default.js",
    "start": 1572056000474,
    "end": 1572056000475,
    "duration": 1,
    "pid": 3168,
    "index": 5
  },
  {
    "name": "Require(3) node_modules/egg-jsonp/config/config.default.js",
    "start": 1572056000477,
    "end": 1572056000478,
    "duration": 1,
    "pid": 3168,
    "index": 6
  },
  {
    "name": "Require(4) node_modules/egg-onerror/config/config.default.js",
    "start": 1572056000486,
    "end": 1572056000486,
    "duration": 0,
    "pid": 3168,
    "index": 7
  },
  {
    "name": "Require(5) node_modules/egg-i18n/config/config.default.js",
    "start": 1572056000488,
    "end": 1572056000488,
    "duration": 0,
    "pid": 3168,
    "index": 8
  },
  {
    "name": "Require(6) node_modules/egg-watcher/config/config.default.js",
    "start": 1572056000490,
    "end": 1572056000490,
    "duration": 0,
    "pid": 3168,
    "index": 9
  },
  {
    "name": "Require(7) node_modules/egg-schedule/config/config.default.js",
    "start": 1572056000492,
    "end": 1572056000492,
    "duration": 0,
    "pid": 3168,
    "index": 10
  },
  {
    "name": "Require(8) node_modules/egg-multipart/config/config.default.js",
    "start": 1572056000493,
    "end": 1572056000494,
    "duration": 1,
    "pid": 3168,
    "index": 11
  },
  {
    "name": "Require(9) node_modules/egg-development/config/config.default.js",
    "start": 1572056000495,
    "end": 1572056000495,
    "duration": 0,
    "pid": 3168,
    "index": 12
  },
  {
    "name": "Require(10) node_modules/egg-logrotator/config/config.default.js",
    "start": 1572056000497,
    "end": 1572056000500,
    "duration": 3,
    "pid": 3168,
    "index": 13
  },
  {
    "name": "Require(11) node_modules/egg-static/config/config.default.js",
    "start": 1572056000502,
    "end": 1572056000502,
    "duration": 0,
    "pid": 3168,
    "index": 14
  },
  {
    "name": "Require(12) node_modules/egg-view/config/config.default.js",
    "start": 1572056000503,
    "end": 1572056000503,
    "duration": 0,
    "pid": 3168,
    "index": 15
  },
  {
    "name": "Require(13) node_modules/egg-mysql/config/config.default.js",
    "start": 1572056000505,
    "end": 1572056000505,
    "duration": 0,
    "pid": 3168,
    "index": 16
  },
  {
    "name": "Require(14) node_modules/egg/config/config.default.js",
    "start": 1572056000506,
    "end": 1572056000507,
    "duration": 1,
    "pid": 3168,
    "index": 17
  },
  {
    "name": "Require(15) config/config.default.js",
    "start": 1572056000508,
    "end": 1572056000508,
    "duration": 0,
    "pid": 3168,
    "index": 18
  },
  {
    "name": "Require(16) node_modules/egg-security/config/config.local.js",
    "start": 1572056000509,
    "end": 1572056000509,
    "duration": 0,
    "pid": 3168,
    "index": 19
  },
  {
    "name": "Require(17) node_modules/egg-watcher/config/config.local.js",
    "start": 1572056000511,
    "end": 1572056000511,
    "duration": 0,
    "pid": 3168,
    "index": 20
  },
  {
    "name": "Require(18) node_modules/egg-view/config/config.local.js",
    "start": 1572056000514,
    "end": 1572056000514,
    "duration": 0,
    "pid": 3168,
    "index": 21
  },
  {
    "name": "Require(19) node_modules/egg/config/config.local.js",
    "start": 1572056000515,
    "end": 1572056000516,
    "duration": 1,
    "pid": 3168,
    "index": 22
  },
  {
    "name": "Load extend/application.js",
    "start": 1572056000517,
    "end": 1572056000536,
    "duration": 19,
    "pid": 3168,
    "index": 23
  },
  {
    "name": "Require(20) node_modules/egg-session/app/extend/application.js",
    "start": 1572056000518,
    "end": 1572056000519,
    "duration": 1,
    "pid": 3168,
    "index": 24
  },
  {
    "name": "Require(21) node_modules/egg-security/app/extend/application.js",
    "start": 1572056000519,
    "end": 1572056000521,
    "duration": 2,
    "pid": 3168,
    "index": 25
  },
  {
    "name": "Require(22) node_modules/egg-jsonp/app/extend/application.js",
    "start": 1572056000522,
    "end": 1572056000524,
    "duration": 2,
    "pid": 3168,
    "index": 26
  },
  {
    "name": "Require(23) node_modules/egg-logrotator/app/extend/application.js",
    "start": 1572056000526,
    "end": 1572056000529,
    "duration": 3,
    "pid": 3168,
    "index": 27
  },
  {
    "name": "Require(24) node_modules/egg-view/app/extend/application.js",
    "start": 1572056000529,
    "end": 1572056000532,
    "duration": 3,
    "pid": 3168,
    "index": 28
  },
  {
    "name": "Load extend/request.js",
    "start": 1572056000536,
    "end": 1572056000545,
    "duration": 9,
    "pid": 3168,
    "index": 29
  },
  {
    "name": "Require(25) node_modules/egg/app/extend/request.js",
    "start": 1572056000540,
    "end": 1572056000542,
    "duration": 2,
    "pid": 3168,
    "index": 30
  },
  {
    "name": "Load extend/response.js",
    "start": 1572056000545,
    "end": 1572056000596,
    "duration": 51,
    "pid": 3168,
    "index": 31
  },
  {
    "name": "Require(26) node_modules/egg/app/extend/response.js",
    "start": 1572056000549,
    "end": 1572056000556,
    "duration": 7,
    "pid": 3168,
    "index": 32
  },
  {
    "name": "Load extend/context.js",
    "start": 1572056000596,
    "end": 1572056000720,
    "duration": 124,
    "pid": 3168,
    "index": 33
  },
  {
    "name": "Require(27) node_modules/egg-security/app/extend/context.js",
    "start": 1572056000597,
    "end": 1572056000615,
    "duration": 18,
    "pid": 3168,
    "index": 34
  },
  {
    "name": "Require(28) node_modules/egg-jsonp/app/extend/context.js",
    "start": 1572056000616,
    "end": 1572056000618,
    "duration": 2,
    "pid": 3168,
    "index": 35
  },
  {
    "name": "Require(29) node_modules/egg-i18n/app/extend/context.js",
    "start": 1572056000619,
    "end": 1572056000619,
    "duration": 0,
    "pid": 3168,
    "index": 36
  },
  {
    "name": "Require(30) node_modules/egg-multipart/app/extend/context.js",
    "start": 1572056000620,
    "end": 1572056000710,
    "duration": 90,
    "pid": 3168,
    "index": 37
  },
  {
    "name": "Require(31) node_modules/egg-view/app/extend/context.js",
    "start": 1572056000711,
    "end": 1572056000713,
    "duration": 2,
    "pid": 3168,
    "index": 38
  },
  {
    "name": "Require(32) node_modules/egg/app/extend/context.js",
    "start": 1572056000713,
    "end": 1572056000716,
    "duration": 3,
    "pid": 3168,
    "index": 39
  },
  {
    "name": "Load extend/helper.js",
    "start": 1572056000720,
    "end": 1572056000781,
    "duration": 61,
    "pid": 3168,
    "index": 40
  },
  {
    "name": "Require(33) node_modules/egg-security/app/extend/helper.js",
    "start": 1572056000721,
    "end": 1572056000774,
    "duration": 53,
    "pid": 3168,
    "index": 41
  },
  {
    "name": "Require(34) node_modules/egg/app/extend/helper.js",
    "start": 1572056000777,
    "end": 1572056000777,
    "duration": 0,
    "pid": 3168,
    "index": 42
  },
  {
    "name": "Load app.js",
    "start": 1572056000781,
    "end": 1572056000916,
    "duration": 135,
    "pid": 3168,
    "index": 43
  },
  {
    "name": "Require(35) node_modules/egg-session/app.js",
    "start": 1572056000782,
    "end": 1572056000782,
    "duration": 0,
    "pid": 3168,
    "index": 44
  },
  {
    "name": "Require(36) node_modules/egg-security/app.js",
    "start": 1572056000783,
    "end": 1572056000786,
    "duration": 3,
    "pid": 3168,
    "index": 45
  },
  {
    "name": "Require(37) node_modules/egg-onerror/app.js",
    "start": 1572056000787,
    "end": 1572056000802,
    "duration": 15,
    "pid": 3168,
    "index": 46
  },
  {
    "name": "Require(38) node_modules/egg-i18n/app.js",
    "start": 1572056000803,
    "end": 1572056000833,
    "duration": 30,
    "pid": 3168,
    "index": 47
  },
  {
    "name": "Require(39) node_modules/egg-watcher/app.js",
    "start": 1572056000834,
    "end": 1572056000849,
    "duration": 15,
    "pid": 3168,
    "index": 48
  },
  {
    "name": "Require(40) node_modules/egg-schedule/app.js",
    "start": 1572056000850,
    "end": 1572056000855,
    "duration": 5,
    "pid": 3168,
    "index": 49
  },
  {
    "name": "Require(41) node_modules/egg-multipart/app.js",
    "start": 1572056000856,
    "end": 1572056000863,
    "duration": 7,
    "pid": 3168,
    "index": 50
  },
  {
    "name": "Require(42) node_modules/egg-development/app.js",
    "start": 1572056000866,
    "end": 1572056000866,
    "duration": 0,
    "pid": 3168,
    "index": 51
  },
  {
    "name": "Require(43) node_modules/egg-logrotator/app.js",
    "start": 1572056000867,
    "end": 1572056000868,
    "duration": 1,
    "pid": 3168,
    "index": 52
  },
  {
    "name": "Require(44) node_modules/egg-static/app.js",
    "start": 1572056000869,
    "end": 1572056000870,
    "duration": 1,
    "pid": 3168,
    "index": 53
  },
  {
    "name": "Require(45) node_modules/egg-mysql/app.js",
    "start": 1572056000871,
    "end": 1572056000912,
    "duration": 41,
    "pid": 3168,
    "index": 54
  },
  {
    "name": "Before Start in node_modules/egg-watcher/lib/init.js:15:14",
    "start": 1572056000961,
    "end": 1572056001630,
    "duration": 669,
    "pid": 3168,
    "index": 55
  },
  {
    "name": "Before Start in node_modules/egg-mysql/lib/mysql.js:20:7",
    "start": 1572056001260,
    "end": 1572056001635,
    "duration": 375,
    "pid": 3168,
    "index": 56
  },
  {
    "name": "Load Service",
    "start": 1572056001260,
    "end": 1572056001272,
    "duration": 12,
    "pid": 3168,
    "index": 57
  },
  {
    "name": "Load \"service\" to Context",
    "start": 1572056001260,
    "end": 1572056001272,
    "duration": 12,
    "pid": 3168,
    "index": 58
  },
  {
    "name": "Load Middleware",
    "start": 1572056001272,
    "end": 1572056001520,
    "duration": 248,
    "pid": 3168,
    "index": 59
  },
  {
    "name": "Load \"middlewares\" to Application",
    "start": 1572056001272,
    "end": 1572056001505,
    "duration": 233,
    "pid": 3168,
    "index": 60
  },
  {
    "name": "Load Controller",
    "start": 1572056001520,
    "end": 1572056001579,
    "duration": 59,
    "pid": 3168,
    "index": 61
  },
  {
    "name": "Load \"controller\" to Application",
    "start": 1572056001520,
    "end": 1572056001579,
    "duration": 59,
    "pid": 3168,
    "index": 62
  },
  {
    "name": "Load Router",
    "start": 1572056001579,
    "end": 1572056001586,
    "duration": 7,
    "pid": 3168,
    "index": 63
  },
  {
    "name": "Require(46) app/router.js",
    "start": 1572056001582,
    "end": 1572056001583,
    "duration": 1,
    "pid": 3168,
    "index": 64
  },
  {
    "name": "Before Start in node_modules/egg-core/lib/egg.js:303:10",
    "start": 1572056001584,
    "end": 1572056001613,
    "duration": 29,
    "pid": 3168,
    "index": 65
  }
]