[
  {
    "name": "Application Start",
    "start": 1572052990604,
    "end": 1572052991630,
    "duration": 1026,
    "pid": 10156,
    "index": 0
  },
  {
    "name": "Load Plugin",
    "start": 1572052990611,
    "end": 1572052990656,
    "duration": 45,
    "pid": 10156,
    "index": 1
  },
  {
    "name": "Load Config",
    "start": 1572052990656,
    "end": 1572052990709,
    "duration": 53,
    "pid": 10156,
    "index": 2
  },
  {
    "name": "Require(0) config/config.default.js",
    "start": 1572052990659,
    "end": 1572052990660,
    "duration": 1,
    "pid": 10156,
    "index": 3
  },
  {
    "name": "Require(1) node_modules/egg-session/config/config.default.js",
    "start": 1572052990676,
    "end": 1572052990676,
    "duration": 0,
    "pid": 10156,
    "index": 4
  },
  {
    "name": "Require(2) node_modules/egg-security/config/config.default.js",
    "start": 1572052990678,
    "end": 1572052990678,
    "duration": 0,
    "pid": 10156,
    "index": 5
  },
  {
    "name": "Require(3) node_modules/egg-jsonp/config/config.default.js",
    "start": 1572052990681,
    "end": 1572052990682,
    "duration": 1,
    "pid": 10156,
    "index": 6
  },
  {
    "name": "Require(4) node_modules/egg-onerror/config/config.default.js",
    "start": 1572052990683,
    "end": 1572052990684,
    "duration": 1,
    "pid": 10156,
    "index": 7
  },
  {
    "name": "Require(5) node_modules/egg-i18n/config/config.default.js",
    "start": 1572052990685,
    "end": 1572052990685,
    "duration": 0,
    "pid": 10156,
    "index": 8
  },
  {
    "name": "Require(6) node_modules/egg-watcher/config/config.default.js",
    "start": 1572052990687,
    "end": 1572052990688,
    "duration": 1,
    "pid": 10156,
    "index": 9
  },
  {
    "name": "Require(7) node_modules/egg-schedule/config/config.default.js",
    "start": 1572052990689,
    "end": 1572052990689,
    "duration": 0,
    "pid": 10156,
    "index": 10
  },
  {
    "name": "Require(8) node_modules/egg-multipart/config/config.default.js",
    "start": 1572052990690,
    "end": 1572052990691,
    "duration": 1,
    "pid": 10156,
    "index": 11
  },
  {
    "name": "Require(9) node_modules/egg-development/config/config.default.js",
    "start": 1572052990692,
    "end": 1572052990692,
    "duration": 0,
    "pid": 10156,
    "index": 12
  },
  {
    "name": "Require(10) node_modules/egg-logrotator/config/config.default.js",
    "start": 1572052990693,
    "end": 1572052990695,
    "duration": 2,
    "pid": 10156,
    "index": 13
  },
  {
    "name": "Require(11) node_modules/egg-static/config/config.default.js",
    "start": 1572052990696,
    "end": 1572052990697,
    "duration": 1,
    "pid": 10156,
    "index": 14
  },
  {
    "name": "Require(12) node_modules/egg-view/config/config.default.js",
    "start": 1572052990698,
    "end": 1572052990698,
    "duration": 0,
    "pid": 10156,
    "index": 15
  },
  {
    "name": "Require(13) node_modules/egg-mysql/config/config.default.js",
    "start": 1572052990699,
    "end": 1572052990699,
    "duration": 0,
    "pid": 10156,
    "index": 16
  },
  {
    "name": "Require(14) node_modules/egg/config/config.default.js",
    "start": 1572052990700,
    "end": 1572052990700,
    "duration": 0,
    "pid": 10156,
    "index": 17
  },
  {
    "name": "Require(15) config/config.default.js",
    "start": 1572052990702,
    "end": 1572052990702,
    "duration": 0,
    "pid": 10156,
    "index": 18
  },
  {
    "name": "Require(16) node_modules/egg-security/config/config.local.js",
    "start": 1572052990703,
    "end": 1572052990703,
    "duration": 0,
    "pid": 10156,
    "index": 19
  },
  {
    "name": "Require(17) node_modules/egg-watcher/config/config.local.js",
    "start": 1572052990705,
    "end": 1572052990705,
    "duration": 0,
    "pid": 10156,
    "index": 20
  },
  {
    "name": "Require(18) node_modules/egg-view/config/config.local.js",
    "start": 1572052990707,
    "end": 1572052990707,
    "duration": 0,
    "pid": 10156,
    "index": 21
  },
  {
    "name": "Require(19) node_modules/egg/config/config.local.js",
    "start": 1572052990708,
    "end": 1572052990709,
    "duration": 1,
    "pid": 10156,
    "index": 22
  },
  {
    "name": "Load extend/application.js",
    "start": 1572052990711,
    "end": 1572052990732,
    "duration": 21,
    "pid": 10156,
    "index": 23
  },
  {
    "name": "Require(20) node_modules/egg-session/app/extend/application.js",
    "start": 1572052990712,
    "end": 1572052990713,
    "duration": 1,
    "pid": 10156,
    "index": 24
  },
  {
    "name": "Require(21) node_modules/egg-security/app/extend/application.js",
    "start": 1572052990713,
    "end": 1572052990715,
    "duration": 2,
    "pid": 10156,
    "index": 25
  },
  {
    "name": "Require(22) node_modules/egg-jsonp/app/extend/application.js",
    "start": 1572052990716,
    "end": 1572052990720,
    "duration": 4,
    "pid": 10156,
    "index": 26
  },
  {
    "name": "Require(23) node_modules/egg-logrotator/app/extend/application.js",
    "start": 1572052990722,
    "end": 1572052990724,
    "duration": 2,
    "pid": 10156,
    "index": 27
  },
  {
    "name": "Require(24) node_modules/egg-view/app/extend/application.js",
    "start": 1572052990725,
    "end": 1572052990727,
    "duration": 2,
    "pid": 10156,
    "index": 28
  },
  {
    "name": "Load extend/request.js",
    "start": 1572052990732,
    "end": 1572052990748,
    "duration": 16,
    "pid": 10156,
    "index": 29
  },
  {
    "name": "Require(25) node_modules/egg/app/extend/request.js",
    "start": 1572052990739,
    "end": 1572052990742,
    "duration": 3,
    "pid": 10156,
    "index": 30
  },
  {
    "name": "Load extend/response.js",
    "start": 1572052990748,
    "end": 1572052990790,
    "duration": 42,
    "pid": 10156,
    "index": 31
  },
  {
    "name": "Require(26) node_modules/egg/app/extend/response.js",
    "start": 1572052990757,
    "end": 1572052990764,
    "duration": 7,
    "pid": 10156,
    "index": 32
  },
  {
    "name": "Load extend/context.js",
    "start": 1572052990790,
    "end": 1572052990910,
    "duration": 120,
    "pid": 10156,
    "index": 33
  },
  {
    "name": "Require(27) node_modules/egg-security/app/extend/context.js",
    "start": 1572052990792,
    "end": 1572052990810,
    "duration": 18,
    "pid": 10156,
    "index": 34
  },
  {
    "name": "Require(28) node_modules/egg-jsonp/app/extend/context.js",
    "start": 1572052990811,
    "end": 1572052990813,
    "duration": 2,
    "pid": 10156,
    "index": 35
  },
  {
    "name": "Require(29) node_modules/egg-i18n/app/extend/context.js",
    "start": 1572052990814,
    "end": 1572052990815,
    "duration": 1,
    "pid": 10156,
    "index": 36
  },
  {
    "name": "Require(30) node_modules/egg-multipart/app/extend/context.js",
    "start": 1572052990816,
    "end": 1572052990900,
    "duration": 84,
    "pid": 10156,
    "index": 37
  },
  {
    "name": "Require(31) node_modules/egg-view/app/extend/context.js",
    "start": 1572052990901,
    "end": 1572052990902,
    "duration": 1,
    "pid": 10156,
    "index": 38
  },
  {
    "name": "Require(32) node_modules/egg/app/extend/context.js",
    "start": 1572052990903,
    "end": 1572052990906,
    "duration": 3,
    "pid": 10156,
    "index": 39
  },
  {
    "name": "Load extend/helper.js",
    "start": 1572052990910,
    "end": 1572052990968,
    "duration": 58,
    "pid": 10156,
    "index": 40
  },
  {
    "name": "Require(33) node_modules/egg-security/app/extend/helper.js",
    "start": 1572052990911,
    "end": 1572052990956,
    "duration": 45,
    "pid": 10156,
    "index": 41
  },
  {
    "name": "Require(34) node_modules/egg/app/extend/helper.js",
    "start": 1572052990962,
    "end": 1572052990963,
    "duration": 1,
    "pid": 10156,
    "index": 42
  },
  {
    "name": "Load app.js",
    "start": 1572052990968,
    "end": 1572052991090,
    "duration": 122,
    "pid": 10156,
    "index": 43
  },
  {
    "name": "Require(35) node_modules/egg-session/app.js",
    "start": 1572052990969,
    "end": 1572052990969,
    "duration": 0,
    "pid": 10156,
    "index": 44
  },
  {
    "name": "Require(36) node_modules/egg-security/app.js",
    "start": 1572052990970,
    "end": 1572052990972,
    "duration": 2,
    "pid": 10156,
    "index": 45
  },
  {
    "name": "Require(37) node_modules/egg-onerror/app.js",
    "start": 1572052990974,
    "end": 1572052990991,
    "duration": 17,
    "pid": 10156,
    "index": 46
  },
  {
    "name": "Require(38) node_modules/egg-i18n/app.js",
    "start": 1572052990991,
    "end": 1572052991032,
    "duration": 41,
    "pid": 10156,
    "index": 47
  },
  {
    "name": "Require(39) node_modules/egg-watcher/app.js",
    "start": 1572052991033,
    "end": 1572052991044,
    "duration": 11,
    "pid": 10156,
    "index": 48
  },
  {
    "name": "Require(40) node_modules/egg-schedule/app.js",
    "start": 1572052991045,
    "end": 1572052991050,
    "duration": 5,
    "pid": 10156,
    "index": 49
  },
  {
    "name": "Require(41) node_modules/egg-multipart/app.js",
    "start": 1572052991050,
    "end": 1572052991054,
    "duration": 4,
    "pid": 10156,
    "index": 50
  },
  {
    "name": "Require(42) node_modules/egg-development/app.js",
    "start": 1572052991055,
    "end": 1572052991055,
    "duration": 0,
    "pid": 10156,
    "index": 51
  },
  {
    "name": "Require(43) node_modules/egg-logrotator/app.js",
    "start": 1572052991055,
    "end": 1572052991056,
    "duration": 1,
    "pid": 10156,
    "index": 52
  },
  {
    "name": "Require(44) node_modules/egg-static/app.js",
    "start": 1572052991056,
    "end": 1572052991057,
    "duration": 1,
    "pid": 10156,
    "index": 53
  },
  {
    "name": "Require(45) node_modules/egg-mysql/app.js",
    "start": 1572052991058,
    "end": 1572052991088,
    "duration": 30,
    "pid": 10156,
    "index": 54
  },
  {
    "name": "Before Start in node_modules/egg-watcher/lib/init.js:15:14",
    "start": 1572052991109,
    "end": 1572052991620,
    "duration": 511,
    "pid": 10156,
    "index": 55
  },
  {
    "name": "Before Start in node_modules/egg-mysql/lib/mysql.js:20:7",
    "start": 1572052991328,
    "end": 1572052991629,
    "duration": 301,
    "pid": 10156,
    "index": 56
  },
  {
    "name": "Load Service",
    "start": 1572052991328,
    "end": 1572052991342,
    "duration": 14,
    "pid": 10156,
    "index": 57
  },
  {
    "name": "Load \"service\" to Context",
    "start": 1572052991328,
    "end": 1572052991342,
    "duration": 14,
    "pid": 10156,
    "index": 58
  },
  {
    "name": "Load Middleware",
    "start": 1572052991342,
    "end": 1572052991517,
    "duration": 175,
    "pid": 10156,
    "index": 59
  },
  {
    "name": "Load \"middlewares\" to Application",
    "start": 1572052991342,
    "end": 1572052991501,
    "duration": 159,
    "pid": 10156,
    "index": 60
  },
  {
    "name": "Load Controller",
    "start": 1572052991517,
    "end": 1572052991566,
    "duration": 49,
    "pid": 10156,
    "index": 61
  },
  {
    "name": "Load \"controller\" to Application",
    "start": 1572052991517,
    "end": 1572052991566,
    "duration": 49,
    "pid": 10156,
    "index": 62
  },
  {
    "name": "Load Router",
    "start": 1572052991566,
    "end": 1572052991575,
    "duration": 9,
    "pid": 10156,
    "index": 63
  },
  {
    "name": "Require(46) app/router.js",
    "start": 1572052991567,
    "end": 1572052991572,
    "duration": 5,
    "pid": 10156,
    "index": 64
  },
  {
    "name": "Before Start in node_modules/egg-core/lib/egg.js:303:10",
    "start": 1572052991573,
    "end": 1572052991606,
    "duration": 33,
    "pid": 10156,
    "index": 65
  }
]