[
  {
    "name": "Application Start",
    "start": 1572053197380,
    "end": 1572053198566,
    "duration": 1186,
    "pid": 12832,
    "index": 0
  },
  {
    "name": "Load Plugin",
    "start": 1572053197386,
    "end": 1572053197452,
    "duration": 66,
    "pid": 12832,
    "index": 1
  },
  {
    "name": "Load Config",
    "start": 1572053197452,
    "end": 1572053197504,
    "duration": 52,
    "pid": 12832,
    "index": 2
  },
  {
    "name": "Require(0) config/config.default.js",
    "start": 1572053197454,
    "end": 1572053197455,
    "duration": 1,
    "pid": 12832,
    "index": 3
  },
  {
    "name": "Require(1) node_modules/egg-session/config/config.default.js",
    "start": 1572053197462,
    "end": 1572053197462,
    "duration": 0,
    "pid": 12832,
    "index": 4
  },
  {
    "name": "Require(2) node_modules/egg-security/config/config.default.js",
    "start": 1572053197463,
    "end": 1572053197464,
    "duration": 1,
    "pid": 12832,
    "index": 5
  },
  {
    "name": "Require(3) node_modules/egg-jsonp/config/config.default.js",
    "start": 1572053197466,
    "end": 1572053197466,
    "duration": 0,
    "pid": 12832,
    "index": 6
  },
  {
    "name": "Require(4) node_modules/egg-onerror/config/config.default.js",
    "start": 1572053197467,
    "end": 1572053197468,
    "duration": 1,
    "pid": 12832,
    "index": 7
  },
  {
    "name": "Require(5) node_modules/egg-i18n/config/config.default.js",
    "start": 1572053197469,
    "end": 1572053197469,
    "duration": 0,
    "pid": 12832,
    "index": 8
  },
  {
    "name": "Require(6) node_modules/egg-watcher/config/config.default.js",
    "start": 1572053197471,
    "end": 1572053197471,
    "duration": 0,
    "pid": 12832,
    "index": 9
  },
  {
    "name": "Require(7) node_modules/egg-schedule/config/config.default.js",
    "start": 1572053197473,
    "end": 1572053197473,
    "duration": 0,
    "pid": 12832,
    "index": 10
  },
  {
    "name": "Require(8) node_modules/egg-multipart/config/config.default.js",
    "start": 1572053197475,
    "end": 1572053197475,
    "duration": 0,
    "pid": 12832,
    "index": 11
  },
  {
    "name": "Require(9) node_modules/egg-development/config/config.default.js",
    "start": 1572053197476,
    "end": 1572053197477,
    "duration": 1,
    "pid": 12832,
    "index": 12
  },
  {
    "name": "Require(10) node_modules/egg-logrotator/config/config.default.js",
    "start": 1572053197478,
    "end": 1572053197482,
    "duration": 4,
    "pid": 12832,
    "index": 13
  },
  {
    "name": "Require(11) node_modules/egg-static/config/config.default.js",
    "start": 1572053197483,
    "end": 1572053197484,
    "duration": 1,
    "pid": 12832,
    "index": 14
  },
  {
    "name": "Require(12) node_modules/egg-view/config/config.default.js",
    "start": 1572053197485,
    "end": 1572053197486,
    "duration": 1,
    "pid": 12832,
    "index": 15
  },
  {
    "name": "Require(13) node_modules/egg-mysql/config/config.default.js",
    "start": 1572053197487,
    "end": 1572053197488,
    "duration": 1,
    "pid": 12832,
    "index": 16
  },
  {
    "name": "Require(14) node_modules/egg/config/config.default.js",
    "start": 1572053197489,
    "end": 1572053197490,
    "duration": 1,
    "pid": 12832,
    "index": 17
  },
  {
    "name": "Require(15) config/config.default.js",
    "start": 1572053197492,
    "end": 1572053197492,
    "duration": 0,
    "pid": 12832,
    "index": 18
  },
  {
    "name": "Require(16) node_modules/egg-security/config/config.local.js",
    "start": 1572053197493,
    "end": 1572053197493,
    "duration": 0,
    "pid": 12832,
    "index": 19
  },
  {
    "name": "Require(17) node_modules/egg-watcher/config/config.local.js",
    "start": 1572053197495,
    "end": 1572053197495,
    "duration": 0,
    "pid": 12832,
    "index": 20
  },
  {
    "name": "Require(18) node_modules/egg-view/config/config.local.js",
    "start": 1572053197501,
    "end": 1572053197502,
    "duration": 1,
    "pid": 12832,
    "index": 21
  },
  {
    "name": "Require(19) node_modules/egg/config/config.local.js",
    "start": 1572053197503,
    "end": 1572053197503,
    "duration": 0,
    "pid": 12832,
    "index": 22
  },
  {
    "name": "Load extend/application.js",
    "start": 1572053197506,
    "end": 1572053197547,
    "duration": 41,
    "pid": 12832,
    "index": 23
  },
  {
    "name": "Require(20) node_modules/egg-session/app/extend/application.js",
    "start": 1572053197508,
    "end": 1572053197509,
    "duration": 1,
    "pid": 12832,
    "index": 24
  },
  {
    "name": "Require(21) node_modules/egg-security/app/extend/application.js",
    "start": 1572053197510,
    "end": 1572053197524,
    "duration": 14,
    "pid": 12832,
    "index": 25
  },
  {
    "name": "Require(22) node_modules/egg-jsonp/app/extend/application.js",
    "start": 1572053197525,
    "end": 1572053197533,
    "duration": 8,
    "pid": 12832,
    "index": 26
  },
  {
    "name": "Require(23) node_modules/egg-logrotator/app/extend/application.js",
    "start": 1572053197536,
    "end": 1572053197540,
    "duration": 4,
    "pid": 12832,
    "index": 27
  },
  {
    "name": "Require(24) node_modules/egg-view/app/extend/application.js",
    "start": 1572053197541,
    "end": 1572053197543,
    "duration": 2,
    "pid": 12832,
    "index": 28
  },
  {
    "name": "Load extend/request.js",
    "start": 1572053197547,
    "end": 1572053197557,
    "duration": 10,
    "pid": 12832,
    "index": 29
  },
  {
    "name": "Require(25) node_modules/egg/app/extend/request.js",
    "start": 1572053197552,
    "end": 1572053197553,
    "duration": 1,
    "pid": 12832,
    "index": 30
  },
  {
    "name": "Load extend/response.js",
    "start": 1572053197557,
    "end": 1572053197568,
    "duration": 11,
    "pid": 12832,
    "index": 31
  },
  {
    "name": "Require(26) node_modules/egg/app/extend/response.js",
    "start": 1572053197561,
    "end": 1572053197563,
    "duration": 2,
    "pid": 12832,
    "index": 32
  },
  {
    "name": "Load extend/context.js",
    "start": 1572053197568,
    "end": 1572053197712,
    "duration": 144,
    "pid": 12832,
    "index": 33
  },
  {
    "name": "Require(27) node_modules/egg-security/app/extend/context.js",
    "start": 1572053197570,
    "end": 1572053197587,
    "duration": 17,
    "pid": 12832,
    "index": 34
  },
  {
    "name": "Require(28) node_modules/egg-jsonp/app/extend/context.js",
    "start": 1572053197587,
    "end": 1572053197593,
    "duration": 6,
    "pid": 12832,
    "index": 35
  },
  {
    "name": "Require(29) node_modules/egg-i18n/app/extend/context.js",
    "start": 1572053197594,
    "end": 1572053197595,
    "duration": 1,
    "pid": 12832,
    "index": 36
  },
  {
    "name": "Require(30) node_modules/egg-multipart/app/extend/context.js",
    "start": 1572053197596,
    "end": 1572053197693,
    "duration": 97,
    "pid": 12832,
    "index": 37
  },
  {
    "name": "Require(31) node_modules/egg-view/app/extend/context.js",
    "start": 1572053197696,
    "end": 1572053197701,
    "duration": 5,
    "pid": 12832,
    "index": 38
  },
  {
    "name": "Require(32) node_modules/egg/app/extend/context.js",
    "start": 1572053197702,
    "end": 1572053197706,
    "duration": 4,
    "pid": 12832,
    "index": 39
  },
  {
    "name": "Load extend/helper.js",
    "start": 1572053197712,
    "end": 1572053197751,
    "duration": 39,
    "pid": 12832,
    "index": 40
  },
  {
    "name": "Require(33) node_modules/egg-security/app/extend/helper.js",
    "start": 1572053197715,
    "end": 1572053197743,
    "duration": 28,
    "pid": 12832,
    "index": 41
  },
  {
    "name": "Require(34) node_modules/egg/app/extend/helper.js",
    "start": 1572053197746,
    "end": 1572053197747,
    "duration": 1,
    "pid": 12832,
    "index": 42
  },
  {
    "name": "Load app.js",
    "start": 1572053197751,
    "end": 1572053197895,
    "duration": 144,
    "pid": 12832,
    "index": 43
  },
  {
    "name": "Require(35) node_modules/egg-session/app.js",
    "start": 1572053197752,
    "end": 1572053197752,
    "duration": 0,
    "pid": 12832,
    "index": 44
  },
  {
    "name": "Require(36) node_modules/egg-security/app.js",
    "start": 1572053197753,
    "end": 1572053197756,
    "duration": 3,
    "pid": 12832,
    "index": 45
  },
  {
    "name": "Require(37) node_modules/egg-onerror/app.js",
    "start": 1572053197757,
    "end": 1572053197771,
    "duration": 14,
    "pid": 12832,
    "index": 46
  },
  {
    "name": "Require(38) node_modules/egg-i18n/app.js",
    "start": 1572053197772,
    "end": 1572053197819,
    "duration": 47,
    "pid": 12832,
    "index": 47
  },
  {
    "name": "Require(39) node_modules/egg-watcher/app.js",
    "start": 1572053197820,
    "end": 1572053197825,
    "duration": 5,
    "pid": 12832,
    "index": 48
  },
  {
    "name": "Require(40) node_modules/egg-schedule/app.js",
    "start": 1572053197826,
    "end": 1572053197829,
    "duration": 3,
    "pid": 12832,
    "index": 49
  },
  {
    "name": "Require(41) node_modules/egg-multipart/app.js",
    "start": 1572053197829,
    "end": 1572053197833,
    "duration": 4,
    "pid": 12832,
    "index": 50
  },
  {
    "name": "Require(42) node_modules/egg-development/app.js",
    "start": 1572053197833,
    "end": 1572053197834,
    "duration": 1,
    "pid": 12832,
    "index": 51
  },
  {
    "name": "Require(43) node_modules/egg-logrotator/app.js",
    "start": 1572053197834,
    "end": 1572053197834,
    "duration": 0,
    "pid": 12832,
    "index": 52
  },
  {
    "name": "Require(44) node_modules/egg-static/app.js",
    "start": 1572053197835,
    "end": 1572053197836,
    "duration": 1,
    "pid": 12832,
    "index": 53
  },
  {
    "name": "Require(45) node_modules/egg-mysql/app.js",
    "start": 1572053197838,
    "end": 1572053197893,
    "duration": 55,
    "pid": 12832,
    "index": 54
  },
  {
    "name": "Before Start in node_modules/egg-watcher/lib/init.js:15:14",
    "start": 1572053197919,
    "end": 1572053198556,
    "duration": 637,
    "pid": 12832,
    "index": 55
  },
  {
    "name": "Before Start in node_modules/egg-mysql/lib/mysql.js:20:7",
    "start": 1572053198181,
    "end": 1572053198566,
    "duration": 385,
    "pid": 12832,
    "index": 56
  },
  {
    "name": "Load Service",
    "start": 1572053198182,
    "end": 1572053198195,
    "duration": 13,
    "pid": 12832,
    "index": 57
  },
  {
    "name": "Load \"service\" to Context",
    "start": 1572053198182,
    "end": 1572053198195,
    "duration": 13,
    "pid": 12832,
    "index": 58
  },
  {
    "name": "Load Middleware",
    "start": 1572053198195,
    "end": 1572053198435,
    "duration": 240,
    "pid": 12832,
    "index": 59
  },
  {
    "name": "Load \"middlewares\" to Application",
    "start": 1572053198195,
    "end": 1572053198404,
    "duration": 209,
    "pid": 12832,
    "index": 60
  },
  {
    "name": "Load Controller",
    "start": 1572053198436,
    "end": 1572053198492,
    "duration": 56,
    "pid": 12832,
    "index": 61
  },
  {
    "name": "Load \"controller\" to Application",
    "start": 1572053198436,
    "end": 1572053198492,
    "duration": 56,
    "pid": 12832,
    "index": 62
  },
  {
    "name": "Load Router",
    "start": 1572053198492,
    "end": 1572053198494,
    "duration": 2,
    "pid": 12832,
    "index": 63
  },
  {
    "name": "Require(46) app/router.js",
    "start": 1572053198493,
    "end": 1572053198493,
    "duration": 0,
    "pid": 12832,
    "index": 64
  },
  {
    "name": "Before Start in node_modules/egg-core/lib/egg.js:303:10",
    "start": 1572053198494,
    "end": 1572053198542,
    "duration": 48,
    "pid": 12832,
    "index": 65
  }
]