[
  {
    "name": "Application Start",
    "start": 1572053179862,
    "end": 1572053180990,
    "duration": 1128,
    "pid": 1788,
    "index": 0
  },
  {
    "name": "Load Plugin",
    "start": 1572053179875,
    "end": 1572053179911,
    "duration": 36,
    "pid": 1788,
    "index": 1
  },
  {
    "name": "Load Config",
    "start": 1572053179911,
    "end": 1572053179974,
    "duration": 63,
    "pid": 1788,
    "index": 2
  },
  {
    "name": "Require(0) config/config.default.js",
    "start": 1572053179912,
    "end": 1572053179913,
    "duration": 1,
    "pid": 1788,
    "index": 3
  },
  {
    "name": "Require(1) node_modules/egg-session/config/config.default.js",
    "start": 1572053179916,
    "end": 1572053179916,
    "duration": 0,
    "pid": 1788,
    "index": 4
  },
  {
    "name": "Require(2) node_modules/egg-security/config/config.default.js",
    "start": 1572053179917,
    "end": 1572053179917,
    "duration": 0,
    "pid": 1788,
    "index": 5
  },
  {
    "name": "Require(3) node_modules/egg-jsonp/config/config.default.js",
    "start": 1572053179919,
    "end": 1572053179920,
    "duration": 1,
    "pid": 1788,
    "index": 6
  },
  {
    "name": "Require(4) node_modules/egg-onerror/config/config.default.js",
    "start": 1572053179921,
    "end": 1572053179921,
    "duration": 0,
    "pid": 1788,
    "index": 7
  },
  {
    "name": "Require(5) node_modules/egg-i18n/config/config.default.js",
    "start": 1572053179923,
    "end": 1572053179923,
    "duration": 0,
    "pid": 1788,
    "index": 8
  },
  {
    "name": "Require(6) node_modules/egg-watcher/config/config.default.js",
    "start": 1572053179925,
    "end": 1572053179925,
    "duration": 0,
    "pid": 1788,
    "index": 9
  },
  {
    "name": "Require(7) node_modules/egg-schedule/config/config.default.js",
    "start": 1572053179926,
    "end": 1572053179930,
    "duration": 4,
    "pid": 1788,
    "index": 10
  },
  {
    "name": "Require(8) node_modules/egg-multipart/config/config.default.js",
    "start": 1572053179931,
    "end": 1572053179931,
    "duration": 0,
    "pid": 1788,
    "index": 11
  },
  {
    "name": "Require(9) node_modules/egg-development/config/config.default.js",
    "start": 1572053179933,
    "end": 1572053179935,
    "duration": 2,
    "pid": 1788,
    "index": 12
  },
  {
    "name": "Require(10) node_modules/egg-logrotator/config/config.default.js",
    "start": 1572053179937,
    "end": 1572053179940,
    "duration": 3,
    "pid": 1788,
    "index": 13
  },
  {
    "name": "Require(11) node_modules/egg-static/config/config.default.js",
    "start": 1572053179941,
    "end": 1572053179942,
    "duration": 1,
    "pid": 1788,
    "index": 14
  },
  {
    "name": "Require(12) node_modules/egg-view/config/config.default.js",
    "start": 1572053179943,
    "end": 1572053179944,
    "duration": 1,
    "pid": 1788,
    "index": 15
  },
  {
    "name": "Require(13) node_modules/egg-mysql/config/config.default.js",
    "start": 1572053179946,
    "end": 1572053179946,
    "duration": 0,
    "pid": 1788,
    "index": 16
  },
  {
    "name": "Require(14) node_modules/egg/config/config.default.js",
    "start": 1572053179956,
    "end": 1572053179958,
    "duration": 2,
    "pid": 1788,
    "index": 17
  },
  {
    "name": "Require(15) config/config.default.js",
    "start": 1572053179961,
    "end": 1572053179961,
    "duration": 0,
    "pid": 1788,
    "index": 18
  },
  {
    "name": "Require(16) node_modules/egg-security/config/config.local.js",
    "start": 1572053179963,
    "end": 1572053179964,
    "duration": 1,
    "pid": 1788,
    "index": 19
  },
  {
    "name": "Require(17) node_modules/egg-watcher/config/config.local.js",
    "start": 1572053179967,
    "end": 1572053179968,
    "duration": 1,
    "pid": 1788,
    "index": 20
  },
  {
    "name": "Require(18) node_modules/egg-view/config/config.local.js",
    "start": 1572053179972,
    "end": 1572053179972,
    "duration": 0,
    "pid": 1788,
    "index": 21
  },
  {
    "name": "Require(19) node_modules/egg/config/config.local.js",
    "start": 1572053179973,
    "end": 1572053179974,
    "duration": 1,
    "pid": 1788,
    "index": 22
  },
  {
    "name": "Load extend/application.js",
    "start": 1572053179976,
    "end": 1572053179997,
    "duration": 21,
    "pid": 1788,
    "index": 23
  },
  {
    "name": "Require(20) node_modules/egg-session/app/extend/application.js",
    "start": 1572053179977,
    "end": 1572053179978,
    "duration": 1,
    "pid": 1788,
    "index": 24
  },
  {
    "name": "Require(21) node_modules/egg-security/app/extend/application.js",
    "start": 1572053179979,
    "end": 1572053179981,
    "duration": 2,
    "pid": 1788,
    "index": 25
  },
  {
    "name": "Require(22) node_modules/egg-jsonp/app/extend/application.js",
    "start": 1572053179981,
    "end": 1572053179984,
    "duration": 3,
    "pid": 1788,
    "index": 26
  },
  {
    "name": "Require(23) node_modules/egg-logrotator/app/extend/application.js",
    "start": 1572053179986,
    "end": 1572053179989,
    "duration": 3,
    "pid": 1788,
    "index": 27
  },
  {
    "name": "Require(24) node_modules/egg-view/app/extend/application.js",
    "start": 1572053179990,
    "end": 1572053179993,
    "duration": 3,
    "pid": 1788,
    "index": 28
  },
  {
    "name": "Load extend/request.js",
    "start": 1572053179997,
    "end": 1572053180011,
    "duration": 14,
    "pid": 1788,
    "index": 29
  },
  {
    "name": "Require(25) node_modules/egg/app/extend/request.js",
    "start": 1572053180001,
    "end": 1572053180003,
    "duration": 2,
    "pid": 1788,
    "index": 30
  },
  {
    "name": "Load extend/response.js",
    "start": 1572053180011,
    "end": 1572053180082,
    "duration": 71,
    "pid": 1788,
    "index": 31
  },
  {
    "name": "Require(26) node_modules/egg/app/extend/response.js",
    "start": 1572053180019,
    "end": 1572053180022,
    "duration": 3,
    "pid": 1788,
    "index": 32
  },
  {
    "name": "Load extend/context.js",
    "start": 1572053180082,
    "end": 1572053180236,
    "duration": 154,
    "pid": 1788,
    "index": 33
  },
  {
    "name": "Require(27) node_modules/egg-security/app/extend/context.js",
    "start": 1572053180085,
    "end": 1572053180107,
    "duration": 22,
    "pid": 1788,
    "index": 34
  },
  {
    "name": "Require(28) node_modules/egg-jsonp/app/extend/context.js",
    "start": 1572053180107,
    "end": 1572053180112,
    "duration": 5,
    "pid": 1788,
    "index": 35
  },
  {
    "name": "Require(29) node_modules/egg-i18n/app/extend/context.js",
    "start": 1572053180114,
    "end": 1572053180117,
    "duration": 3,
    "pid": 1788,
    "index": 36
  },
  {
    "name": "Require(30) node_modules/egg-multipart/app/extend/context.js",
    "start": 1572053180120,
    "end": 1572053180215,
    "duration": 95,
    "pid": 1788,
    "index": 37
  },
  {
    "name": "Require(31) node_modules/egg-view/app/extend/context.js",
    "start": 1572053180217,
    "end": 1572053180219,
    "duration": 2,
    "pid": 1788,
    "index": 38
  },
  {
    "name": "Require(32) node_modules/egg/app/extend/context.js",
    "start": 1572053180224,
    "end": 1572053180227,
    "duration": 3,
    "pid": 1788,
    "index": 39
  },
  {
    "name": "Load extend/helper.js",
    "start": 1572053180236,
    "end": 1572053180278,
    "duration": 42,
    "pid": 1788,
    "index": 40
  },
  {
    "name": "Require(33) node_modules/egg-security/app/extend/helper.js",
    "start": 1572053180237,
    "end": 1572053180270,
    "duration": 33,
    "pid": 1788,
    "index": 41
  },
  {
    "name": "Require(34) node_modules/egg/app/extend/helper.js",
    "start": 1572053180273,
    "end": 1572053180274,
    "duration": 1,
    "pid": 1788,
    "index": 42
  },
  {
    "name": "Load app.js",
    "start": 1572053180278,
    "end": 1572053180413,
    "duration": 135,
    "pid": 1788,
    "index": 43
  },
  {
    "name": "Require(35) node_modules/egg-session/app.js",
    "start": 1572053180279,
    "end": 1572053180280,
    "duration": 1,
    "pid": 1788,
    "index": 44
  },
  {
    "name": "Require(36) node_modules/egg-security/app.js",
    "start": 1572053180280,
    "end": 1572053180284,
    "duration": 4,
    "pid": 1788,
    "index": 45
  },
  {
    "name": "Require(37) node_modules/egg-onerror/app.js",
    "start": 1572053180285,
    "end": 1572053180305,
    "duration": 20,
    "pid": 1788,
    "index": 46
  },
  {
    "name": "Require(38) node_modules/egg-i18n/app.js",
    "start": 1572053180305,
    "end": 1572053180350,
    "duration": 45,
    "pid": 1788,
    "index": 47
  },
  {
    "name": "Require(39) node_modules/egg-watcher/app.js",
    "start": 1572053180350,
    "end": 1572053180356,
    "duration": 6,
    "pid": 1788,
    "index": 48
  },
  {
    "name": "Require(40) node_modules/egg-schedule/app.js",
    "start": 1572053180356,
    "end": 1572053180358,
    "duration": 2,
    "pid": 1788,
    "index": 49
  },
  {
    "name": "Require(41) node_modules/egg-multipart/app.js",
    "start": 1572053180359,
    "end": 1572053180362,
    "duration": 3,
    "pid": 1788,
    "index": 50
  },
  {
    "name": "Require(42) node_modules/egg-development/app.js",
    "start": 1572053180363,
    "end": 1572053180363,
    "duration": 0,
    "pid": 1788,
    "index": 51
  },
  {
    "name": "Require(43) node_modules/egg-logrotator/app.js",
    "start": 1572053180364,
    "end": 1572053180364,
    "duration": 0,
    "pid": 1788,
    "index": 52
  },
  {
    "name": "Require(44) node_modules/egg-static/app.js",
    "start": 1572053180365,
    "end": 1572053180365,
    "duration": 0,
    "pid": 1788,
    "index": 53
  },
  {
    "name": "Require(45) node_modules/egg-mysql/app.js",
    "start": 1572053180366,
    "end": 1572053180397,
    "duration": 31,
    "pid": 1788,
    "index": 54
  },
  {
    "name": "Before Start in node_modules/egg-watcher/lib/init.js:15:14",
    "start": 1572053180436,
    "end": 1572053180984,
    "duration": 548,
    "pid": 1788,
    "index": 55
  },
  {
    "name": "Before Start in node_modules/egg-mysql/lib/mysql.js:20:7",
    "start": 1572053180632,
    "end": 1572053180989,
    "duration": 357,
    "pid": 1788,
    "index": 56
  },
  {
    "name": "Load Service",
    "start": 1572053180633,
    "end": 1572053180643,
    "duration": 10,
    "pid": 1788,
    "index": 57
  },
  {
    "name": "Load \"service\" to Context",
    "start": 1572053180633,
    "end": 1572053180643,
    "duration": 10,
    "pid": 1788,
    "index": 58
  },
  {
    "name": "Load Middleware",
    "start": 1572053180644,
    "end": 1572053180851,
    "duration": 207,
    "pid": 1788,
    "index": 59
  },
  {
    "name": "Load \"middlewares\" to Application",
    "start": 1572053180644,
    "end": 1572053180833,
    "duration": 189,
    "pid": 1788,
    "index": 60
  },
  {
    "name": "Load Controller",
    "start": 1572053180852,
    "end": 1572053180919,
    "duration": 67,
    "pid": 1788,
    "index": 61
  },
  {
    "name": "Load \"controller\" to Application",
    "start": 1572053180852,
    "end": 1572053180919,
    "duration": 67,
    "pid": 1788,
    "index": 62
  },
  {
    "name": "Load Router",
    "start": 1572053180919,
    "end": 1572053180921,
    "duration": 2,
    "pid": 1788,
    "index": 63
  },
  {
    "name": "Require(46) app/router.js",
    "start": 1572053180919,
    "end": 1572053180920,
    "duration": 1,
    "pid": 1788,
    "index": 64
  },
  {
    "name": "Before Start in node_modules/egg-core/lib/egg.js:303:10",
    "start": 1572053180920,
    "end": 1572053180963,
    "duration": 43,
    "pid": 1788,
    "index": 65
  }
]