[
  {
    "name": "Application Start",
    "start": 1572051993987,
    "end": 1572051994946,
    "duration": 959,
    "pid": 6644,
    "index": 0
  },
  {
    "name": "Load Plugin",
    "start": 1572051993999,
    "end": 1572051994049,
    "duration": 50,
    "pid": 6644,
    "index": 1
  },
  {
    "name": "Load Config",
    "start": 1572051994049,
    "end": 1572051994079,
    "duration": 30,
    "pid": 6644,
    "index": 2
  },
  {
    "name": "Require(0) config/config.default.js",
    "start": 1572051994050,
    "end": 1572051994050,
    "duration": 0,
    "pid": 6644,
    "index": 3
  },
  {
    "name": "Require(1) node_modules/egg-session/config/config.default.js",
    "start": 1572051994052,
    "end": 1572051994053,
    "duration": 1,
    "pid": 6644,
    "index": 4
  },
  {
    "name": "Require(2) node_modules/egg-security/config/config.default.js",
    "start": 1572051994053,
    "end": 1572051994054,
    "duration": 1,
    "pid": 6644,
    "index": 5
  },
  {
    "name": "Require(3) node_modules/egg-jsonp/config/config.default.js",
    "start": 1572051994055,
    "end": 1572051994055,
    "duration": 0,
    "pid": 6644,
    "index": 6
  },
  {
    "name": "Require(4) node_modules/egg-onerror/config/config.default.js",
    "start": 1572051994056,
    "end": 1572051994056,
    "duration": 0,
    "pid": 6644,
    "index": 7
  },
  {
    "name": "Require(5) node_modules/egg-i18n/config/config.default.js",
    "start": 1572051994057,
    "end": 1572051994057,
    "duration": 0,
    "pid": 6644,
    "index": 8
  },
  {
    "name": "Require(6) node_modules/egg-watcher/config/config.default.js",
    "start": 1572051994059,
    "end": 1572051994059,
    "duration": 0,
    "pid": 6644,
    "index": 9
  },
  {
    "name": "Require(7) node_modules/egg-schedule/config/config.default.js",
    "start": 1572051994060,
    "end": 1572051994060,
    "duration": 0,
    "pid": 6644,
    "index": 10
  },
  {
    "name": "Require(8) node_modules/egg-multipart/config/config.default.js",
    "start": 1572051994061,
    "end": 1572051994062,
    "duration": 1,
    "pid": 6644,
    "index": 11
  },
  {
    "name": "Require(9) node_modules/egg-development/config/config.default.js",
    "start": 1572051994062,
    "end": 1572051994063,
    "duration": 1,
    "pid": 6644,
    "index": 12
  },
  {
    "name": "Require(10) node_modules/egg-logrotator/config/config.default.js",
    "start": 1572051994063,
    "end": 1572051994066,
    "duration": 3,
    "pid": 6644,
    "index": 13
  },
  {
    "name": "Require(11) node_modules/egg-static/config/config.default.js",
    "start": 1572051994067,
    "end": 1572051994068,
    "duration": 1,
    "pid": 6644,
    "index": 14
  },
  {
    "name": "Require(12) node_modules/egg-view/config/config.default.js",
    "start": 1572051994068,
    "end": 1572051994069,
    "duration": 1,
    "pid": 6644,
    "index": 15
  },
  {
    "name": "Require(13) node_modules/egg-mysql/config/config.default.js",
    "start": 1572051994069,
    "end": 1572051994070,
    "duration": 1,
    "pid": 6644,
    "index": 16
  },
  {
    "name": "Require(14) node_modules/egg/config/config.default.js",
    "start": 1572051994070,
    "end": 1572051994071,
    "duration": 1,
    "pid": 6644,
    "index": 17
  },
  {
    "name": "Require(15) config/config.default.js",
    "start": 1572051994072,
    "end": 1572051994072,
    "duration": 0,
    "pid": 6644,
    "index": 18
  },
  {
    "name": "Require(16) node_modules/egg-security/config/config.local.js",
    "start": 1572051994073,
    "end": 1572051994073,
    "duration": 0,
    "pid": 6644,
    "index": 19
  },
  {
    "name": "Require(17) node_modules/egg-watcher/config/config.local.js",
    "start": 1572051994075,
    "end": 1572051994075,
    "duration": 0,
    "pid": 6644,
    "index": 20
  },
  {
    "name": "Require(18) node_modules/egg-view/config/config.local.js",
    "start": 1572051994077,
    "end": 1572051994078,
    "duration": 1,
    "pid": 6644,
    "index": 21
  },
  {
    "name": "Require(19) node_modules/egg/config/config.local.js",
    "start": 1572051994079,
    "end": 1572051994079,
    "duration": 0,
    "pid": 6644,
    "index": 22
  },
  {
    "name": "Load extend/application.js",
    "start": 1572051994081,
    "end": 1572051994126,
    "duration": 45,
    "pid": 6644,
    "index": 23
  },
  {
    "name": "Require(20) node_modules/egg-session/app/extend/application.js",
    "start": 1572051994082,
    "end": 1572051994082,
    "duration": 0,
    "pid": 6644,
    "index": 24
  },
  {
    "name": "Require(21) node_modules/egg-security/app/extend/application.js",
    "start": 1572051994083,
    "end": 1572051994085,
    "duration": 2,
    "pid": 6644,
    "index": 25
  },
  {
    "name": "Require(22) node_modules/egg-jsonp/app/extend/application.js",
    "start": 1572051994089,
    "end": 1572051994094,
    "duration": 5,
    "pid": 6644,
    "index": 26
  },
  {
    "name": "Require(23) node_modules/egg-logrotator/app/extend/application.js",
    "start": 1572051994112,
    "end": 1572051994116,
    "duration": 4,
    "pid": 6644,
    "index": 27
  },
  {
    "name": "Require(24) node_modules/egg-view/app/extend/application.js",
    "start": 1572051994118,
    "end": 1572051994122,
    "duration": 4,
    "pid": 6644,
    "index": 28
  },
  {
    "name": "Load extend/request.js",
    "start": 1572051994126,
    "end": 1572051994136,
    "duration": 10,
    "pid": 6644,
    "index": 29
  },
  {
    "name": "Require(25) node_modules/egg/app/extend/request.js",
    "start": 1572051994130,
    "end": 1572051994132,
    "duration": 2,
    "pid": 6644,
    "index": 30
  },
  {
    "name": "Load extend/response.js",
    "start": 1572051994136,
    "end": 1572051994149,
    "duration": 13,
    "pid": 6644,
    "index": 31
  },
  {
    "name": "Require(26) node_modules/egg/app/extend/response.js",
    "start": 1572051994140,
    "end": 1572051994143,
    "duration": 3,
    "pid": 6644,
    "index": 32
  },
  {
    "name": "Load extend/context.js",
    "start": 1572051994149,
    "end": 1572051994296,
    "duration": 147,
    "pid": 6644,
    "index": 33
  },
  {
    "name": "Require(27) node_modules/egg-security/app/extend/context.js",
    "start": 1572051994156,
    "end": 1572051994172,
    "duration": 16,
    "pid": 6644,
    "index": 34
  },
  {
    "name": "Require(28) node_modules/egg-jsonp/app/extend/context.js",
    "start": 1572051994173,
    "end": 1572051994178,
    "duration": 5,
    "pid": 6644,
    "index": 35
  },
  {
    "name": "Require(29) node_modules/egg-i18n/app/extend/context.js",
    "start": 1572051994180,
    "end": 1572051994180,
    "duration": 0,
    "pid": 6644,
    "index": 36
  },
  {
    "name": "Require(30) node_modules/egg-multipart/app/extend/context.js",
    "start": 1572051994181,
    "end": 1572051994264,
    "duration": 83,
    "pid": 6644,
    "index": 37
  },
  {
    "name": "Require(31) node_modules/egg-view/app/extend/context.js",
    "start": 1572051994265,
    "end": 1572051994268,
    "duration": 3,
    "pid": 6644,
    "index": 38
  },
  {
    "name": "Require(32) node_modules/egg/app/extend/context.js",
    "start": 1572051994269,
    "end": 1572051994273,
    "duration": 4,
    "pid": 6644,
    "index": 39
  },
  {
    "name": "Load extend/helper.js",
    "start": 1572051994297,
    "end": 1572051994336,
    "duration": 39,
    "pid": 6644,
    "index": 40
  },
  {
    "name": "Require(33) node_modules/egg-security/app/extend/helper.js",
    "start": 1572051994298,
    "end": 1572051994328,
    "duration": 30,
    "pid": 6644,
    "index": 41
  },
  {
    "name": "Require(34) node_modules/egg/app/extend/helper.js",
    "start": 1572051994331,
    "end": 1572051994332,
    "duration": 1,
    "pid": 6644,
    "index": 42
  },
  {
    "name": "Load app.js",
    "start": 1572051994336,
    "end": 1572051994457,
    "duration": 121,
    "pid": 6644,
    "index": 43
  },
  {
    "name": "Require(35) node_modules/egg-session/app.js",
    "start": 1572051994337,
    "end": 1572051994337,
    "duration": 0,
    "pid": 6644,
    "index": 44
  },
  {
    "name": "Require(36) node_modules/egg-security/app.js",
    "start": 1572051994338,
    "end": 1572051994340,
    "duration": 2,
    "pid": 6644,
    "index": 45
  },
  {
    "name": "Require(37) node_modules/egg-onerror/app.js",
    "start": 1572051994341,
    "end": 1572051994361,
    "duration": 20,
    "pid": 6644,
    "index": 46
  },
  {
    "name": "Require(38) node_modules/egg-i18n/app.js",
    "start": 1572051994362,
    "end": 1572051994408,
    "duration": 46,
    "pid": 6644,
    "index": 47
  },
  {
    "name": "Require(39) node_modules/egg-watcher/app.js",
    "start": 1572051994409,
    "end": 1572051994414,
    "duration": 5,
    "pid": 6644,
    "index": 48
  },
  {
    "name": "Require(40) node_modules/egg-schedule/app.js",
    "start": 1572051994415,
    "end": 1572051994417,
    "duration": 2,
    "pid": 6644,
    "index": 49
  },
  {
    "name": "Require(41) node_modules/egg-multipart/app.js",
    "start": 1572051994418,
    "end": 1572051994422,
    "duration": 4,
    "pid": 6644,
    "index": 50
  },
  {
    "name": "Require(42) node_modules/egg-development/app.js",
    "start": 1572051994423,
    "end": 1572051994423,
    "duration": 0,
    "pid": 6644,
    "index": 51
  },
  {
    "name": "Require(43) node_modules/egg-logrotator/app.js",
    "start": 1572051994424,
    "end": 1572051994424,
    "duration": 0,
    "pid": 6644,
    "index": 52
  },
  {
    "name": "Require(44) node_modules/egg-static/app.js",
    "start": 1572051994424,
    "end": 1572051994425,
    "duration": 1,
    "pid": 6644,
    "index": 53
  },
  {
    "name": "Require(45) node_modules/egg-mysql/app.js",
    "start": 1572051994426,
    "end": 1572051994455,
    "duration": 29,
    "pid": 6644,
    "index": 54
  },
  {
    "name": "Before Start in node_modules/egg-watcher/lib/init.js:15:14",
    "start": 1572051994493,
    "end": 1572051994938,
    "duration": 445,
    "pid": 6644,
    "index": 55
  },
  {
    "name": "Before Start in node_modules/egg-mysql/lib/mysql.js:20:7",
    "start": 1572051994686,
    "end": 1572051994945,
    "duration": 259,
    "pid": 6644,
    "index": 56
  },
  {
    "name": "Load Service",
    "start": 1572051994686,
    "end": 1572051994697,
    "duration": 11,
    "pid": 6644,
    "index": 57
  },
  {
    "name": "Load \"service\" to Context",
    "start": 1572051994687,
    "end": 1572051994697,
    "duration": 10,
    "pid": 6644,
    "index": 58
  },
  {
    "name": "Load Middleware",
    "start": 1572051994697,
    "end": 1572051994870,
    "duration": 173,
    "pid": 6644,
    "index": 59
  },
  {
    "name": "Load \"middlewares\" to Application",
    "start": 1572051994697,
    "end": 1572051994854,
    "duration": 157,
    "pid": 6644,
    "index": 60
  },
  {
    "name": "Load Controller",
    "start": 1572051994870,
    "end": 1572051994874,
    "duration": 4,
    "pid": 6644,
    "index": 61
  },
  {
    "name": "Load \"controller\" to Application",
    "start": 1572051994870,
    "end": 1572051994874,
    "duration": 4,
    "pid": 6644,
    "index": 62
  },
  {
    "name": "Load Router",
    "start": 1572051994874,
    "end": 1572051994877,
    "duration": 3,
    "pid": 6644,
    "index": 63
  },
  {
    "name": "Require(46) app/router.js",
    "start": 1572051994874,
    "end": 1572051994875,
    "duration": 1,
    "pid": 6644,
    "index": 64
  },
  {
    "name": "Before Start in node_modules/egg-core/lib/egg.js:303:10",
    "start": 1572051994875,
    "end": 1572051994897,
    "duration": 22,
    "pid": 6644,
    "index": 65
  }
]