[
  {
    "name": "Application Start",
    "start": 1572056412884,
    "end": 1572056413853,
    "duration": 969,
    "pid": 2084,
    "index": 0
  },
  {
    "name": "Load Plugin",
    "start": 1572056412893,
    "end": 1572056412922,
    "duration": 29,
    "pid": 2084,
    "index": 1
  },
  {
    "name": "Load Config",
    "start": 1572056412922,
    "end": 1572056412980,
    "duration": 58,
    "pid": 2084,
    "index": 2
  },
  {
    "name": "Require(0) config/config.default.js",
    "start": 1572056412926,
    "end": 1572056412926,
    "duration": 0,
    "pid": 2084,
    "index": 3
  },
  {
    "name": "Require(1) node_modules/egg-session/config/config.default.js",
    "start": 1572056412928,
    "end": 1572056412928,
    "duration": 0,
    "pid": 2084,
    "index": 4
  },
  {
    "name": "Require(2) node_modules/egg-security/config/config.default.js",
    "start": 1572056412929,
    "end": 1572056412929,
    "duration": 0,
    "pid": 2084,
    "index": 5
  },
  {
    "name": "Require(3) node_modules/egg-jsonp/config/config.default.js",
    "start": 1572056412930,
    "end": 1572056412931,
    "duration": 1,
    "pid": 2084,
    "index": 6
  },
  {
    "name": "Require(4) node_modules/egg-onerror/config/config.default.js",
    "start": 1572056412931,
    "end": 1572056412932,
    "duration": 1,
    "pid": 2084,
    "index": 7
  },
  {
    "name": "Require(5) node_modules/egg-i18n/config/config.default.js",
    "start": 1572056412933,
    "end": 1572056412933,
    "duration": 0,
    "pid": 2084,
    "index": 8
  },
  {
    "name": "Require(6) node_modules/egg-watcher/config/config.default.js",
    "start": 1572056412934,
    "end": 1572056412935,
    "duration": 1,
    "pid": 2084,
    "index": 9
  },
  {
    "name": "Require(7) node_modules/egg-schedule/config/config.default.js",
    "start": 1572056412936,
    "end": 1572056412936,
    "duration": 0,
    "pid": 2084,
    "index": 10
  },
  {
    "name": "Require(8) node_modules/egg-multipart/config/config.default.js",
    "start": 1572056412938,
    "end": 1572056412939,
    "duration": 1,
    "pid": 2084,
    "index": 11
  },
  {
    "name": "Require(9) node_modules/egg-development/config/config.default.js",
    "start": 1572056412941,
    "end": 1572056412941,
    "duration": 0,
    "pid": 2084,
    "index": 12
  },
  {
    "name": "Require(10) node_modules/egg-logrotator/config/config.default.js",
    "start": 1572056412943,
    "end": 1572056412947,
    "duration": 4,
    "pid": 2084,
    "index": 13
  },
  {
    "name": "Require(11) node_modules/egg-static/config/config.default.js",
    "start": 1572056412960,
    "end": 1572056412960,
    "duration": 0,
    "pid": 2084,
    "index": 14
  },
  {
    "name": "Require(12) node_modules/egg-view/config/config.default.js",
    "start": 1572056412962,
    "end": 1572056412962,
    "duration": 0,
    "pid": 2084,
    "index": 15
  },
  {
    "name": "Require(13) node_modules/egg-mysql/config/config.default.js",
    "start": 1572056412964,
    "end": 1572056412964,
    "duration": 0,
    "pid": 2084,
    "index": 16
  },
  {
    "name": "Require(14) node_modules/egg/config/config.default.js",
    "start": 1572056412965,
    "end": 1572056412966,
    "duration": 1,
    "pid": 2084,
    "index": 17
  },
  {
    "name": "Require(15) config/config.default.js",
    "start": 1572056412969,
    "end": 1572056412969,
    "duration": 0,
    "pid": 2084,
    "index": 18
  },
  {
    "name": "Require(16) node_modules/egg-security/config/config.local.js",
    "start": 1572056412972,
    "end": 1572056412973,
    "duration": 1,
    "pid": 2084,
    "index": 19
  },
  {
    "name": "Require(17) node_modules/egg-watcher/config/config.local.js",
    "start": 1572056412976,
    "end": 1572056412976,
    "duration": 0,
    "pid": 2084,
    "index": 20
  },
  {
    "name": "Require(18) node_modules/egg-view/config/config.local.js",
    "start": 1572056412978,
    "end": 1572056412978,
    "duration": 0,
    "pid": 2084,
    "index": 21
  },
  {
    "name": "Require(19) node_modules/egg/config/config.local.js",
    "start": 1572056412979,
    "end": 1572056412980,
    "duration": 1,
    "pid": 2084,
    "index": 22
  },
  {
    "name": "Load extend/application.js",
    "start": 1572056412981,
    "end": 1572056413000,
    "duration": 19,
    "pid": 2084,
    "index": 23
  },
  {
    "name": "Require(20) node_modules/egg-session/app/extend/application.js",
    "start": 1572056412982,
    "end": 1572056412983,
    "duration": 1,
    "pid": 2084,
    "index": 24
  },
  {
    "name": "Require(21) node_modules/egg-security/app/extend/application.js",
    "start": 1572056412984,
    "end": 1572056412985,
    "duration": 1,
    "pid": 2084,
    "index": 25
  },
  {
    "name": "Require(22) node_modules/egg-jsonp/app/extend/application.js",
    "start": 1572056412986,
    "end": 1572056412988,
    "duration": 2,
    "pid": 2084,
    "index": 26
  },
  {
    "name": "Require(23) node_modules/egg-logrotator/app/extend/application.js",
    "start": 1572056412990,
    "end": 1572056412992,
    "duration": 2,
    "pid": 2084,
    "index": 27
  },
  {
    "name": "Require(24) node_modules/egg-view/app/extend/application.js",
    "start": 1572056412993,
    "end": 1572056412996,
    "duration": 3,
    "pid": 2084,
    "index": 28
  },
  {
    "name": "Load extend/request.js",
    "start": 1572056413000,
    "end": 1572056413009,
    "duration": 9,
    "pid": 2084,
    "index": 29
  },
  {
    "name": "Require(25) node_modules/egg/app/extend/request.js",
    "start": 1572056413003,
    "end": 1572056413005,
    "duration": 2,
    "pid": 2084,
    "index": 30
  },
  {
    "name": "Load extend/response.js",
    "start": 1572056413009,
    "end": 1572056413020,
    "duration": 11,
    "pid": 2084,
    "index": 31
  },
  {
    "name": "Require(26) node_modules/egg/app/extend/response.js",
    "start": 1572056413012,
    "end": 1572056413015,
    "duration": 3,
    "pid": 2084,
    "index": 32
  },
  {
    "name": "Load extend/context.js",
    "start": 1572056413020,
    "end": 1572056413163,
    "duration": 143,
    "pid": 2084,
    "index": 33
  },
  {
    "name": "Require(27) node_modules/egg-security/app/extend/context.js",
    "start": 1572056413025,
    "end": 1572056413060,
    "duration": 35,
    "pid": 2084,
    "index": 34
  },
  {
    "name": "Require(28) node_modules/egg-jsonp/app/extend/context.js",
    "start": 1572056413060,
    "end": 1572056413064,
    "duration": 4,
    "pid": 2084,
    "index": 35
  },
  {
    "name": "Require(29) node_modules/egg-i18n/app/extend/context.js",
    "start": 1572056413065,
    "end": 1572056413066,
    "duration": 1,
    "pid": 2084,
    "index": 36
  },
  {
    "name": "Require(30) node_modules/egg-multipart/app/extend/context.js",
    "start": 1572056413069,
    "end": 1572056413149,
    "duration": 80,
    "pid": 2084,
    "index": 37
  },
  {
    "name": "Require(31) node_modules/egg-view/app/extend/context.js",
    "start": 1572056413151,
    "end": 1572056413155,
    "duration": 4,
    "pid": 2084,
    "index": 38
  },
  {
    "name": "Require(32) node_modules/egg/app/extend/context.js",
    "start": 1572056413156,
    "end": 1572056413159,
    "duration": 3,
    "pid": 2084,
    "index": 39
  },
  {
    "name": "Load extend/helper.js",
    "start": 1572056413163,
    "end": 1572056413198,
    "duration": 35,
    "pid": 2084,
    "index": 40
  },
  {
    "name": "Require(33) node_modules/egg-security/app/extend/helper.js",
    "start": 1572056413164,
    "end": 1572056413190,
    "duration": 26,
    "pid": 2084,
    "index": 41
  },
  {
    "name": "Require(34) node_modules/egg/app/extend/helper.js",
    "start": 1572056413194,
    "end": 1572056413194,
    "duration": 0,
    "pid": 2084,
    "index": 42
  },
  {
    "name": "Load app.js",
    "start": 1572056413198,
    "end": 1572056413339,
    "duration": 141,
    "pid": 2084,
    "index": 43
  },
  {
    "name": "Require(35) node_modules/egg-session/app.js",
    "start": 1572056413199,
    "end": 1572056413199,
    "duration": 0,
    "pid": 2084,
    "index": 44
  },
  {
    "name": "Require(36) node_modules/egg-security/app.js",
    "start": 1572056413200,
    "end": 1572056413203,
    "duration": 3,
    "pid": 2084,
    "index": 45
  },
  {
    "name": "Require(37) node_modules/egg-onerror/app.js",
    "start": 1572056413204,
    "end": 1572056413227,
    "duration": 23,
    "pid": 2084,
    "index": 46
  },
  {
    "name": "Require(38) node_modules/egg-i18n/app.js",
    "start": 1572056413228,
    "end": 1572056413270,
    "duration": 42,
    "pid": 2084,
    "index": 47
  },
  {
    "name": "Require(39) node_modules/egg-watcher/app.js",
    "start": 1572056413271,
    "end": 1572056413276,
    "duration": 5,
    "pid": 2084,
    "index": 48
  },
  {
    "name": "Require(40) node_modules/egg-schedule/app.js",
    "start": 1572056413276,
    "end": 1572056413279,
    "duration": 3,
    "pid": 2084,
    "index": 49
  },
  {
    "name": "Require(41) node_modules/egg-multipart/app.js",
    "start": 1572056413279,
    "end": 1572056413283,
    "duration": 4,
    "pid": 2084,
    "index": 50
  },
  {
    "name": "Require(42) node_modules/egg-development/app.js",
    "start": 1572056413284,
    "end": 1572056413284,
    "duration": 0,
    "pid": 2084,
    "index": 51
  },
  {
    "name": "Require(43) node_modules/egg-logrotator/app.js",
    "start": 1572056413285,
    "end": 1572056413285,
    "duration": 0,
    "pid": 2084,
    "index": 52
  },
  {
    "name": "Require(44) node_modules/egg-static/app.js",
    "start": 1572056413286,
    "end": 1572056413286,
    "duration": 0,
    "pid": 2084,
    "index": 53
  },
  {
    "name": "Require(45) node_modules/egg-mysql/app.js",
    "start": 1572056413287,
    "end": 1572056413335,
    "duration": 48,
    "pid": 2084,
    "index": 54
  },
  {
    "name": "Before Start in node_modules/egg-watcher/lib/init.js:15:14",
    "start": 1572056413358,
    "end": 1572056413848,
    "duration": 490,
    "pid": 2084,
    "index": 55
  },
  {
    "name": "Before Start in node_modules/egg-mysql/lib/mysql.js:20:7",
    "start": 1572056413544,
    "end": 1572056413853,
    "duration": 309,
    "pid": 2084,
    "index": 56
  },
  {
    "name": "Load Service",
    "start": 1572056413544,
    "end": 1572056413555,
    "duration": 11,
    "pid": 2084,
    "index": 57
  },
  {
    "name": "Load \"service\" to Context",
    "start": 1572056413544,
    "end": 1572056413555,
    "duration": 11,
    "pid": 2084,
    "index": 58
  },
  {
    "name": "Load Middleware",
    "start": 1572056413556,
    "end": 1572056413736,
    "duration": 180,
    "pid": 2084,
    "index": 59
  },
  {
    "name": "Load \"middlewares\" to Application",
    "start": 1572056413556,
    "end": 1572056413720,
    "duration": 164,
    "pid": 2084,
    "index": 60
  },
  {
    "name": "Load Controller",
    "start": 1572056413736,
    "end": 1572056413806,
    "duration": 70,
    "pid": 2084,
    "index": 61
  },
  {
    "name": "Load \"controller\" to Application",
    "start": 1572056413736,
    "end": 1572056413806,
    "duration": 70,
    "pid": 2084,
    "index": 62
  },
  {
    "name": "Load Router",
    "start": 1572056413806,
    "end": 1572056413810,
    "duration": 4,
    "pid": 2084,
    "index": 63
  },
  {
    "name": "Require(46) app/router.js",
    "start": 1572056413807,
    "end": 1572056413808,
    "duration": 1,
    "pid": 2084,
    "index": 64
  },
  {
    "name": "Before Start in node_modules/egg-core/lib/egg.js:303:10",
    "start": 1572056413808,
    "end": 1572056413829,
    "duration": 21,
    "pid": 2084,
    "index": 65
  }
]