[
  {
    "name": "Application Start",
    "start": 1572056304322,
    "end": 1572056305589,
    "duration": 1267,
    "pid": 316,
    "index": 0
  },
  {
    "name": "Load Plugin",
    "start": 1572056304329,
    "end": 1572056304382,
    "duration": 53,
    "pid": 316,
    "index": 1
  },
  {
    "name": "Load Config",
    "start": 1572056304382,
    "end": 1572056304416,
    "duration": 34,
    "pid": 316,
    "index": 2
  },
  {
    "name": "Require(0) config/config.default.js",
    "start": 1572056304383,
    "end": 1572056304384,
    "duration": 1,
    "pid": 316,
    "index": 3
  },
  {
    "name": "Require(1) node_modules/egg-session/config/config.default.js",
    "start": 1572056304387,
    "end": 1572056304387,
    "duration": 0,
    "pid": 316,
    "index": 4
  },
  {
    "name": "Require(2) node_modules/egg-security/config/config.default.js",
    "start": 1572056304388,
    "end": 1572056304388,
    "duration": 0,
    "pid": 316,
    "index": 5
  },
  {
    "name": "Require(3) node_modules/egg-jsonp/config/config.default.js",
    "start": 1572056304389,
    "end": 1572056304389,
    "duration": 0,
    "pid": 316,
    "index": 6
  },
  {
    "name": "Require(4) node_modules/egg-onerror/config/config.default.js",
    "start": 1572056304390,
    "end": 1572056304390,
    "duration": 0,
    "pid": 316,
    "index": 7
  },
  {
    "name": "Require(5) node_modules/egg-i18n/config/config.default.js",
    "start": 1572056304391,
    "end": 1572056304391,
    "duration": 0,
    "pid": 316,
    "index": 8
  },
  {
    "name": "Require(6) node_modules/egg-watcher/config/config.default.js",
    "start": 1572056304393,
    "end": 1572056304393,
    "duration": 0,
    "pid": 316,
    "index": 9
  },
  {
    "name": "Require(7) node_modules/egg-schedule/config/config.default.js",
    "start": 1572056304394,
    "end": 1572056304394,
    "duration": 0,
    "pid": 316,
    "index": 10
  },
  {
    "name": "Require(8) node_modules/egg-multipart/config/config.default.js",
    "start": 1572056304395,
    "end": 1572056304395,
    "duration": 0,
    "pid": 316,
    "index": 11
  },
  {
    "name": "Require(9) node_modules/egg-development/config/config.default.js",
    "start": 1572056304396,
    "end": 1572056304396,
    "duration": 0,
    "pid": 316,
    "index": 12
  },
  {
    "name": "Require(10) node_modules/egg-logrotator/config/config.default.js",
    "start": 1572056304397,
    "end": 1572056304400,
    "duration": 3,
    "pid": 316,
    "index": 13
  },
  {
    "name": "Require(11) node_modules/egg-static/config/config.default.js",
    "start": 1572056304400,
    "end": 1572056304401,
    "duration": 1,
    "pid": 316,
    "index": 14
  },
  {
    "name": "Require(12) node_modules/egg-view/config/config.default.js",
    "start": 1572056304402,
    "end": 1572056304402,
    "duration": 0,
    "pid": 316,
    "index": 15
  },
  {
    "name": "Require(13) node_modules/egg-mysql/config/config.default.js",
    "start": 1572056304403,
    "end": 1572056304404,
    "duration": 1,
    "pid": 316,
    "index": 16
  },
  {
    "name": "Require(14) node_modules/egg/config/config.default.js",
    "start": 1572056304405,
    "end": 1572056304405,
    "duration": 0,
    "pid": 316,
    "index": 17
  },
  {
    "name": "Require(15) config/config.default.js",
    "start": 1572056304408,
    "end": 1572056304408,
    "duration": 0,
    "pid": 316,
    "index": 18
  },
  {
    "name": "Require(16) node_modules/egg-security/config/config.local.js",
    "start": 1572056304409,
    "end": 1572056304409,
    "duration": 0,
    "pid": 316,
    "index": 19
  },
  {
    "name": "Require(17) node_modules/egg-watcher/config/config.local.js",
    "start": 1572056304410,
    "end": 1572056304411,
    "duration": 1,
    "pid": 316,
    "index": 20
  },
  {
    "name": "Require(18) node_modules/egg-view/config/config.local.js",
    "start": 1572056304414,
    "end": 1572056304414,
    "duration": 0,
    "pid": 316,
    "index": 21
  },
  {
    "name": "Require(19) node_modules/egg/config/config.local.js",
    "start": 1572056304415,
    "end": 1572056304415,
    "duration": 0,
    "pid": 316,
    "index": 22
  },
  {
    "name": "Load extend/application.js",
    "start": 1572056304418,
    "end": 1572056304457,
    "duration": 39,
    "pid": 316,
    "index": 23
  },
  {
    "name": "Require(20) node_modules/egg-session/app/extend/application.js",
    "start": 1572056304419,
    "end": 1572056304419,
    "duration": 0,
    "pid": 316,
    "index": 24
  },
  {
    "name": "Require(21) node_modules/egg-security/app/extend/application.js",
    "start": 1572056304420,
    "end": 1572056304422,
    "duration": 2,
    "pid": 316,
    "index": 25
  },
  {
    "name": "Require(22) node_modules/egg-jsonp/app/extend/application.js",
    "start": 1572056304423,
    "end": 1572056304427,
    "duration": 4,
    "pid": 316,
    "index": 26
  },
  {
    "name": "Require(23) node_modules/egg-logrotator/app/extend/application.js",
    "start": 1572056304431,
    "end": 1572056304435,
    "duration": 4,
    "pid": 316,
    "index": 27
  },
  {
    "name": "Require(24) node_modules/egg-view/app/extend/application.js",
    "start": 1572056304437,
    "end": 1572056304450,
    "duration": 13,
    "pid": 316,
    "index": 28
  },
  {
    "name": "Load extend/request.js",
    "start": 1572056304457,
    "end": 1572056304471,
    "duration": 14,
    "pid": 316,
    "index": 29
  },
  {
    "name": "Require(25) node_modules/egg/app/extend/request.js",
    "start": 1572056304464,
    "end": 1572056304467,
    "duration": 3,
    "pid": 316,
    "index": 30
  },
  {
    "name": "Load extend/response.js",
    "start": 1572056304471,
    "end": 1572056304484,
    "duration": 13,
    "pid": 316,
    "index": 31
  },
  {
    "name": "Require(26) node_modules/egg/app/extend/response.js",
    "start": 1572056304475,
    "end": 1572056304477,
    "duration": 2,
    "pid": 316,
    "index": 32
  },
  {
    "name": "Load extend/context.js",
    "start": 1572056304484,
    "end": 1572056304639,
    "duration": 155,
    "pid": 316,
    "index": 33
  },
  {
    "name": "Require(27) node_modules/egg-security/app/extend/context.js",
    "start": 1572056304485,
    "end": 1572056304503,
    "duration": 18,
    "pid": 316,
    "index": 34
  },
  {
    "name": "Require(28) node_modules/egg-jsonp/app/extend/context.js",
    "start": 1572056304504,
    "end": 1572056304507,
    "duration": 3,
    "pid": 316,
    "index": 35
  },
  {
    "name": "Require(29) node_modules/egg-i18n/app/extend/context.js",
    "start": 1572056304507,
    "end": 1572056304508,
    "duration": 1,
    "pid": 316,
    "index": 36
  },
  {
    "name": "Require(30) node_modules/egg-multipart/app/extend/context.js",
    "start": 1572056304509,
    "end": 1572056304615,
    "duration": 106,
    "pid": 316,
    "index": 37
  },
  {
    "name": "Require(31) node_modules/egg-view/app/extend/context.js",
    "start": 1572056304617,
    "end": 1572056304619,
    "duration": 2,
    "pid": 316,
    "index": 38
  },
  {
    "name": "Require(32) node_modules/egg/app/extend/context.js",
    "start": 1572056304620,
    "end": 1572056304635,
    "duration": 15,
    "pid": 316,
    "index": 39
  },
  {
    "name": "Load extend/helper.js",
    "start": 1572056304639,
    "end": 1572056304680,
    "duration": 41,
    "pid": 316,
    "index": 40
  },
  {
    "name": "Require(33) node_modules/egg-security/app/extend/helper.js",
    "start": 1572056304640,
    "end": 1572056304673,
    "duration": 33,
    "pid": 316,
    "index": 41
  },
  {
    "name": "Require(34) node_modules/egg/app/extend/helper.js",
    "start": 1572056304676,
    "end": 1572056304677,
    "duration": 1,
    "pid": 316,
    "index": 42
  },
  {
    "name": "Load app.js",
    "start": 1572056304681,
    "end": 1572056304865,
    "duration": 184,
    "pid": 316,
    "index": 43
  },
  {
    "name": "Require(35) node_modules/egg-session/app.js",
    "start": 1572056304681,
    "end": 1572056304682,
    "duration": 1,
    "pid": 316,
    "index": 44
  },
  {
    "name": "Require(36) node_modules/egg-security/app.js",
    "start": 1572056304682,
    "end": 1572056304685,
    "duration": 3,
    "pid": 316,
    "index": 45
  },
  {
    "name": "Require(37) node_modules/egg-onerror/app.js",
    "start": 1572056304686,
    "end": 1572056304708,
    "duration": 22,
    "pid": 316,
    "index": 46
  },
  {
    "name": "Require(38) node_modules/egg-i18n/app.js",
    "start": 1572056304709,
    "end": 1572056304774,
    "duration": 65,
    "pid": 316,
    "index": 47
  },
  {
    "name": "Require(39) node_modules/egg-watcher/app.js",
    "start": 1572056304774,
    "end": 1572056304780,
    "duration": 6,
    "pid": 316,
    "index": 48
  },
  {
    "name": "Require(40) node_modules/egg-schedule/app.js",
    "start": 1572056304780,
    "end": 1572056304783,
    "duration": 3,
    "pid": 316,
    "index": 49
  },
  {
    "name": "Require(41) node_modules/egg-multipart/app.js",
    "start": 1572056304784,
    "end": 1572056304793,
    "duration": 9,
    "pid": 316,
    "index": 50
  },
  {
    "name": "Require(42) node_modules/egg-development/app.js",
    "start": 1572056304793,
    "end": 1572056304794,
    "duration": 1,
    "pid": 316,
    "index": 51
  },
  {
    "name": "Require(43) node_modules/egg-logrotator/app.js",
    "start": 1572056304795,
    "end": 1572056304795,
    "duration": 0,
    "pid": 316,
    "index": 52
  },
  {
    "name": "Require(44) node_modules/egg-static/app.js",
    "start": 1572056304796,
    "end": 1572056304796,
    "duration": 0,
    "pid": 316,
    "index": 53
  },
  {
    "name": "Require(45) node_modules/egg-mysql/app.js",
    "start": 1572056304798,
    "end": 1572056304863,
    "duration": 65,
    "pid": 316,
    "index": 54
  },
  {
    "name": "Before Start in node_modules/egg-watcher/lib/init.js:15:14",
    "start": 1572056304909,
    "end": 1572056305583,
    "duration": 674,
    "pid": 316,
    "index": 55
  },
  {
    "name": "Before Start in node_modules/egg-mysql/lib/mysql.js:20:7",
    "start": 1572056305204,
    "end": 1572056305588,
    "duration": 384,
    "pid": 316,
    "index": 56
  },
  {
    "name": "Load Service",
    "start": 1572056305204,
    "end": 1572056305222,
    "duration": 18,
    "pid": 316,
    "index": 57
  },
  {
    "name": "Load \"service\" to Context",
    "start": 1572056305205,
    "end": 1572056305222,
    "duration": 17,
    "pid": 316,
    "index": 58
  },
  {
    "name": "Load Middleware",
    "start": 1572056305223,
    "end": 1572056305423,
    "duration": 200,
    "pid": 316,
    "index": 59
  },
  {
    "name": "Load \"middlewares\" to Application",
    "start": 1572056305224,
    "end": 1572056305410,
    "duration": 186,
    "pid": 316,
    "index": 60
  },
  {
    "name": "Load Controller",
    "start": 1572056305423,
    "end": 1572056305500,
    "duration": 77,
    "pid": 316,
    "index": 61
  },
  {
    "name": "Load \"controller\" to Application",
    "start": 1572056305423,
    "end": 1572056305500,
    "duration": 77,
    "pid": 316,
    "index": 62
  },
  {
    "name": "Load Router",
    "start": 1572056305500,
    "end": 1572056305503,
    "duration": 3,
    "pid": 316,
    "index": 63
  },
  {
    "name": "Require(46) app/router.js",
    "start": 1572056305500,
    "end": 1572056305501,
    "duration": 1,
    "pid": 316,
    "index": 64
  },
  {
    "name": "Before Start in node_modules/egg-core/lib/egg.js:303:10",
    "start": 1572056305502,
    "end": 1572056305556,
    "duration": 54,
    "pid": 316,
    "index": 65
  }
]