[
  {
    "name": "Application Start",
    "start": 1572052185231,
    "end": 1572052186545,
    "duration": 1314,
    "pid": 7592,
    "index": 0
  },
  {
    "name": "Load Plugin",
    "start": 1572052185249,
    "end": 1572052185340,
    "duration": 91,
    "pid": 7592,
    "index": 1
  },
  {
    "name": "Load Config",
    "start": 1572052185341,
    "end": 1572052185435,
    "duration": 94,
    "pid": 7592,
    "index": 2
  },
  {
    "name": "Require(0) config/config.default.js",
    "start": 1572052185342,
    "end": 1572052185343,
    "duration": 1,
    "pid": 7592,
    "index": 3
  },
  {
    "name": "Require(1) node_modules/egg-session/config/config.default.js",
    "start": 1572052185347,
    "end": 1572052185347,
    "duration": 0,
    "pid": 7592,
    "index": 4
  },
  {
    "name": "Require(2) node_modules/egg-security/config/config.default.js",
    "start": 1572052185348,
    "end": 1572052185349,
    "duration": 1,
    "pid": 7592,
    "index": 5
  },
  {
    "name": "Require(3) node_modules/egg-jsonp/config/config.default.js",
    "start": 1572052185350,
    "end": 1572052185351,
    "duration": 1,
    "pid": 7592,
    "index": 6
  },
  {
    "name": "Require(4) node_modules/egg-onerror/config/config.default.js",
    "start": 1572052185352,
    "end": 1572052185352,
    "duration": 0,
    "pid": 7592,
    "index": 7
  },
  {
    "name": "Require(5) node_modules/egg-i18n/config/config.default.js",
    "start": 1572052185353,
    "end": 1572052185353,
    "duration": 0,
    "pid": 7592,
    "index": 8
  },
  {
    "name": "Require(6) node_modules/egg-watcher/config/config.default.js",
    "start": 1572052185354,
    "end": 1572052185354,
    "duration": 0,
    "pid": 7592,
    "index": 9
  },
  {
    "name": "Require(7) node_modules/egg-schedule/config/config.default.js",
    "start": 1572052185355,
    "end": 1572052185355,
    "duration": 0,
    "pid": 7592,
    "index": 10
  },
  {
    "name": "Require(8) node_modules/egg-multipart/config/config.default.js",
    "start": 1572052185356,
    "end": 1572052185357,
    "duration": 1,
    "pid": 7592,
    "index": 11
  },
  {
    "name": "Require(9) node_modules/egg-development/config/config.default.js",
    "start": 1572052185358,
    "end": 1572052185359,
    "duration": 1,
    "pid": 7592,
    "index": 12
  },
  {
    "name": "Require(10) node_modules/egg-logrotator/config/config.default.js",
    "start": 1572052185361,
    "end": 1572052185376,
    "duration": 15,
    "pid": 7592,
    "index": 13
  },
  {
    "name": "Require(11) node_modules/egg-static/config/config.default.js",
    "start": 1572052185377,
    "end": 1572052185378,
    "duration": 1,
    "pid": 7592,
    "index": 14
  },
  {
    "name": "Require(12) node_modules/egg-view/config/config.default.js",
    "start": 1572052185393,
    "end": 1572052185398,
    "duration": 5,
    "pid": 7592,
    "index": 15
  },
  {
    "name": "Require(13) node_modules/egg-mysql/config/config.default.js",
    "start": 1572052185409,
    "end": 1572052185411,
    "duration": 2,
    "pid": 7592,
    "index": 16
  },
  {
    "name": "Require(14) node_modules/egg/config/config.default.js",
    "start": 1572052185412,
    "end": 1572052185418,
    "duration": 6,
    "pid": 7592,
    "index": 17
  },
  {
    "name": "Require(15) config/config.default.js",
    "start": 1572052185421,
    "end": 1572052185421,
    "duration": 0,
    "pid": 7592,
    "index": 18
  },
  {
    "name": "Require(16) node_modules/egg-security/config/config.local.js",
    "start": 1572052185423,
    "end": 1572052185424,
    "duration": 1,
    "pid": 7592,
    "index": 19
  },
  {
    "name": "Require(17) node_modules/egg-watcher/config/config.local.js",
    "start": 1572052185426,
    "end": 1572052185427,
    "duration": 1,
    "pid": 7592,
    "index": 20
  },
  {
    "name": "Require(18) node_modules/egg-view/config/config.local.js",
    "start": 1572052185433,
    "end": 1572052185433,
    "duration": 0,
    "pid": 7592,
    "index": 21
  },
  {
    "name": "Require(19) node_modules/egg/config/config.local.js",
    "start": 1572052185434,
    "end": 1572052185435,
    "duration": 1,
    "pid": 7592,
    "index": 22
  },
  {
    "name": "Load extend/application.js",
    "start": 1572052185438,
    "end": 1572052185503,
    "duration": 65,
    "pid": 7592,
    "index": 23
  },
  {
    "name": "Require(20) node_modules/egg-session/app/extend/application.js",
    "start": 1572052185439,
    "end": 1572052185440,
    "duration": 1,
    "pid": 7592,
    "index": 24
  },
  {
    "name": "Require(21) node_modules/egg-security/app/extend/application.js",
    "start": 1572052185442,
    "end": 1572052185444,
    "duration": 2,
    "pid": 7592,
    "index": 25
  },
  {
    "name": "Require(22) node_modules/egg-jsonp/app/extend/application.js",
    "start": 1572052185446,
    "end": 1572052185454,
    "duration": 8,
    "pid": 7592,
    "index": 26
  },
  {
    "name": "Require(23) node_modules/egg-logrotator/app/extend/application.js",
    "start": 1572052185460,
    "end": 1572052185483,
    "duration": 23,
    "pid": 7592,
    "index": 27
  },
  {
    "name": "Require(24) node_modules/egg-view/app/extend/application.js",
    "start": 1572052185485,
    "end": 1572052185492,
    "duration": 7,
    "pid": 7592,
    "index": 28
  },
  {
    "name": "Load extend/request.js",
    "start": 1572052185503,
    "end": 1572052185522,
    "duration": 19,
    "pid": 7592,
    "index": 29
  },
  {
    "name": "Require(25) node_modules/egg/app/extend/request.js",
    "start": 1572052185509,
    "end": 1572052185513,
    "duration": 4,
    "pid": 7592,
    "index": 30
  },
  {
    "name": "Load extend/response.js",
    "start": 1572052185522,
    "end": 1572052185553,
    "duration": 31,
    "pid": 7592,
    "index": 31
  },
  {
    "name": "Require(26) node_modules/egg/app/extend/response.js",
    "start": 1572052185527,
    "end": 1572052185532,
    "duration": 5,
    "pid": 7592,
    "index": 32
  },
  {
    "name": "Load extend/context.js",
    "start": 1572052185553,
    "end": 1572052185797,
    "duration": 244,
    "pid": 7592,
    "index": 33
  },
  {
    "name": "Require(27) node_modules/egg-security/app/extend/context.js",
    "start": 1572052185554,
    "end": 1572052185602,
    "duration": 48,
    "pid": 7592,
    "index": 34
  },
  {
    "name": "Require(28) node_modules/egg-jsonp/app/extend/context.js",
    "start": 1572052185603,
    "end": 1572052185606,
    "duration": 3,
    "pid": 7592,
    "index": 35
  },
  {
    "name": "Require(29) node_modules/egg-i18n/app/extend/context.js",
    "start": 1572052185608,
    "end": 1572052185608,
    "duration": 0,
    "pid": 7592,
    "index": 36
  },
  {
    "name": "Require(30) node_modules/egg-multipart/app/extend/context.js",
    "start": 1572052185610,
    "end": 1572052185784,
    "duration": 174,
    "pid": 7592,
    "index": 37
  },
  {
    "name": "Require(31) node_modules/egg-view/app/extend/context.js",
    "start": 1572052185785,
    "end": 1572052185787,
    "duration": 2,
    "pid": 7592,
    "index": 38
  },
  {
    "name": "Require(32) node_modules/egg/app/extend/context.js",
    "start": 1572052185788,
    "end": 1572052185791,
    "duration": 3,
    "pid": 7592,
    "index": 39
  },
  {
    "name": "Load extend/helper.js",
    "start": 1572052185797,
    "end": 1572052185859,
    "duration": 62,
    "pid": 7592,
    "index": 40
  },
  {
    "name": "Require(33) node_modules/egg-security/app/extend/helper.js",
    "start": 1572052185798,
    "end": 1572052185833,
    "duration": 35,
    "pid": 7592,
    "index": 41
  },
  {
    "name": "Require(34) node_modules/egg/app/extend/helper.js",
    "start": 1572052185850,
    "end": 1572052185851,
    "duration": 1,
    "pid": 7592,
    "index": 42
  },
  {
    "name": "Load app.js",
    "start": 1572052185859,
    "end": 1572052186012,
    "duration": 153,
    "pid": 7592,
    "index": 43
  },
  {
    "name": "Require(35) node_modules/egg-session/app.js",
    "start": 1572052185860,
    "end": 1572052185860,
    "duration": 0,
    "pid": 7592,
    "index": 44
  },
  {
    "name": "Require(36) node_modules/egg-security/app.js",
    "start": 1572052185861,
    "end": 1572052185864,
    "duration": 3,
    "pid": 7592,
    "index": 45
  },
  {
    "name": "Require(37) node_modules/egg-onerror/app.js",
    "start": 1572052185865,
    "end": 1572052185881,
    "duration": 16,
    "pid": 7592,
    "index": 46
  },
  {
    "name": "Require(38) node_modules/egg-i18n/app.js",
    "start": 1572052185882,
    "end": 1572052185926,
    "duration": 44,
    "pid": 7592,
    "index": 47
  },
  {
    "name": "Require(39) node_modules/egg-watcher/app.js",
    "start": 1572052185934,
    "end": 1572052185948,
    "duration": 14,
    "pid": 7592,
    "index": 48
  },
  {
    "name": "Require(40) node_modules/egg-schedule/app.js",
    "start": 1572052185949,
    "end": 1572052185954,
    "duration": 5,
    "pid": 7592,
    "index": 49
  },
  {
    "name": "Require(41) node_modules/egg-multipart/app.js",
    "start": 1572052185955,
    "end": 1572052185963,
    "duration": 8,
    "pid": 7592,
    "index": 50
  },
  {
    "name": "Require(42) node_modules/egg-development/app.js",
    "start": 1572052185964,
    "end": 1572052185964,
    "duration": 0,
    "pid": 7592,
    "index": 51
  },
  {
    "name": "Require(43) node_modules/egg-logrotator/app.js",
    "start": 1572052185965,
    "end": 1572052185965,
    "duration": 0,
    "pid": 7592,
    "index": 52
  },
  {
    "name": "Require(44) node_modules/egg-static/app.js",
    "start": 1572052185966,
    "end": 1572052185967,
    "duration": 1,
    "pid": 7592,
    "index": 53
  },
  {
    "name": "Require(45) node_modules/egg-mysql/app.js",
    "start": 1572052185968,
    "end": 1572052186010,
    "duration": 42,
    "pid": 7592,
    "index": 54
  },
  {
    "name": "Before Start in node_modules/egg-watcher/lib/init.js:15:14",
    "start": 1572052186053,
    "end": 1572052186539,
    "duration": 486,
    "pid": 7592,
    "index": 55
  },
  {
    "name": "Before Start in node_modules/egg-mysql/lib/mysql.js:20:7",
    "start": 1572052186282,
    "end": 1572052186544,
    "duration": 262,
    "pid": 7592,
    "index": 56
  },
  {
    "name": "Load Service",
    "start": 1572052186283,
    "end": 1572052186296,
    "duration": 13,
    "pid": 7592,
    "index": 57
  },
  {
    "name": "Load \"service\" to Context",
    "start": 1572052186283,
    "end": 1572052186296,
    "duration": 13,
    "pid": 7592,
    "index": 58
  },
  {
    "name": "Load Middleware",
    "start": 1572052186296,
    "end": 1572052186484,
    "duration": 188,
    "pid": 7592,
    "index": 59
  },
  {
    "name": "Load \"middlewares\" to Application",
    "start": 1572052186296,
    "end": 1572052186464,
    "duration": 168,
    "pid": 7592,
    "index": 60
  },
  {
    "name": "Load Controller",
    "start": 1572052186485,
    "end": 1572052186494,
    "duration": 9,
    "pid": 7592,
    "index": 61
  },
  {
    "name": "Load \"controller\" to Application",
    "start": 1572052186485,
    "end": 1572052186494,
    "duration": 9,
    "pid": 7592,
    "index": 62
  },
  {
    "name": "Load Router",
    "start": 1572052186494,
    "end": 1572052186497,
    "duration": 3,
    "pid": 7592,
    "index": 63
  },
  {
    "name": "Require(46) app/router.js",
    "start": 1572052186495,
    "end": 1572052186495,
    "duration": 0,
    "pid": 7592,
    "index": 64
  },
  {
    "name": "Before Start in node_modules/egg-core/lib/egg.js:303:10",
    "start": 1572052186496,
    "end": 1572052186521,
    "duration": 25,
    "pid": 7592,
    "index": 65
  }
]