[
  {
    "name": "Application Start",
    "start": 1572056309353,
    "end": 1572056310800,
    "duration": 1447,
    "pid": 9880,
    "index": 0
  },
  {
    "name": "Load Plugin",
    "start": 1572056309364,
    "end": 1572056309416,
    "duration": 52,
    "pid": 9880,
    "index": 1
  },
  {
    "name": "Load Config",
    "start": 1572056309417,
    "end": 1572056309469,
    "duration": 52,
    "pid": 9880,
    "index": 2
  },
  {
    "name": "Require(0) config/config.default.js",
    "start": 1572056309418,
    "end": 1572056309418,
    "duration": 0,
    "pid": 9880,
    "index": 3
  },
  {
    "name": "Require(1) node_modules/egg-session/config/config.default.js",
    "start": 1572056309420,
    "end": 1572056309421,
    "duration": 1,
    "pid": 9880,
    "index": 4
  },
  {
    "name": "Require(2) node_modules/egg-security/config/config.default.js",
    "start": 1572056309422,
    "end": 1572056309422,
    "duration": 0,
    "pid": 9880,
    "index": 5
  },
  {
    "name": "Require(3) node_modules/egg-jsonp/config/config.default.js",
    "start": 1572056309424,
    "end": 1572056309424,
    "duration": 0,
    "pid": 9880,
    "index": 6
  },
  {
    "name": "Require(4) node_modules/egg-onerror/config/config.default.js",
    "start": 1572056309425,
    "end": 1572056309425,
    "duration": 0,
    "pid": 9880,
    "index": 7
  },
  {
    "name": "Require(5) node_modules/egg-i18n/config/config.default.js",
    "start": 1572056309426,
    "end": 1572056309426,
    "duration": 0,
    "pid": 9880,
    "index": 8
  },
  {
    "name": "Require(6) node_modules/egg-watcher/config/config.default.js",
    "start": 1572056309427,
    "end": 1572056309428,
    "duration": 1,
    "pid": 9880,
    "index": 9
  },
  {
    "name": "Require(7) node_modules/egg-schedule/config/config.default.js",
    "start": 1572056309428,
    "end": 1572056309429,
    "duration": 1,
    "pid": 9880,
    "index": 10
  },
  {
    "name": "Require(8) node_modules/egg-multipart/config/config.default.js",
    "start": 1572056309430,
    "end": 1572056309430,
    "duration": 0,
    "pid": 9880,
    "index": 11
  },
  {
    "name": "Require(9) node_modules/egg-development/config/config.default.js",
    "start": 1572056309431,
    "end": 1572056309431,
    "duration": 0,
    "pid": 9880,
    "index": 12
  },
  {
    "name": "Require(10) node_modules/egg-logrotator/config/config.default.js",
    "start": 1572056309433,
    "end": 1572056309435,
    "duration": 2,
    "pid": 9880,
    "index": 13
  },
  {
    "name": "Require(11) node_modules/egg-static/config/config.default.js",
    "start": 1572056309436,
    "end": 1572056309437,
    "duration": 1,
    "pid": 9880,
    "index": 14
  },
  {
    "name": "Require(12) node_modules/egg-view/config/config.default.js",
    "start": 1572056309438,
    "end": 1572056309438,
    "duration": 0,
    "pid": 9880,
    "index": 15
  },
  {
    "name": "Require(13) node_modules/egg-mysql/config/config.default.js",
    "start": 1572056309439,
    "end": 1572056309440,
    "duration": 1,
    "pid": 9880,
    "index": 16
  },
  {
    "name": "Require(14) node_modules/egg/config/config.default.js",
    "start": 1572056309444,
    "end": 1572056309445,
    "duration": 1,
    "pid": 9880,
    "index": 17
  },
  {
    "name": "Require(15) config/config.default.js",
    "start": 1572056309447,
    "end": 1572056309447,
    "duration": 0,
    "pid": 9880,
    "index": 18
  },
  {
    "name": "Require(16) node_modules/egg-security/config/config.local.js",
    "start": 1572056309448,
    "end": 1572056309449,
    "duration": 1,
    "pid": 9880,
    "index": 19
  },
  {
    "name": "Require(17) node_modules/egg-watcher/config/config.local.js",
    "start": 1572056309453,
    "end": 1572056309453,
    "duration": 0,
    "pid": 9880,
    "index": 20
  },
  {
    "name": "Require(18) node_modules/egg-view/config/config.local.js",
    "start": 1572056309467,
    "end": 1572056309467,
    "duration": 0,
    "pid": 9880,
    "index": 21
  },
  {
    "name": "Require(19) node_modules/egg/config/config.local.js",
    "start": 1572056309468,
    "end": 1572056309469,
    "duration": 1,
    "pid": 9880,
    "index": 22
  },
  {
    "name": "Load extend/application.js",
    "start": 1572056309472,
    "end": 1572056309503,
    "duration": 31,
    "pid": 9880,
    "index": 23
  },
  {
    "name": "Require(20) node_modules/egg-session/app/extend/application.js",
    "start": 1572056309475,
    "end": 1572056309476,
    "duration": 1,
    "pid": 9880,
    "index": 24
  },
  {
    "name": "Require(21) node_modules/egg-security/app/extend/application.js",
    "start": 1572056309477,
    "end": 1572056309479,
    "duration": 2,
    "pid": 9880,
    "index": 25
  },
  {
    "name": "Require(22) node_modules/egg-jsonp/app/extend/application.js",
    "start": 1572056309480,
    "end": 1572056309483,
    "duration": 3,
    "pid": 9880,
    "index": 26
  },
  {
    "name": "Require(23) node_modules/egg-logrotator/app/extend/application.js",
    "start": 1572056309487,
    "end": 1572056309490,
    "duration": 3,
    "pid": 9880,
    "index": 27
  },
  {
    "name": "Require(24) node_modules/egg-view/app/extend/application.js",
    "start": 1572056309491,
    "end": 1572056309494,
    "duration": 3,
    "pid": 9880,
    "index": 28
  },
  {
    "name": "Load extend/request.js",
    "start": 1572056309503,
    "end": 1572056309523,
    "duration": 20,
    "pid": 9880,
    "index": 29
  },
  {
    "name": "Require(25) node_modules/egg/app/extend/request.js",
    "start": 1572056309513,
    "end": 1572056309515,
    "duration": 2,
    "pid": 9880,
    "index": 30
  },
  {
    "name": "Load extend/response.js",
    "start": 1572056309523,
    "end": 1572056309540,
    "duration": 17,
    "pid": 9880,
    "index": 31
  },
  {
    "name": "Require(26) node_modules/egg/app/extend/response.js",
    "start": 1572056309528,
    "end": 1572056309530,
    "duration": 2,
    "pid": 9880,
    "index": 32
  },
  {
    "name": "Load extend/context.js",
    "start": 1572056309540,
    "end": 1572056309724,
    "duration": 184,
    "pid": 9880,
    "index": 33
  },
  {
    "name": "Require(27) node_modules/egg-security/app/extend/context.js",
    "start": 1572056309542,
    "end": 1572056309592,
    "duration": 50,
    "pid": 9880,
    "index": 34
  },
  {
    "name": "Require(28) node_modules/egg-jsonp/app/extend/context.js",
    "start": 1572056309593,
    "end": 1572056309603,
    "duration": 10,
    "pid": 9880,
    "index": 35
  },
  {
    "name": "Require(29) node_modules/egg-i18n/app/extend/context.js",
    "start": 1572056309604,
    "end": 1572056309604,
    "duration": 0,
    "pid": 9880,
    "index": 36
  },
  {
    "name": "Require(30) node_modules/egg-multipart/app/extend/context.js",
    "start": 1572056309606,
    "end": 1572056309708,
    "duration": 102,
    "pid": 9880,
    "index": 37
  },
  {
    "name": "Require(31) node_modules/egg-view/app/extend/context.js",
    "start": 1572056309709,
    "end": 1572056309711,
    "duration": 2,
    "pid": 9880,
    "index": 38
  },
  {
    "name": "Require(32) node_modules/egg/app/extend/context.js",
    "start": 1572056309712,
    "end": 1572056309719,
    "duration": 7,
    "pid": 9880,
    "index": 39
  },
  {
    "name": "Load extend/helper.js",
    "start": 1572056309724,
    "end": 1572056309808,
    "duration": 84,
    "pid": 9880,
    "index": 40
  },
  {
    "name": "Require(33) node_modules/egg-security/app/extend/helper.js",
    "start": 1572056309726,
    "end": 1572056309792,
    "duration": 66,
    "pid": 9880,
    "index": 41
  },
  {
    "name": "Require(34) node_modules/egg/app/extend/helper.js",
    "start": 1572056309798,
    "end": 1572056309798,
    "duration": 0,
    "pid": 9880,
    "index": 42
  },
  {
    "name": "Load app.js",
    "start": 1572056309809,
    "end": 1572056310039,
    "duration": 230,
    "pid": 9880,
    "index": 43
  },
  {
    "name": "Require(35) node_modules/egg-session/app.js",
    "start": 1572056309810,
    "end": 1572056309810,
    "duration": 0,
    "pid": 9880,
    "index": 44
  },
  {
    "name": "Require(36) node_modules/egg-security/app.js",
    "start": 1572056309813,
    "end": 1572056309840,
    "duration": 27,
    "pid": 9880,
    "index": 45
  },
  {
    "name": "Require(37) node_modules/egg-onerror/app.js",
    "start": 1572056309852,
    "end": 1572056309875,
    "duration": 23,
    "pid": 9880,
    "index": 46
  },
  {
    "name": "Require(38) node_modules/egg-i18n/app.js",
    "start": 1572056309875,
    "end": 1572056309957,
    "duration": 82,
    "pid": 9880,
    "index": 47
  },
  {
    "name": "Require(39) node_modules/egg-watcher/app.js",
    "start": 1572056309958,
    "end": 1572056309964,
    "duration": 6,
    "pid": 9880,
    "index": 48
  },
  {
    "name": "Require(40) node_modules/egg-schedule/app.js",
    "start": 1572056309965,
    "end": 1572056309971,
    "duration": 6,
    "pid": 9880,
    "index": 49
  },
  {
    "name": "Require(41) node_modules/egg-multipart/app.js",
    "start": 1572056309971,
    "end": 1572056309975,
    "duration": 4,
    "pid": 9880,
    "index": 50
  },
  {
    "name": "Require(42) node_modules/egg-development/app.js",
    "start": 1572056309976,
    "end": 1572056309976,
    "duration": 0,
    "pid": 9880,
    "index": 51
  },
  {
    "name": "Require(43) node_modules/egg-logrotator/app.js",
    "start": 1572056309977,
    "end": 1572056309977,
    "duration": 0,
    "pid": 9880,
    "index": 52
  },
  {
    "name": "Require(44) node_modules/egg-static/app.js",
    "start": 1572056309978,
    "end": 1572056309978,
    "duration": 0,
    "pid": 9880,
    "index": 53
  },
  {
    "name": "Require(45) node_modules/egg-mysql/app.js",
    "start": 1572056309979,
    "end": 1572056310037,
    "duration": 58,
    "pid": 9880,
    "index": 54
  },
  {
    "name": "Before Start in node_modules/egg-watcher/lib/init.js:15:14",
    "start": 1572056310058,
    "end": 1572056310795,
    "duration": 737,
    "pid": 9880,
    "index": 55
  },
  {
    "name": "Before Start in node_modules/egg-mysql/lib/mysql.js:20:7",
    "start": 1572056310420,
    "end": 1572056310799,
    "duration": 379,
    "pid": 9880,
    "index": 56
  },
  {
    "name": "Load Service",
    "start": 1572056310421,
    "end": 1572056310435,
    "duration": 14,
    "pid": 9880,
    "index": 57
  },
  {
    "name": "Load \"service\" to Context",
    "start": 1572056310421,
    "end": 1572056310435,
    "duration": 14,
    "pid": 9880,
    "index": 58
  },
  {
    "name": "Load Middleware",
    "start": 1572056310435,
    "end": 1572056310681,
    "duration": 246,
    "pid": 9880,
    "index": 59
  },
  {
    "name": "Load \"middlewares\" to Application",
    "start": 1572056310436,
    "end": 1572056310658,
    "duration": 222,
    "pid": 9880,
    "index": 60
  },
  {
    "name": "Load Controller",
    "start": 1572056310681,
    "end": 1572056310744,
    "duration": 63,
    "pid": 9880,
    "index": 61
  },
  {
    "name": "Load \"controller\" to Application",
    "start": 1572056310681,
    "end": 1572056310744,
    "duration": 63,
    "pid": 9880,
    "index": 62
  },
  {
    "name": "Load Router",
    "start": 1572056310744,
    "end": 1572056310748,
    "duration": 4,
    "pid": 9880,
    "index": 63
  },
  {
    "name": "Require(46) app/router.js",
    "start": 1572056310745,
    "end": 1572056310746,
    "duration": 1,
    "pid": 9880,
    "index": 64
  },
  {
    "name": "Before Start in node_modules/egg-core/lib/egg.js:303:10",
    "start": 1572056310747,
    "end": 1572056310773,
    "duration": 26,
    "pid": 9880,
    "index": 65
  }
]