[
  {
    "name": "Application Start",
    "start": 1572053035418,
    "end": 1572053036681,
    "duration": 1263,
    "pid": 11652,
    "index": 0
  },
  {
    "name": "Load Plugin",
    "start": 1572053035425,
    "end": 1572053035484,
    "duration": 59,
    "pid": 11652,
    "index": 1
  },
  {
    "name": "Load Config",
    "start": 1572053035484,
    "end": 1572053035555,
    "duration": 71,
    "pid": 11652,
    "index": 2
  },
  {
    "name": "Require(0) config/config.default.js",
    "start": 1572053035485,
    "end": 1572053035486,
    "duration": 1,
    "pid": 11652,
    "index": 3
  },
  {
    "name": "Require(1) node_modules/egg-session/config/config.default.js",
    "start": 1572053035489,
    "end": 1572053035489,
    "duration": 0,
    "pid": 11652,
    "index": 4
  },
  {
    "name": "Require(2) node_modules/egg-security/config/config.default.js",
    "start": 1572053035490,
    "end": 1572053035491,
    "duration": 1,
    "pid": 11652,
    "index": 5
  },
  {
    "name": "Require(3) node_modules/egg-jsonp/config/config.default.js",
    "start": 1572053035493,
    "end": 1572053035493,
    "duration": 0,
    "pid": 11652,
    "index": 6
  },
  {
    "name": "Require(4) node_modules/egg-onerror/config/config.default.js",
    "start": 1572053035494,
    "end": 1572053035495,
    "duration": 1,
    "pid": 11652,
    "index": 7
  },
  {
    "name": "Require(5) node_modules/egg-i18n/config/config.default.js",
    "start": 1572053035496,
    "end": 1572053035496,
    "duration": 0,
    "pid": 11652,
    "index": 8
  },
  {
    "name": "Require(6) node_modules/egg-watcher/config/config.default.js",
    "start": 1572053035498,
    "end": 1572053035498,
    "duration": 0,
    "pid": 11652,
    "index": 9
  },
  {
    "name": "Require(7) node_modules/egg-schedule/config/config.default.js",
    "start": 1572053035499,
    "end": 1572053035499,
    "duration": 0,
    "pid": 11652,
    "index": 10
  },
  {
    "name": "Require(8) node_modules/egg-multipart/config/config.default.js",
    "start": 1572053035500,
    "end": 1572053035500,
    "duration": 0,
    "pid": 11652,
    "index": 11
  },
  {
    "name": "Require(9) node_modules/egg-development/config/config.default.js",
    "start": 1572053035502,
    "end": 1572053035503,
    "duration": 1,
    "pid": 11652,
    "index": 12
  },
  {
    "name": "Require(10) node_modules/egg-logrotator/config/config.default.js",
    "start": 1572053035504,
    "end": 1572053035508,
    "duration": 4,
    "pid": 11652,
    "index": 13
  },
  {
    "name": "Require(11) node_modules/egg-static/config/config.default.js",
    "start": 1572053035510,
    "end": 1572053035512,
    "duration": 2,
    "pid": 11652,
    "index": 14
  },
  {
    "name": "Require(12) node_modules/egg-view/config/config.default.js",
    "start": 1572053035515,
    "end": 1572053035515,
    "duration": 0,
    "pid": 11652,
    "index": 15
  },
  {
    "name": "Require(13) node_modules/egg-mysql/config/config.default.js",
    "start": 1572053035522,
    "end": 1572053035523,
    "duration": 1,
    "pid": 11652,
    "index": 16
  },
  {
    "name": "Require(14) node_modules/egg/config/config.default.js",
    "start": 1572053035524,
    "end": 1572053035525,
    "duration": 1,
    "pid": 11652,
    "index": 17
  },
  {
    "name": "Require(15) config/config.default.js",
    "start": 1572053035529,
    "end": 1572053035529,
    "duration": 0,
    "pid": 11652,
    "index": 18
  },
  {
    "name": "Require(16) node_modules/egg-security/config/config.local.js",
    "start": 1572053035541,
    "end": 1572053035542,
    "duration": 1,
    "pid": 11652,
    "index": 19
  },
  {
    "name": "Require(17) node_modules/egg-watcher/config/config.local.js",
    "start": 1572053035546,
    "end": 1572053035546,
    "duration": 0,
    "pid": 11652,
    "index": 20
  },
  {
    "name": "Require(18) node_modules/egg-view/config/config.local.js",
    "start": 1572053035551,
    "end": 1572053035552,
    "duration": 1,
    "pid": 11652,
    "index": 21
  },
  {
    "name": "Require(19) node_modules/egg/config/config.local.js",
    "start": 1572053035554,
    "end": 1572053035554,
    "duration": 0,
    "pid": 11652,
    "index": 22
  },
  {
    "name": "Load extend/application.js",
    "start": 1572053035558,
    "end": 1572053035586,
    "duration": 28,
    "pid": 11652,
    "index": 23
  },
  {
    "name": "Require(20) node_modules/egg-session/app/extend/application.js",
    "start": 1572053035559,
    "end": 1572053035561,
    "duration": 2,
    "pid": 11652,
    "index": 24
  },
  {
    "name": "Require(21) node_modules/egg-security/app/extend/application.js",
    "start": 1572053035562,
    "end": 1572053035564,
    "duration": 2,
    "pid": 11652,
    "index": 25
  },
  {
    "name": "Require(22) node_modules/egg-jsonp/app/extend/application.js",
    "start": 1572053035565,
    "end": 1572053035569,
    "duration": 4,
    "pid": 11652,
    "index": 26
  },
  {
    "name": "Require(23) node_modules/egg-logrotator/app/extend/application.js",
    "start": 1572053035572,
    "end": 1572053035575,
    "duration": 3,
    "pid": 11652,
    "index": 27
  },
  {
    "name": "Require(24) node_modules/egg-view/app/extend/application.js",
    "start": 1572053035577,
    "end": 1572053035579,
    "duration": 2,
    "pid": 11652,
    "index": 28
  },
  {
    "name": "Load extend/request.js",
    "start": 1572053035586,
    "end": 1572053035599,
    "duration": 13,
    "pid": 11652,
    "index": 29
  },
  {
    "name": "Require(25) node_modules/egg/app/extend/request.js",
    "start": 1572053035592,
    "end": 1572053035594,
    "duration": 2,
    "pid": 11652,
    "index": 30
  },
  {
    "name": "Load extend/response.js",
    "start": 1572053035599,
    "end": 1572053035630,
    "duration": 31,
    "pid": 11652,
    "index": 31
  },
  {
    "name": "Require(26) node_modules/egg/app/extend/response.js",
    "start": 1572053035603,
    "end": 1572053035605,
    "duration": 2,
    "pid": 11652,
    "index": 32
  },
  {
    "name": "Load extend/context.js",
    "start": 1572053035630,
    "end": 1572053035827,
    "duration": 197,
    "pid": 11652,
    "index": 33
  },
  {
    "name": "Require(27) node_modules/egg-security/app/extend/context.js",
    "start": 1572053035631,
    "end": 1572053035664,
    "duration": 33,
    "pid": 11652,
    "index": 34
  },
  {
    "name": "Require(28) node_modules/egg-jsonp/app/extend/context.js",
    "start": 1572053035665,
    "end": 1572053035670,
    "duration": 5,
    "pid": 11652,
    "index": 35
  },
  {
    "name": "Require(29) node_modules/egg-i18n/app/extend/context.js",
    "start": 1572053035675,
    "end": 1572053035675,
    "duration": 0,
    "pid": 11652,
    "index": 36
  },
  {
    "name": "Require(30) node_modules/egg-multipart/app/extend/context.js",
    "start": 1572053035680,
    "end": 1572053035800,
    "duration": 120,
    "pid": 11652,
    "index": 37
  },
  {
    "name": "Require(31) node_modules/egg-view/app/extend/context.js",
    "start": 1572053035802,
    "end": 1572053035804,
    "duration": 2,
    "pid": 11652,
    "index": 38
  },
  {
    "name": "Require(32) node_modules/egg/app/extend/context.js",
    "start": 1572053035809,
    "end": 1572053035815,
    "duration": 6,
    "pid": 11652,
    "index": 39
  },
  {
    "name": "Load extend/helper.js",
    "start": 1572053035828,
    "end": 1572053035884,
    "duration": 56,
    "pid": 11652,
    "index": 40
  },
  {
    "name": "Require(33) node_modules/egg-security/app/extend/helper.js",
    "start": 1572053035830,
    "end": 1572053035872,
    "duration": 42,
    "pid": 11652,
    "index": 41
  },
  {
    "name": "Require(34) node_modules/egg/app/extend/helper.js",
    "start": 1572053035875,
    "end": 1572053035875,
    "duration": 0,
    "pid": 11652,
    "index": 42
  },
  {
    "name": "Load app.js",
    "start": 1572053035884,
    "end": 1572053036050,
    "duration": 166,
    "pid": 11652,
    "index": 43
  },
  {
    "name": "Require(35) node_modules/egg-session/app.js",
    "start": 1572053035884,
    "end": 1572053035885,
    "duration": 1,
    "pid": 11652,
    "index": 44
  },
  {
    "name": "Require(36) node_modules/egg-security/app.js",
    "start": 1572053035885,
    "end": 1572053035889,
    "duration": 4,
    "pid": 11652,
    "index": 45
  },
  {
    "name": "Require(37) node_modules/egg-onerror/app.js",
    "start": 1572053035891,
    "end": 1572053035926,
    "duration": 35,
    "pid": 11652,
    "index": 46
  },
  {
    "name": "Require(38) node_modules/egg-i18n/app.js",
    "start": 1572053035927,
    "end": 1572053035969,
    "duration": 42,
    "pid": 11652,
    "index": 47
  },
  {
    "name": "Require(39) node_modules/egg-watcher/app.js",
    "start": 1572053035969,
    "end": 1572053035989,
    "duration": 20,
    "pid": 11652,
    "index": 48
  },
  {
    "name": "Require(40) node_modules/egg-schedule/app.js",
    "start": 1572053035990,
    "end": 1572053035995,
    "duration": 5,
    "pid": 11652,
    "index": 49
  },
  {
    "name": "Require(41) node_modules/egg-multipart/app.js",
    "start": 1572053035996,
    "end": 1572053036007,
    "duration": 11,
    "pid": 11652,
    "index": 50
  },
  {
    "name": "Require(42) node_modules/egg-development/app.js",
    "start": 1572053036010,
    "end": 1572053036011,
    "duration": 1,
    "pid": 11652,
    "index": 51
  },
  {
    "name": "Require(43) node_modules/egg-logrotator/app.js",
    "start": 1572053036012,
    "end": 1572053036013,
    "duration": 1,
    "pid": 11652,
    "index": 52
  },
  {
    "name": "Require(44) node_modules/egg-static/app.js",
    "start": 1572053036013,
    "end": 1572053036014,
    "duration": 1,
    "pid": 11652,
    "index": 53
  },
  {
    "name": "Require(45) node_modules/egg-mysql/app.js",
    "start": 1572053036015,
    "end": 1572053036048,
    "duration": 33,
    "pid": 11652,
    "index": 54
  },
  {
    "name": "Before Start in node_modules/egg-watcher/lib/init.js:15:14",
    "start": 1572053036069,
    "end": 1572053036674,
    "duration": 605,
    "pid": 11652,
    "index": 55
  },
  {
    "name": "Before Start in node_modules/egg-mysql/lib/mysql.js:20:7",
    "start": 1572053036323,
    "end": 1572053036681,
    "duration": 358,
    "pid": 11652,
    "index": 56
  },
  {
    "name": "Load Service",
    "start": 1572053036324,
    "end": 1572053036334,
    "duration": 10,
    "pid": 11652,
    "index": 57
  },
  {
    "name": "Load \"service\" to Context",
    "start": 1572053036324,
    "end": 1572053036334,
    "duration": 10,
    "pid": 11652,
    "index": 58
  },
  {
    "name": "Load Middleware",
    "start": 1572053036334,
    "end": 1572053036514,
    "duration": 180,
    "pid": 11652,
    "index": 59
  },
  {
    "name": "Load \"middlewares\" to Application",
    "start": 1572053036335,
    "end": 1572053036499,
    "duration": 164,
    "pid": 11652,
    "index": 60
  },
  {
    "name": "Load Controller",
    "start": 1572053036514,
    "end": 1572053036604,
    "duration": 90,
    "pid": 11652,
    "index": 61
  },
  {
    "name": "Load \"controller\" to Application",
    "start": 1572053036514,
    "end": 1572053036604,
    "duration": 90,
    "pid": 11652,
    "index": 62
  },
  {
    "name": "Load Router",
    "start": 1572053036604,
    "end": 1572053036613,
    "duration": 9,
    "pid": 11652,
    "index": 63
  },
  {
    "name": "Require(46) app/router.js",
    "start": 1572053036605,
    "end": 1572053036605,
    "duration": 0,
    "pid": 11652,
    "index": 64
  },
  {
    "name": "Before Start in node_modules/egg-core/lib/egg.js:303:10",
    "start": 1572053036606,
    "end": 1572053036646,
    "duration": 40,
    "pid": 11652,
    "index": 65
  }
]