[
  {
    "name": "Application Start",
    "start": 1572056010196,
    "end": 1572056011715,
    "duration": 1519,
    "pid": 2596,
    "index": 0
  },
  {
    "name": "Load Plugin",
    "start": 1572056010209,
    "end": 1572056010272,
    "duration": 63,
    "pid": 2596,
    "index": 1
  },
  {
    "name": "Load Config",
    "start": 1572056010273,
    "end": 1572056010334,
    "duration": 61,
    "pid": 2596,
    "index": 2
  },
  {
    "name": "Require(0) config/config.default.js",
    "start": 1572056010276,
    "end": 1572056010277,
    "duration": 1,
    "pid": 2596,
    "index": 3
  },
  {
    "name": "Require(1) node_modules/egg-session/config/config.default.js",
    "start": 1572056010280,
    "end": 1572056010280,
    "duration": 0,
    "pid": 2596,
    "index": 4
  },
  {
    "name": "Require(2) node_modules/egg-security/config/config.default.js",
    "start": 1572056010281,
    "end": 1572056010282,
    "duration": 1,
    "pid": 2596,
    "index": 5
  },
  {
    "name": "Require(3) node_modules/egg-jsonp/config/config.default.js",
    "start": 1572056010283,
    "end": 1572056010284,
    "duration": 1,
    "pid": 2596,
    "index": 6
  },
  {
    "name": "Require(4) node_modules/egg-onerror/config/config.default.js",
    "start": 1572056010284,
    "end": 1572056010285,
    "duration": 1,
    "pid": 2596,
    "index": 7
  },
  {
    "name": "Require(5) node_modules/egg-i18n/config/config.default.js",
    "start": 1572056010285,
    "end": 1572056010286,
    "duration": 1,
    "pid": 2596,
    "index": 8
  },
  {
    "name": "Require(6) node_modules/egg-watcher/config/config.default.js",
    "start": 1572056010287,
    "end": 1572056010287,
    "duration": 0,
    "pid": 2596,
    "index": 9
  },
  {
    "name": "Require(7) node_modules/egg-schedule/config/config.default.js",
    "start": 1572056010288,
    "end": 1572056010288,
    "duration": 0,
    "pid": 2596,
    "index": 10
  },
  {
    "name": "Require(8) node_modules/egg-multipart/config/config.default.js",
    "start": 1572056010289,
    "end": 1572056010289,
    "duration": 0,
    "pid": 2596,
    "index": 11
  },
  {
    "name": "Require(9) node_modules/egg-development/config/config.default.js",
    "start": 1572056010290,
    "end": 1572056010290,
    "duration": 0,
    "pid": 2596,
    "index": 12
  },
  {
    "name": "Require(10) node_modules/egg-logrotator/config/config.default.js",
    "start": 1572056010291,
    "end": 1572056010294,
    "duration": 3,
    "pid": 2596,
    "index": 13
  },
  {
    "name": "Require(11) node_modules/egg-static/config/config.default.js",
    "start": 1572056010296,
    "end": 1572056010297,
    "duration": 1,
    "pid": 2596,
    "index": 14
  },
  {
    "name": "Require(12) node_modules/egg-view/config/config.default.js",
    "start": 1572056010299,
    "end": 1572056010299,
    "duration": 0,
    "pid": 2596,
    "index": 15
  },
  {
    "name": "Require(13) node_modules/egg-mysql/config/config.default.js",
    "start": 1572056010300,
    "end": 1572056010301,
    "duration": 1,
    "pid": 2596,
    "index": 16
  },
  {
    "name": "Require(14) node_modules/egg/config/config.default.js",
    "start": 1572056010302,
    "end": 1572056010305,
    "duration": 3,
    "pid": 2596,
    "index": 17
  },
  {
    "name": "Require(15) config/config.default.js",
    "start": 1572056010308,
    "end": 1572056010308,
    "duration": 0,
    "pid": 2596,
    "index": 18
  },
  {
    "name": "Require(16) node_modules/egg-security/config/config.local.js",
    "start": 1572056010322,
    "end": 1572056010324,
    "duration": 2,
    "pid": 2596,
    "index": 19
  },
  {
    "name": "Require(17) node_modules/egg-watcher/config/config.local.js",
    "start": 1572056010326,
    "end": 1572056010326,
    "duration": 0,
    "pid": 2596,
    "index": 20
  },
  {
    "name": "Require(18) node_modules/egg-view/config/config.local.js",
    "start": 1572056010330,
    "end": 1572056010331,
    "duration": 1,
    "pid": 2596,
    "index": 21
  },
  {
    "name": "Require(19) node_modules/egg/config/config.local.js",
    "start": 1572056010333,
    "end": 1572056010333,
    "duration": 0,
    "pid": 2596,
    "index": 22
  },
  {
    "name": "Load extend/application.js",
    "start": 1572056010335,
    "end": 1572056010354,
    "duration": 19,
    "pid": 2596,
    "index": 23
  },
  {
    "name": "Require(20) node_modules/egg-session/app/extend/application.js",
    "start": 1572056010336,
    "end": 1572056010337,
    "duration": 1,
    "pid": 2596,
    "index": 24
  },
  {
    "name": "Require(21) node_modules/egg-security/app/extend/application.js",
    "start": 1572056010338,
    "end": 1572056010339,
    "duration": 1,
    "pid": 2596,
    "index": 25
  },
  {
    "name": "Require(22) node_modules/egg-jsonp/app/extend/application.js",
    "start": 1572056010340,
    "end": 1572056010342,
    "duration": 2,
    "pid": 2596,
    "index": 26
  },
  {
    "name": "Require(23) node_modules/egg-logrotator/app/extend/application.js",
    "start": 1572056010345,
    "end": 1572056010347,
    "duration": 2,
    "pid": 2596,
    "index": 27
  },
  {
    "name": "Require(24) node_modules/egg-view/app/extend/application.js",
    "start": 1572056010348,
    "end": 1572056010350,
    "duration": 2,
    "pid": 2596,
    "index": 28
  },
  {
    "name": "Load extend/request.js",
    "start": 1572056010354,
    "end": 1572056010364,
    "duration": 10,
    "pid": 2596,
    "index": 29
  },
  {
    "name": "Require(25) node_modules/egg/app/extend/request.js",
    "start": 1572056010358,
    "end": 1572056010360,
    "duration": 2,
    "pid": 2596,
    "index": 30
  },
  {
    "name": "Load extend/response.js",
    "start": 1572056010365,
    "end": 1572056010378,
    "duration": 13,
    "pid": 2596,
    "index": 31
  },
  {
    "name": "Require(26) node_modules/egg/app/extend/response.js",
    "start": 1572056010369,
    "end": 1572056010372,
    "duration": 3,
    "pid": 2596,
    "index": 32
  },
  {
    "name": "Load extend/context.js",
    "start": 1572056010378,
    "end": 1572056010618,
    "duration": 240,
    "pid": 2596,
    "index": 33
  },
  {
    "name": "Require(27) node_modules/egg-security/app/extend/context.js",
    "start": 1572056010379,
    "end": 1572056010419,
    "duration": 40,
    "pid": 2596,
    "index": 34
  },
  {
    "name": "Require(28) node_modules/egg-jsonp/app/extend/context.js",
    "start": 1572056010420,
    "end": 1572056010424,
    "duration": 4,
    "pid": 2596,
    "index": 35
  },
  {
    "name": "Require(29) node_modules/egg-i18n/app/extend/context.js",
    "start": 1572056010427,
    "end": 1572056010428,
    "duration": 1,
    "pid": 2596,
    "index": 36
  },
  {
    "name": "Require(30) node_modules/egg-multipart/app/extend/context.js",
    "start": 1572056010437,
    "end": 1572056010591,
    "duration": 154,
    "pid": 2596,
    "index": 37
  },
  {
    "name": "Require(31) node_modules/egg-view/app/extend/context.js",
    "start": 1572056010593,
    "end": 1572056010599,
    "duration": 6,
    "pid": 2596,
    "index": 38
  },
  {
    "name": "Require(32) node_modules/egg/app/extend/context.js",
    "start": 1572056010601,
    "end": 1572056010609,
    "duration": 8,
    "pid": 2596,
    "index": 39
  },
  {
    "name": "Load extend/helper.js",
    "start": 1572056010619,
    "end": 1572056010686,
    "duration": 67,
    "pid": 2596,
    "index": 40
  },
  {
    "name": "Require(33) node_modules/egg-security/app/extend/helper.js",
    "start": 1572056010623,
    "end": 1572056010657,
    "duration": 34,
    "pid": 2596,
    "index": 41
  },
  {
    "name": "Require(34) node_modules/egg/app/extend/helper.js",
    "start": 1572056010665,
    "end": 1572056010666,
    "duration": 1,
    "pid": 2596,
    "index": 42
  },
  {
    "name": "Load app.js",
    "start": 1572056010687,
    "end": 1572056010878,
    "duration": 191,
    "pid": 2596,
    "index": 43
  },
  {
    "name": "Require(35) node_modules/egg-session/app.js",
    "start": 1572056010688,
    "end": 1572056010689,
    "duration": 1,
    "pid": 2596,
    "index": 44
  },
  {
    "name": "Require(36) node_modules/egg-security/app.js",
    "start": 1572056010691,
    "end": 1572056010694,
    "duration": 3,
    "pid": 2596,
    "index": 45
  },
  {
    "name": "Require(37) node_modules/egg-onerror/app.js",
    "start": 1572056010695,
    "end": 1572056010715,
    "duration": 20,
    "pid": 2596,
    "index": 46
  },
  {
    "name": "Require(38) node_modules/egg-i18n/app.js",
    "start": 1572056010716,
    "end": 1572056010758,
    "duration": 42,
    "pid": 2596,
    "index": 47
  },
  {
    "name": "Require(39) node_modules/egg-watcher/app.js",
    "start": 1572056010759,
    "end": 1572056010774,
    "duration": 15,
    "pid": 2596,
    "index": 48
  },
  {
    "name": "Require(40) node_modules/egg-schedule/app.js",
    "start": 1572056010775,
    "end": 1572056010785,
    "duration": 10,
    "pid": 2596,
    "index": 49
  },
  {
    "name": "Require(41) node_modules/egg-multipart/app.js",
    "start": 1572056010787,
    "end": 1572056010793,
    "duration": 6,
    "pid": 2596,
    "index": 50
  },
  {
    "name": "Require(42) node_modules/egg-development/app.js",
    "start": 1572056010795,
    "end": 1572056010795,
    "duration": 0,
    "pid": 2596,
    "index": 51
  },
  {
    "name": "Require(43) node_modules/egg-logrotator/app.js",
    "start": 1572056010796,
    "end": 1572056010797,
    "duration": 1,
    "pid": 2596,
    "index": 52
  },
  {
    "name": "Require(44) node_modules/egg-static/app.js",
    "start": 1572056010798,
    "end": 1572056010799,
    "duration": 1,
    "pid": 2596,
    "index": 53
  },
  {
    "name": "Require(45) node_modules/egg-mysql/app.js",
    "start": 1572056010801,
    "end": 1572056010874,
    "duration": 73,
    "pid": 2596,
    "index": 54
  },
  {
    "name": "Before Start in node_modules/egg-watcher/lib/init.js:15:14",
    "start": 1572056011001,
    "end": 1572056011702,
    "duration": 701,
    "pid": 2596,
    "index": 55
  },
  {
    "name": "Before Start in node_modules/egg-mysql/lib/mysql.js:20:7",
    "start": 1572056011346,
    "end": 1572056011715,
    "duration": 369,
    "pid": 2596,
    "index": 56
  },
  {
    "name": "Load Service",
    "start": 1572056011347,
    "end": 1572056011364,
    "duration": 17,
    "pid": 2596,
    "index": 57
  },
  {
    "name": "Load \"service\" to Context",
    "start": 1572056011347,
    "end": 1572056011364,
    "duration": 17,
    "pid": 2596,
    "index": 58
  },
  {
    "name": "Load Middleware",
    "start": 1572056011364,
    "end": 1572056011562,
    "duration": 198,
    "pid": 2596,
    "index": 59
  },
  {
    "name": "Load \"middlewares\" to Application",
    "start": 1572056011364,
    "end": 1572056011547,
    "duration": 183,
    "pid": 2596,
    "index": 60
  },
  {
    "name": "Load Controller",
    "start": 1572056011562,
    "end": 1572056011636,
    "duration": 74,
    "pid": 2596,
    "index": 61
  },
  {
    "name": "Load \"controller\" to Application",
    "start": 1572056011562,
    "end": 1572056011636,
    "duration": 74,
    "pid": 2596,
    "index": 62
  },
  {
    "name": "Load Router",
    "start": 1572056011636,
    "end": 1572056011638,
    "duration": 2,
    "pid": 2596,
    "index": 63
  },
  {
    "name": "Require(46) app/router.js",
    "start": 1572056011636,
    "end": 1572056011637,
    "duration": 1,
    "pid": 2596,
    "index": 64
  },
  {
    "name": "Before Start in node_modules/egg-core/lib/egg.js:303:10",
    "start": 1572056011637,
    "end": 1572056011658,
    "duration": 21,
    "pid": 2596,
    "index": 65
  }
]