[
  {
    "name": "Application Start",
    "start": 1572055439427,
    "end": 1572055440574,
    "duration": 1147,
    "pid": 3948,
    "index": 0
  },
  {
    "name": "Load Plugin",
    "start": 1572055439435,
    "end": 1572055439491,
    "duration": 56,
    "pid": 3948,
    "index": 1
  },
  {
    "name": "Load Config",
    "start": 1572055439491,
    "end": 1572055439528,
    "duration": 37,
    "pid": 3948,
    "index": 2
  },
  {
    "name": "Require(0) config/config.default.js",
    "start": 1572055439492,
    "end": 1572055439493,
    "duration": 1,
    "pid": 3948,
    "index": 3
  },
  {
    "name": "Require(1) node_modules/egg-session/config/config.default.js",
    "start": 1572055439495,
    "end": 1572055439495,
    "duration": 0,
    "pid": 3948,
    "index": 4
  },
  {
    "name": "Require(2) node_modules/egg-security/config/config.default.js",
    "start": 1572055439496,
    "end": 1572055439496,
    "duration": 0,
    "pid": 3948,
    "index": 5
  },
  {
    "name": "Require(3) node_modules/egg-jsonp/config/config.default.js",
    "start": 1572055439498,
    "end": 1572055439498,
    "duration": 0,
    "pid": 3948,
    "index": 6
  },
  {
    "name": "Require(4) node_modules/egg-onerror/config/config.default.js",
    "start": 1572055439499,
    "end": 1572055439499,
    "duration": 0,
    "pid": 3948,
    "index": 7
  },
  {
    "name": "Require(5) node_modules/egg-i18n/config/config.default.js",
    "start": 1572055439500,
    "end": 1572055439501,
    "duration": 1,
    "pid": 3948,
    "index": 8
  },
  {
    "name": "Require(6) node_modules/egg-watcher/config/config.default.js",
    "start": 1572055439502,
    "end": 1572055439503,
    "duration": 1,
    "pid": 3948,
    "index": 9
  },
  {
    "name": "Require(7) node_modules/egg-schedule/config/config.default.js",
    "start": 1572055439504,
    "end": 1572055439505,
    "duration": 1,
    "pid": 3948,
    "index": 10
  },
  {
    "name": "Require(8) node_modules/egg-multipart/config/config.default.js",
    "start": 1572055439505,
    "end": 1572055439506,
    "duration": 1,
    "pid": 3948,
    "index": 11
  },
  {
    "name": "Require(9) node_modules/egg-development/config/config.default.js",
    "start": 1572055439507,
    "end": 1572055439508,
    "duration": 1,
    "pid": 3948,
    "index": 12
  },
  {
    "name": "Require(10) node_modules/egg-logrotator/config/config.default.js",
    "start": 1572055439509,
    "end": 1572055439512,
    "duration": 3,
    "pid": 3948,
    "index": 13
  },
  {
    "name": "Require(11) node_modules/egg-static/config/config.default.js",
    "start": 1572055439513,
    "end": 1572055439513,
    "duration": 0,
    "pid": 3948,
    "index": 14
  },
  {
    "name": "Require(12) node_modules/egg-view/config/config.default.js",
    "start": 1572055439514,
    "end": 1572055439515,
    "duration": 1,
    "pid": 3948,
    "index": 15
  },
  {
    "name": "Require(13) node_modules/egg-mysql/config/config.default.js",
    "start": 1572055439515,
    "end": 1572055439516,
    "duration": 1,
    "pid": 3948,
    "index": 16
  },
  {
    "name": "Require(14) node_modules/egg/config/config.default.js",
    "start": 1572055439517,
    "end": 1572055439517,
    "duration": 0,
    "pid": 3948,
    "index": 17
  },
  {
    "name": "Require(15) config/config.default.js",
    "start": 1572055439519,
    "end": 1572055439519,
    "duration": 0,
    "pid": 3948,
    "index": 18
  },
  {
    "name": "Require(16) node_modules/egg-security/config/config.local.js",
    "start": 1572055439521,
    "end": 1572055439521,
    "duration": 0,
    "pid": 3948,
    "index": 19
  },
  {
    "name": "Require(17) node_modules/egg-watcher/config/config.local.js",
    "start": 1572055439523,
    "end": 1572055439523,
    "duration": 0,
    "pid": 3948,
    "index": 20
  },
  {
    "name": "Require(18) node_modules/egg-view/config/config.local.js",
    "start": 1572055439526,
    "end": 1572055439526,
    "duration": 0,
    "pid": 3948,
    "index": 21
  },
  {
    "name": "Require(19) node_modules/egg/config/config.local.js",
    "start": 1572055439527,
    "end": 1572055439527,
    "duration": 0,
    "pid": 3948,
    "index": 22
  },
  {
    "name": "Load extend/application.js",
    "start": 1572055439530,
    "end": 1572055439557,
    "duration": 27,
    "pid": 3948,
    "index": 23
  },
  {
    "name": "Require(20) node_modules/egg-session/app/extend/application.js",
    "start": 1572055439531,
    "end": 1572055439532,
    "duration": 1,
    "pid": 3948,
    "index": 24
  },
  {
    "name": "Require(21) node_modules/egg-security/app/extend/application.js",
    "start": 1572055439533,
    "end": 1572055439535,
    "duration": 2,
    "pid": 3948,
    "index": 25
  },
  {
    "name": "Require(22) node_modules/egg-jsonp/app/extend/application.js",
    "start": 1572055439535,
    "end": 1572055439537,
    "duration": 2,
    "pid": 3948,
    "index": 26
  },
  {
    "name": "Require(23) node_modules/egg-logrotator/app/extend/application.js",
    "start": 1572055439542,
    "end": 1572055439545,
    "duration": 3,
    "pid": 3948,
    "index": 27
  },
  {
    "name": "Require(24) node_modules/egg-view/app/extend/application.js",
    "start": 1572055439546,
    "end": 1572055439548,
    "duration": 2,
    "pid": 3948,
    "index": 28
  },
  {
    "name": "Load extend/request.js",
    "start": 1572055439557,
    "end": 1572055439577,
    "duration": 20,
    "pid": 3948,
    "index": 29
  },
  {
    "name": "Require(25) node_modules/egg/app/extend/request.js",
    "start": 1572055439568,
    "end": 1572055439572,
    "duration": 4,
    "pid": 3948,
    "index": 30
  },
  {
    "name": "Load extend/response.js",
    "start": 1572055439577,
    "end": 1572055439595,
    "duration": 18,
    "pid": 3948,
    "index": 31
  },
  {
    "name": "Require(26) node_modules/egg/app/extend/response.js",
    "start": 1572055439584,
    "end": 1572055439587,
    "duration": 3,
    "pid": 3948,
    "index": 32
  },
  {
    "name": "Load extend/context.js",
    "start": 1572055439595,
    "end": 1572055439714,
    "duration": 119,
    "pid": 3948,
    "index": 33
  },
  {
    "name": "Require(27) node_modules/egg-security/app/extend/context.js",
    "start": 1572055439596,
    "end": 1572055439612,
    "duration": 16,
    "pid": 3948,
    "index": 34
  },
  {
    "name": "Require(28) node_modules/egg-jsonp/app/extend/context.js",
    "start": 1572055439613,
    "end": 1572055439617,
    "duration": 4,
    "pid": 3948,
    "index": 35
  },
  {
    "name": "Require(29) node_modules/egg-i18n/app/extend/context.js",
    "start": 1572055439618,
    "end": 1572055439618,
    "duration": 0,
    "pid": 3948,
    "index": 36
  },
  {
    "name": "Require(30) node_modules/egg-multipart/app/extend/context.js",
    "start": 1572055439619,
    "end": 1572055439704,
    "duration": 85,
    "pid": 3948,
    "index": 37
  },
  {
    "name": "Require(31) node_modules/egg-view/app/extend/context.js",
    "start": 1572055439706,
    "end": 1572055439707,
    "duration": 1,
    "pid": 3948,
    "index": 38
  },
  {
    "name": "Require(32) node_modules/egg/app/extend/context.js",
    "start": 1572055439708,
    "end": 1572055439711,
    "duration": 3,
    "pid": 3948,
    "index": 39
  },
  {
    "name": "Load extend/helper.js",
    "start": 1572055439715,
    "end": 1572055439782,
    "duration": 67,
    "pid": 3948,
    "index": 40
  },
  {
    "name": "Require(33) node_modules/egg-security/app/extend/helper.js",
    "start": 1572055439715,
    "end": 1572055439770,
    "duration": 55,
    "pid": 3948,
    "index": 41
  },
  {
    "name": "Require(34) node_modules/egg/app/extend/helper.js",
    "start": 1572055439777,
    "end": 1572055439777,
    "duration": 0,
    "pid": 3948,
    "index": 42
  },
  {
    "name": "Load app.js",
    "start": 1572055439783,
    "end": 1572055439912,
    "duration": 129,
    "pid": 3948,
    "index": 43
  },
  {
    "name": "Require(35) node_modules/egg-session/app.js",
    "start": 1572055439784,
    "end": 1572055439784,
    "duration": 0,
    "pid": 3948,
    "index": 44
  },
  {
    "name": "Require(36) node_modules/egg-security/app.js",
    "start": 1572055439785,
    "end": 1572055439788,
    "duration": 3,
    "pid": 3948,
    "index": 45
  },
  {
    "name": "Require(37) node_modules/egg-onerror/app.js",
    "start": 1572055439791,
    "end": 1572055439807,
    "duration": 16,
    "pid": 3948,
    "index": 46
  },
  {
    "name": "Require(38) node_modules/egg-i18n/app.js",
    "start": 1572055439808,
    "end": 1572055439854,
    "duration": 46,
    "pid": 3948,
    "index": 47
  },
  {
    "name": "Require(39) node_modules/egg-watcher/app.js",
    "start": 1572055439855,
    "end": 1572055439861,
    "duration": 6,
    "pid": 3948,
    "index": 48
  },
  {
    "name": "Require(40) node_modules/egg-schedule/app.js",
    "start": 1572055439862,
    "end": 1572055439864,
    "duration": 2,
    "pid": 3948,
    "index": 49
  },
  {
    "name": "Require(41) node_modules/egg-multipart/app.js",
    "start": 1572055439865,
    "end": 1572055439868,
    "duration": 3,
    "pid": 3948,
    "index": 50
  },
  {
    "name": "Require(42) node_modules/egg-development/app.js",
    "start": 1572055439869,
    "end": 1572055439869,
    "duration": 0,
    "pid": 3948,
    "index": 51
  },
  {
    "name": "Require(43) node_modules/egg-logrotator/app.js",
    "start": 1572055439870,
    "end": 1572055439870,
    "duration": 0,
    "pid": 3948,
    "index": 52
  },
  {
    "name": "Require(44) node_modules/egg-static/app.js",
    "start": 1572055439871,
    "end": 1572055439871,
    "duration": 0,
    "pid": 3948,
    "index": 53
  },
  {
    "name": "Require(45) node_modules/egg-mysql/app.js",
    "start": 1572055439875,
    "end": 1572055439911,
    "duration": 36,
    "pid": 3948,
    "index": 54
  },
  {
    "name": "Before Start in node_modules/egg-watcher/lib/init.js:15:14",
    "start": 1572055439951,
    "end": 1572055440554,
    "duration": 603,
    "pid": 3948,
    "index": 55
  },
  {
    "name": "Before Start in node_modules/egg-mysql/lib/mysql.js:20:7",
    "start": 1572055440157,
    "end": 1572055440572,
    "duration": 415,
    "pid": 3948,
    "index": 56
  },
  {
    "name": "Load Service",
    "start": 1572055440158,
    "end": 1572055440171,
    "duration": 13,
    "pid": 3948,
    "index": 57
  },
  {
    "name": "Load \"service\" to Context",
    "start": 1572055440158,
    "end": 1572055440171,
    "duration": 13,
    "pid": 3948,
    "index": 58
  },
  {
    "name": "Load Middleware",
    "start": 1572055440171,
    "end": 1572055440404,
    "duration": 233,
    "pid": 3948,
    "index": 59
  },
  {
    "name": "Load \"middlewares\" to Application",
    "start": 1572055440172,
    "end": 1572055440370,
    "duration": 198,
    "pid": 3948,
    "index": 60
  },
  {
    "name": "Load Controller",
    "start": 1572055440404,
    "end": 1572055440455,
    "duration": 51,
    "pid": 3948,
    "index": 61
  },
  {
    "name": "Load \"controller\" to Application",
    "start": 1572055440404,
    "end": 1572055440455,
    "duration": 51,
    "pid": 3948,
    "index": 62
  },
  {
    "name": "Load Router",
    "start": 1572055440455,
    "end": 1572055440458,
    "duration": 3,
    "pid": 3948,
    "index": 63
  },
  {
    "name": "Require(46) app/router.js",
    "start": 1572055440456,
    "end": 1572055440457,
    "duration": 1,
    "pid": 3948,
    "index": 64
  },
  {
    "name": "Before Start in node_modules/egg-core/lib/egg.js:303:10",
    "start": 1572055440457,
    "end": 1572055440509,
    "duration": 52,
    "pid": 3948,
    "index": 65
  }
]