[
  {
    "name": "Application Start",
    "start": 1572055265669,
    "end": 1572055266995,
    "duration": 1326,
    "pid": 9160,
    "index": 0
  },
  {
    "name": "Load Plugin",
    "start": 1572055265676,
    "end": 1572055265725,
    "duration": 49,
    "pid": 9160,
    "index": 1
  },
  {
    "name": "Load Config",
    "start": 1572055265725,
    "end": 1572055265763,
    "duration": 38,
    "pid": 9160,
    "index": 2
  },
  {
    "name": "Require(0) config/config.default.js",
    "start": 1572055265726,
    "end": 1572055265727,
    "duration": 1,
    "pid": 9160,
    "index": 3
  },
  {
    "name": "Require(1) node_modules/egg-session/config/config.default.js",
    "start": 1572055265729,
    "end": 1572055265729,
    "duration": 0,
    "pid": 9160,
    "index": 4
  },
  {
    "name": "Require(2) node_modules/egg-security/config/config.default.js",
    "start": 1572055265731,
    "end": 1572055265731,
    "duration": 0,
    "pid": 9160,
    "index": 5
  },
  {
    "name": "Require(3) node_modules/egg-jsonp/config/config.default.js",
    "start": 1572055265733,
    "end": 1572055265733,
    "duration": 0,
    "pid": 9160,
    "index": 6
  },
  {
    "name": "Require(4) node_modules/egg-onerror/config/config.default.js",
    "start": 1572055265734,
    "end": 1572055265734,
    "duration": 0,
    "pid": 9160,
    "index": 7
  },
  {
    "name": "Require(5) node_modules/egg-i18n/config/config.default.js",
    "start": 1572055265735,
    "end": 1572055265735,
    "duration": 0,
    "pid": 9160,
    "index": 8
  },
  {
    "name": "Require(6) node_modules/egg-watcher/config/config.default.js",
    "start": 1572055265736,
    "end": 1572055265736,
    "duration": 0,
    "pid": 9160,
    "index": 9
  },
  {
    "name": "Require(7) node_modules/egg-schedule/config/config.default.js",
    "start": 1572055265737,
    "end": 1572055265737,
    "duration": 0,
    "pid": 9160,
    "index": 10
  },
  {
    "name": "Require(8) node_modules/egg-multipart/config/config.default.js",
    "start": 1572055265738,
    "end": 1572055265738,
    "duration": 0,
    "pid": 9160,
    "index": 11
  },
  {
    "name": "Require(9) node_modules/egg-development/config/config.default.js",
    "start": 1572055265740,
    "end": 1572055265740,
    "duration": 0,
    "pid": 9160,
    "index": 12
  },
  {
    "name": "Require(10) node_modules/egg-logrotator/config/config.default.js",
    "start": 1572055265741,
    "end": 1572055265744,
    "duration": 3,
    "pid": 9160,
    "index": 13
  },
  {
    "name": "Require(11) node_modules/egg-static/config/config.default.js",
    "start": 1572055265745,
    "end": 1572055265745,
    "duration": 0,
    "pid": 9160,
    "index": 14
  },
  {
    "name": "Require(12) node_modules/egg-view/config/config.default.js",
    "start": 1572055265746,
    "end": 1572055265746,
    "duration": 0,
    "pid": 9160,
    "index": 15
  },
  {
    "name": "Require(13) node_modules/egg-mysql/config/config.default.js",
    "start": 1572055265748,
    "end": 1572055265748,
    "duration": 0,
    "pid": 9160,
    "index": 16
  },
  {
    "name": "Require(14) node_modules/egg/config/config.default.js",
    "start": 1572055265749,
    "end": 1572055265750,
    "duration": 1,
    "pid": 9160,
    "index": 17
  },
  {
    "name": "Require(15) config/config.default.js",
    "start": 1572055265753,
    "end": 1572055265753,
    "duration": 0,
    "pid": 9160,
    "index": 18
  },
  {
    "name": "Require(16) node_modules/egg-security/config/config.local.js",
    "start": 1572055265754,
    "end": 1572055265755,
    "duration": 1,
    "pid": 9160,
    "index": 19
  },
  {
    "name": "Require(17) node_modules/egg-watcher/config/config.local.js",
    "start": 1572055265758,
    "end": 1572055265758,
    "duration": 0,
    "pid": 9160,
    "index": 20
  },
  {
    "name": "Require(18) node_modules/egg-view/config/config.local.js",
    "start": 1572055265760,
    "end": 1572055265760,
    "duration": 0,
    "pid": 9160,
    "index": 21
  },
  {
    "name": "Require(19) node_modules/egg/config/config.local.js",
    "start": 1572055265762,
    "end": 1572055265763,
    "duration": 1,
    "pid": 9160,
    "index": 22
  },
  {
    "name": "Load extend/application.js",
    "start": 1572055265767,
    "end": 1572055265815,
    "duration": 48,
    "pid": 9160,
    "index": 23
  },
  {
    "name": "Require(20) node_modules/egg-session/app/extend/application.js",
    "start": 1572055265768,
    "end": 1572055265768,
    "duration": 0,
    "pid": 9160,
    "index": 24
  },
  {
    "name": "Require(21) node_modules/egg-security/app/extend/application.js",
    "start": 1572055265769,
    "end": 1572055265773,
    "duration": 4,
    "pid": 9160,
    "index": 25
  },
  {
    "name": "Require(22) node_modules/egg-jsonp/app/extend/application.js",
    "start": 1572055265774,
    "end": 1572055265777,
    "duration": 3,
    "pid": 9160,
    "index": 26
  },
  {
    "name": "Require(23) node_modules/egg-logrotator/app/extend/application.js",
    "start": 1572055265780,
    "end": 1572055265798,
    "duration": 18,
    "pid": 9160,
    "index": 27
  },
  {
    "name": "Require(24) node_modules/egg-view/app/extend/application.js",
    "start": 1572055265800,
    "end": 1572055265805,
    "duration": 5,
    "pid": 9160,
    "index": 28
  },
  {
    "name": "Load extend/request.js",
    "start": 1572055265815,
    "end": 1572055265826,
    "duration": 11,
    "pid": 9160,
    "index": 29
  },
  {
    "name": "Require(25) node_modules/egg/app/extend/request.js",
    "start": 1572055265819,
    "end": 1572055265822,
    "duration": 3,
    "pid": 9160,
    "index": 30
  },
  {
    "name": "Load extend/response.js",
    "start": 1572055265826,
    "end": 1572055265847,
    "duration": 21,
    "pid": 9160,
    "index": 31
  },
  {
    "name": "Require(26) node_modules/egg/app/extend/response.js",
    "start": 1572055265831,
    "end": 1572055265834,
    "duration": 3,
    "pid": 9160,
    "index": 32
  },
  {
    "name": "Load extend/context.js",
    "start": 1572055265847,
    "end": 1572055266016,
    "duration": 169,
    "pid": 9160,
    "index": 33
  },
  {
    "name": "Require(27) node_modules/egg-security/app/extend/context.js",
    "start": 1572055265848,
    "end": 1572055265888,
    "duration": 40,
    "pid": 9160,
    "index": 34
  },
  {
    "name": "Require(28) node_modules/egg-jsonp/app/extend/context.js",
    "start": 1572055265892,
    "end": 1572055265902,
    "duration": 10,
    "pid": 9160,
    "index": 35
  },
  {
    "name": "Require(29) node_modules/egg-i18n/app/extend/context.js",
    "start": 1572055265904,
    "end": 1572055265904,
    "duration": 0,
    "pid": 9160,
    "index": 36
  },
  {
    "name": "Require(30) node_modules/egg-multipart/app/extend/context.js",
    "start": 1572055265906,
    "end": 1572055266003,
    "duration": 97,
    "pid": 9160,
    "index": 37
  },
  {
    "name": "Require(31) node_modules/egg-view/app/extend/context.js",
    "start": 1572055266004,
    "end": 1572055266005,
    "duration": 1,
    "pid": 9160,
    "index": 38
  },
  {
    "name": "Require(32) node_modules/egg/app/extend/context.js",
    "start": 1572055266006,
    "end": 1572055266010,
    "duration": 4,
    "pid": 9160,
    "index": 39
  },
  {
    "name": "Load extend/helper.js",
    "start": 1572055266016,
    "end": 1572055266068,
    "duration": 52,
    "pid": 9160,
    "index": 40
  },
  {
    "name": "Require(33) node_modules/egg-security/app/extend/helper.js",
    "start": 1572055266017,
    "end": 1572055266052,
    "duration": 35,
    "pid": 9160,
    "index": 41
  },
  {
    "name": "Require(34) node_modules/egg/app/extend/helper.js",
    "start": 1572055266061,
    "end": 1572055266061,
    "duration": 0,
    "pid": 9160,
    "index": 42
  },
  {
    "name": "Load app.js",
    "start": 1572055266069,
    "end": 1572055266287,
    "duration": 218,
    "pid": 9160,
    "index": 43
  },
  {
    "name": "Require(35) node_modules/egg-session/app.js",
    "start": 1572055266070,
    "end": 1572055266075,
    "duration": 5,
    "pid": 9160,
    "index": 44
  },
  {
    "name": "Require(36) node_modules/egg-security/app.js",
    "start": 1572055266076,
    "end": 1572055266097,
    "duration": 21,
    "pid": 9160,
    "index": 45
  },
  {
    "name": "Require(37) node_modules/egg-onerror/app.js",
    "start": 1572055266099,
    "end": 1572055266129,
    "duration": 30,
    "pid": 9160,
    "index": 46
  },
  {
    "name": "Require(38) node_modules/egg-i18n/app.js",
    "start": 1572055266130,
    "end": 1572055266188,
    "duration": 58,
    "pid": 9160,
    "index": 47
  },
  {
    "name": "Require(39) node_modules/egg-watcher/app.js",
    "start": 1572055266189,
    "end": 1572055266195,
    "duration": 6,
    "pid": 9160,
    "index": 48
  },
  {
    "name": "Require(40) node_modules/egg-schedule/app.js",
    "start": 1572055266196,
    "end": 1572055266199,
    "duration": 3,
    "pid": 9160,
    "index": 49
  },
  {
    "name": "Require(41) node_modules/egg-multipart/app.js",
    "start": 1572055266199,
    "end": 1572055266203,
    "duration": 4,
    "pid": 9160,
    "index": 50
  },
  {
    "name": "Require(42) node_modules/egg-development/app.js",
    "start": 1572055266204,
    "end": 1572055266204,
    "duration": 0,
    "pid": 9160,
    "index": 51
  },
  {
    "name": "Require(43) node_modules/egg-logrotator/app.js",
    "start": 1572055266204,
    "end": 1572055266205,
    "duration": 1,
    "pid": 9160,
    "index": 52
  },
  {
    "name": "Require(44) node_modules/egg-static/app.js",
    "start": 1572055266205,
    "end": 1572055266206,
    "duration": 1,
    "pid": 9160,
    "index": 53
  },
  {
    "name": "Require(45) node_modules/egg-mysql/app.js",
    "start": 1572055266207,
    "end": 1572055266285,
    "duration": 78,
    "pid": 9160,
    "index": 54
  },
  {
    "name": "Before Start in node_modules/egg-watcher/lib/init.js:15:14",
    "start": 1572055266313,
    "end": 1572055266986,
    "duration": 673,
    "pid": 9160,
    "index": 55
  },
  {
    "name": "Before Start in node_modules/egg-mysql/lib/mysql.js:20:7",
    "start": 1572055266557,
    "end": 1572055266995,
    "duration": 438,
    "pid": 9160,
    "index": 56
  },
  {
    "name": "Load Service",
    "start": 1572055266557,
    "end": 1572055266579,
    "duration": 22,
    "pid": 9160,
    "index": 57
  },
  {
    "name": "Load \"service\" to Context",
    "start": 1572055266557,
    "end": 1572055266579,
    "duration": 22,
    "pid": 9160,
    "index": 58
  },
  {
    "name": "Load Middleware",
    "start": 1572055266580,
    "end": 1572055266849,
    "duration": 269,
    "pid": 9160,
    "index": 59
  },
  {
    "name": "Load \"middlewares\" to Application",
    "start": 1572055266580,
    "end": 1572055266830,
    "duration": 250,
    "pid": 9160,
    "index": 60
  },
  {
    "name": "Load Controller",
    "start": 1572055266849,
    "end": 1572055266928,
    "duration": 79,
    "pid": 9160,
    "index": 61
  },
  {
    "name": "Load \"controller\" to Application",
    "start": 1572055266850,
    "end": 1572055266928,
    "duration": 78,
    "pid": 9160,
    "index": 62
  },
  {
    "name": "Load Router",
    "start": 1572055266928,
    "end": 1572055266932,
    "duration": 4,
    "pid": 9160,
    "index": 63
  },
  {
    "name": "Require(46) app/router.js",
    "start": 1572055266929,
    "end": 1572055266930,
    "duration": 1,
    "pid": 9160,
    "index": 64
  },
  {
    "name": "Before Start in node_modules/egg-core/lib/egg.js:303:10",
    "start": 1572055266930,
    "end": 1572055266949,
    "duration": 19,
    "pid": 9160,
    "index": 65
  }
]