[
  {
    "name": "Application Start",
    "start": 1572052189453,
    "end": 1572052190720,
    "duration": 1267,
    "pid": 2984,
    "index": 0
  },
  {
    "name": "Load Plugin",
    "start": 1572052189460,
    "end": 1572052189522,
    "duration": 62,
    "pid": 2984,
    "index": 1
  },
  {
    "name": "Load Config",
    "start": 1572052189522,
    "end": 1572052189590,
    "duration": 68,
    "pid": 2984,
    "index": 2
  },
  {
    "name": "Require(0) config/config.default.js",
    "start": 1572052189526,
    "end": 1572052189527,
    "duration": 1,
    "pid": 2984,
    "index": 3
  },
  {
    "name": "Require(1) node_modules/egg-session/config/config.default.js",
    "start": 1572052189533,
    "end": 1572052189533,
    "duration": 0,
    "pid": 2984,
    "index": 4
  },
  {
    "name": "Require(2) node_modules/egg-security/config/config.default.js",
    "start": 1572052189534,
    "end": 1572052189535,
    "duration": 1,
    "pid": 2984,
    "index": 5
  },
  {
    "name": "Require(3) node_modules/egg-jsonp/config/config.default.js",
    "start": 1572052189536,
    "end": 1572052189537,
    "duration": 1,
    "pid": 2984,
    "index": 6
  },
  {
    "name": "Require(4) node_modules/egg-onerror/config/config.default.js",
    "start": 1572052189538,
    "end": 1572052189538,
    "duration": 0,
    "pid": 2984,
    "index": 7
  },
  {
    "name": "Require(5) node_modules/egg-i18n/config/config.default.js",
    "start": 1572052189539,
    "end": 1572052189540,
    "duration": 1,
    "pid": 2984,
    "index": 8
  },
  {
    "name": "Require(6) node_modules/egg-watcher/config/config.default.js",
    "start": 1572052189541,
    "end": 1572052189541,
    "duration": 0,
    "pid": 2984,
    "index": 9
  },
  {
    "name": "Require(7) node_modules/egg-schedule/config/config.default.js",
    "start": 1572052189542,
    "end": 1572052189543,
    "duration": 1,
    "pid": 2984,
    "index": 10
  },
  {
    "name": "Require(8) node_modules/egg-multipart/config/config.default.js",
    "start": 1572052189543,
    "end": 1572052189544,
    "duration": 1,
    "pid": 2984,
    "index": 11
  },
  {
    "name": "Require(9) node_modules/egg-development/config/config.default.js",
    "start": 1572052189545,
    "end": 1572052189546,
    "duration": 1,
    "pid": 2984,
    "index": 12
  },
  {
    "name": "Require(10) node_modules/egg-logrotator/config/config.default.js",
    "start": 1572052189547,
    "end": 1572052189550,
    "duration": 3,
    "pid": 2984,
    "index": 13
  },
  {
    "name": "Require(11) node_modules/egg-static/config/config.default.js",
    "start": 1572052189551,
    "end": 1572052189551,
    "duration": 0,
    "pid": 2984,
    "index": 14
  },
  {
    "name": "Require(12) node_modules/egg-view/config/config.default.js",
    "start": 1572052189552,
    "end": 1572052189553,
    "duration": 1,
    "pid": 2984,
    "index": 15
  },
  {
    "name": "Require(13) node_modules/egg-mysql/config/config.default.js",
    "start": 1572052189554,
    "end": 1572052189555,
    "duration": 1,
    "pid": 2984,
    "index": 16
  },
  {
    "name": "Require(14) node_modules/egg/config/config.default.js",
    "start": 1572052189557,
    "end": 1572052189558,
    "duration": 1,
    "pid": 2984,
    "index": 17
  },
  {
    "name": "Require(15) config/config.default.js",
    "start": 1572052189561,
    "end": 1572052189561,
    "duration": 0,
    "pid": 2984,
    "index": 18
  },
  {
    "name": "Require(16) node_modules/egg-security/config/config.local.js",
    "start": 1572052189562,
    "end": 1572052189562,
    "duration": 0,
    "pid": 2984,
    "index": 19
  },
  {
    "name": "Require(17) node_modules/egg-watcher/config/config.local.js",
    "start": 1572052189565,
    "end": 1572052189565,
    "duration": 0,
    "pid": 2984,
    "index": 20
  },
  {
    "name": "Require(18) node_modules/egg-view/config/config.local.js",
    "start": 1572052189584,
    "end": 1572052189584,
    "duration": 0,
    "pid": 2984,
    "index": 21
  },
  {
    "name": "Require(19) node_modules/egg/config/config.local.js",
    "start": 1572052189588,
    "end": 1572052189589,
    "duration": 1,
    "pid": 2984,
    "index": 22
  },
  {
    "name": "Load extend/application.js",
    "start": 1572052189592,
    "end": 1572052189615,
    "duration": 23,
    "pid": 2984,
    "index": 23
  },
  {
    "name": "Require(20) node_modules/egg-session/app/extend/application.js",
    "start": 1572052189594,
    "end": 1572052189594,
    "duration": 0,
    "pid": 2984,
    "index": 24
  },
  {
    "name": "Require(21) node_modules/egg-security/app/extend/application.js",
    "start": 1572052189595,
    "end": 1572052189598,
    "duration": 3,
    "pid": 2984,
    "index": 25
  },
  {
    "name": "Require(22) node_modules/egg-jsonp/app/extend/application.js",
    "start": 1572052189599,
    "end": 1572052189602,
    "duration": 3,
    "pid": 2984,
    "index": 26
  },
  {
    "name": "Require(23) node_modules/egg-logrotator/app/extend/application.js",
    "start": 1572052189604,
    "end": 1572052189607,
    "duration": 3,
    "pid": 2984,
    "index": 27
  },
  {
    "name": "Require(24) node_modules/egg-view/app/extend/application.js",
    "start": 1572052189608,
    "end": 1572052189611,
    "duration": 3,
    "pid": 2984,
    "index": 28
  },
  {
    "name": "Load extend/request.js",
    "start": 1572052189615,
    "end": 1572052189626,
    "duration": 11,
    "pid": 2984,
    "index": 29
  },
  {
    "name": "Require(25) node_modules/egg/app/extend/request.js",
    "start": 1572052189619,
    "end": 1572052189621,
    "duration": 2,
    "pid": 2984,
    "index": 30
  },
  {
    "name": "Load extend/response.js",
    "start": 1572052189626,
    "end": 1572052189638,
    "duration": 12,
    "pid": 2984,
    "index": 31
  },
  {
    "name": "Require(26) node_modules/egg/app/extend/response.js",
    "start": 1572052189631,
    "end": 1572052189633,
    "duration": 2,
    "pid": 2984,
    "index": 32
  },
  {
    "name": "Load extend/context.js",
    "start": 1572052189638,
    "end": 1572052189900,
    "duration": 262,
    "pid": 2984,
    "index": 33
  },
  {
    "name": "Require(27) node_modules/egg-security/app/extend/context.js",
    "start": 1572052189639,
    "end": 1572052189698,
    "duration": 59,
    "pid": 2984,
    "index": 34
  },
  {
    "name": "Require(28) node_modules/egg-jsonp/app/extend/context.js",
    "start": 1572052189699,
    "end": 1572052189704,
    "duration": 5,
    "pid": 2984,
    "index": 35
  },
  {
    "name": "Require(29) node_modules/egg-i18n/app/extend/context.js",
    "start": 1572052189706,
    "end": 1572052189707,
    "duration": 1,
    "pid": 2984,
    "index": 36
  },
  {
    "name": "Require(30) node_modules/egg-multipart/app/extend/context.js",
    "start": 1572052189709,
    "end": 1572052189867,
    "duration": 158,
    "pid": 2984,
    "index": 37
  },
  {
    "name": "Require(31) node_modules/egg-view/app/extend/context.js",
    "start": 1572052189870,
    "end": 1572052189875,
    "duration": 5,
    "pid": 2984,
    "index": 38
  },
  {
    "name": "Require(32) node_modules/egg/app/extend/context.js",
    "start": 1572052189882,
    "end": 1572052189888,
    "duration": 6,
    "pid": 2984,
    "index": 39
  },
  {
    "name": "Load extend/helper.js",
    "start": 1572052189900,
    "end": 1572052189988,
    "duration": 88,
    "pid": 2984,
    "index": 40
  },
  {
    "name": "Require(33) node_modules/egg-security/app/extend/helper.js",
    "start": 1572052189902,
    "end": 1572052189974,
    "duration": 72,
    "pid": 2984,
    "index": 41
  },
  {
    "name": "Require(34) node_modules/egg/app/extend/helper.js",
    "start": 1572052189982,
    "end": 1572052189983,
    "duration": 1,
    "pid": 2984,
    "index": 42
  },
  {
    "name": "Load app.js",
    "start": 1572052189988,
    "end": 1572052190160,
    "duration": 172,
    "pid": 2984,
    "index": 43
  },
  {
    "name": "Require(35) node_modules/egg-session/app.js",
    "start": 1572052189988,
    "end": 1572052189989,
    "duration": 1,
    "pid": 2984,
    "index": 44
  },
  {
    "name": "Require(36) node_modules/egg-security/app.js",
    "start": 1572052189990,
    "end": 1572052189993,
    "duration": 3,
    "pid": 2984,
    "index": 45
  },
  {
    "name": "Require(37) node_modules/egg-onerror/app.js",
    "start": 1572052189995,
    "end": 1572052190017,
    "duration": 22,
    "pid": 2984,
    "index": 46
  },
  {
    "name": "Require(38) node_modules/egg-i18n/app.js",
    "start": 1572052190017,
    "end": 1572052190069,
    "duration": 52,
    "pid": 2984,
    "index": 47
  },
  {
    "name": "Require(39) node_modules/egg-watcher/app.js",
    "start": 1572052190070,
    "end": 1572052190076,
    "duration": 6,
    "pid": 2984,
    "index": 48
  },
  {
    "name": "Require(40) node_modules/egg-schedule/app.js",
    "start": 1572052190076,
    "end": 1572052190081,
    "duration": 5,
    "pid": 2984,
    "index": 49
  },
  {
    "name": "Require(41) node_modules/egg-multipart/app.js",
    "start": 1572052190081,
    "end": 1572052190086,
    "duration": 5,
    "pid": 2984,
    "index": 50
  },
  {
    "name": "Require(42) node_modules/egg-development/app.js",
    "start": 1572052190087,
    "end": 1572052190088,
    "duration": 1,
    "pid": 2984,
    "index": 51
  },
  {
    "name": "Require(43) node_modules/egg-logrotator/app.js",
    "start": 1572052190088,
    "end": 1572052190089,
    "duration": 1,
    "pid": 2984,
    "index": 52
  },
  {
    "name": "Require(44) node_modules/egg-static/app.js",
    "start": 1572052190089,
    "end": 1572052190090,
    "duration": 1,
    "pid": 2984,
    "index": 53
  },
  {
    "name": "Require(45) node_modules/egg-mysql/app.js",
    "start": 1572052190091,
    "end": 1572052190158,
    "duration": 67,
    "pid": 2984,
    "index": 54
  },
  {
    "name": "Before Start in node_modules/egg-watcher/lib/init.js:15:14",
    "start": 1572052190184,
    "end": 1572052190714,
    "duration": 530,
    "pid": 2984,
    "index": 55
  },
  {
    "name": "Before Start in node_modules/egg-mysql/lib/mysql.js:20:7",
    "start": 1572052190430,
    "end": 1572052190719,
    "duration": 289,
    "pid": 2984,
    "index": 56
  },
  {
    "name": "Load Service",
    "start": 1572052190430,
    "end": 1572052190441,
    "duration": 11,
    "pid": 2984,
    "index": 57
  },
  {
    "name": "Load \"service\" to Context",
    "start": 1572052190431,
    "end": 1572052190441,
    "duration": 10,
    "pid": 2984,
    "index": 58
  },
  {
    "name": "Load Middleware",
    "start": 1572052190442,
    "end": 1572052190634,
    "duration": 192,
    "pid": 2984,
    "index": 59
  },
  {
    "name": "Load \"middlewares\" to Application",
    "start": 1572052190442,
    "end": 1572052190619,
    "duration": 177,
    "pid": 2984,
    "index": 60
  },
  {
    "name": "Load Controller",
    "start": 1572052190634,
    "end": 1572052190640,
    "duration": 6,
    "pid": 2984,
    "index": 61
  },
  {
    "name": "Load \"controller\" to Application",
    "start": 1572052190634,
    "end": 1572052190640,
    "duration": 6,
    "pid": 2984,
    "index": 62
  },
  {
    "name": "Load Router",
    "start": 1572052190640,
    "end": 1572052190642,
    "duration": 2,
    "pid": 2984,
    "index": 63
  },
  {
    "name": "Require(46) app/router.js",
    "start": 1572052190640,
    "end": 1572052190641,
    "duration": 1,
    "pid": 2984,
    "index": 64
  },
  {
    "name": "Before Start in node_modules/egg-core/lib/egg.js:303:10",
    "start": 1572052190641,
    "end": 1572052190685,
    "duration": 44,
    "pid": 2984,
    "index": 65
  }
]