[
  {
    "name": "Application Start",
    "start": 1572056573498,
    "end": 1572056574725,
    "duration": 1227,
    "pid": 10348,
    "index": 0
  },
  {
    "name": "Load Plugin",
    "start": 1572056573539,
    "end": 1572056573599,
    "duration": 60,
    "pid": 10348,
    "index": 1
  },
  {
    "name": "Load Config",
    "start": 1572056573600,
    "end": 1572056573670,
    "duration": 70,
    "pid": 10348,
    "index": 2
  },
  {
    "name": "Require(0) config/config.default.js",
    "start": 1572056573625,
    "end": 1572056573626,
    "duration": 1,
    "pid": 10348,
    "index": 3
  },
  {
    "name": "Require(1) node_modules/egg-session/config/config.default.js",
    "start": 1572056573633,
    "end": 1572056573633,
    "duration": 0,
    "pid": 10348,
    "index": 4
  },
  {
    "name": "Require(2) node_modules/egg-security/config/config.default.js",
    "start": 1572056573634,
    "end": 1572056573635,
    "duration": 1,
    "pid": 10348,
    "index": 5
  },
  {
    "name": "Require(3) node_modules/egg-jsonp/config/config.default.js",
    "start": 1572056573637,
    "end": 1572056573638,
    "duration": 1,
    "pid": 10348,
    "index": 6
  },
  {
    "name": "Require(4) node_modules/egg-onerror/config/config.default.js",
    "start": 1572056573639,
    "end": 1572056573639,
    "duration": 0,
    "pid": 10348,
    "index": 7
  },
  {
    "name": "Require(5) node_modules/egg-i18n/config/config.default.js",
    "start": 1572056573640,
    "end": 1572056573641,
    "duration": 1,
    "pid": 10348,
    "index": 8
  },
  {
    "name": "Require(6) node_modules/egg-watcher/config/config.default.js",
    "start": 1572056573643,
    "end": 1572056573644,
    "duration": 1,
    "pid": 10348,
    "index": 9
  },
  {
    "name": "Require(7) node_modules/egg-schedule/config/config.default.js",
    "start": 1572056573645,
    "end": 1572056573646,
    "duration": 1,
    "pid": 10348,
    "index": 10
  },
  {
    "name": "Require(8) node_modules/egg-multipart/config/config.default.js",
    "start": 1572056573647,
    "end": 1572056573647,
    "duration": 0,
    "pid": 10348,
    "index": 11
  },
  {
    "name": "Require(9) node_modules/egg-development/config/config.default.js",
    "start": 1572056573648,
    "end": 1572056573649,
    "duration": 1,
    "pid": 10348,
    "index": 12
  },
  {
    "name": "Require(10) node_modules/egg-logrotator/config/config.default.js",
    "start": 1572056573650,
    "end": 1572056573654,
    "duration": 4,
    "pid": 10348,
    "index": 13
  },
  {
    "name": "Require(11) node_modules/egg-static/config/config.default.js",
    "start": 1572056573655,
    "end": 1572056573655,
    "duration": 0,
    "pid": 10348,
    "index": 14
  },
  {
    "name": "Require(12) node_modules/egg-view/config/config.default.js",
    "start": 1572056573656,
    "end": 1572056573657,
    "duration": 1,
    "pid": 10348,
    "index": 15
  },
  {
    "name": "Require(13) node_modules/egg-mysql/config/config.default.js",
    "start": 1572056573658,
    "end": 1572056573658,
    "duration": 0,
    "pid": 10348,
    "index": 16
  },
  {
    "name": "Require(14) node_modules/egg/config/config.default.js",
    "start": 1572056573659,
    "end": 1572056573660,
    "duration": 1,
    "pid": 10348,
    "index": 17
  },
  {
    "name": "Require(15) config/config.default.js",
    "start": 1572056573662,
    "end": 1572056573662,
    "duration": 0,
    "pid": 10348,
    "index": 18
  },
  {
    "name": "Require(16) node_modules/egg-security/config/config.local.js",
    "start": 1572056573663,
    "end": 1572056573663,
    "duration": 0,
    "pid": 10348,
    "index": 19
  },
  {
    "name": "Require(17) node_modules/egg-watcher/config/config.local.js",
    "start": 1572056573665,
    "end": 1572056573665,
    "duration": 0,
    "pid": 10348,
    "index": 20
  },
  {
    "name": "Require(18) node_modules/egg-view/config/config.local.js",
    "start": 1572056573667,
    "end": 1572056573668,
    "duration": 1,
    "pid": 10348,
    "index": 21
  },
  {
    "name": "Require(19) node_modules/egg/config/config.local.js",
    "start": 1572056573669,
    "end": 1572056573669,
    "duration": 0,
    "pid": 10348,
    "index": 22
  },
  {
    "name": "Load extend/application.js",
    "start": 1572056573672,
    "end": 1572056573718,
    "duration": 46,
    "pid": 10348,
    "index": 23
  },
  {
    "name": "Require(20) node_modules/egg-session/app/extend/application.js",
    "start": 1572056573673,
    "end": 1572056573673,
    "duration": 0,
    "pid": 10348,
    "index": 24
  },
  {
    "name": "Require(21) node_modules/egg-security/app/extend/application.js",
    "start": 1572056573674,
    "end": 1572056573677,
    "duration": 3,
    "pid": 10348,
    "index": 25
  },
  {
    "name": "Require(22) node_modules/egg-jsonp/app/extend/application.js",
    "start": 1572056573677,
    "end": 1572056573683,
    "duration": 6,
    "pid": 10348,
    "index": 26
  },
  {
    "name": "Require(23) node_modules/egg-logrotator/app/extend/application.js",
    "start": 1572056573686,
    "end": 1572056573697,
    "duration": 11,
    "pid": 10348,
    "index": 27
  },
  {
    "name": "Require(24) node_modules/egg-view/app/extend/application.js",
    "start": 1572056573705,
    "end": 1572056573709,
    "duration": 4,
    "pid": 10348,
    "index": 28
  },
  {
    "name": "Load extend/request.js",
    "start": 1572056573718,
    "end": 1572056573729,
    "duration": 11,
    "pid": 10348,
    "index": 29
  },
  {
    "name": "Require(25) node_modules/egg/app/extend/request.js",
    "start": 1572056573724,
    "end": 1572056573725,
    "duration": 1,
    "pid": 10348,
    "index": 30
  },
  {
    "name": "Load extend/response.js",
    "start": 1572056573729,
    "end": 1572056573744,
    "duration": 15,
    "pid": 10348,
    "index": 31
  },
  {
    "name": "Require(26) node_modules/egg/app/extend/response.js",
    "start": 1572056573735,
    "end": 1572056573738,
    "duration": 3,
    "pid": 10348,
    "index": 32
  },
  {
    "name": "Load extend/context.js",
    "start": 1572056573745,
    "end": 1572056573894,
    "duration": 149,
    "pid": 10348,
    "index": 33
  },
  {
    "name": "Require(27) node_modules/egg-security/app/extend/context.js",
    "start": 1572056573746,
    "end": 1572056573764,
    "duration": 18,
    "pid": 10348,
    "index": 34
  },
  {
    "name": "Require(28) node_modules/egg-jsonp/app/extend/context.js",
    "start": 1572056573765,
    "end": 1572056573767,
    "duration": 2,
    "pid": 10348,
    "index": 35
  },
  {
    "name": "Require(29) node_modules/egg-i18n/app/extend/context.js",
    "start": 1572056573768,
    "end": 1572056573770,
    "duration": 2,
    "pid": 10348,
    "index": 36
  },
  {
    "name": "Require(30) node_modules/egg-multipart/app/extend/context.js",
    "start": 1572056573775,
    "end": 1572056573867,
    "duration": 92,
    "pid": 10348,
    "index": 37
  },
  {
    "name": "Require(31) node_modules/egg-view/app/extend/context.js",
    "start": 1572056573868,
    "end": 1572056573870,
    "duration": 2,
    "pid": 10348,
    "index": 38
  },
  {
    "name": "Require(32) node_modules/egg/app/extend/context.js",
    "start": 1572056573873,
    "end": 1572056573889,
    "duration": 16,
    "pid": 10348,
    "index": 39
  },
  {
    "name": "Load extend/helper.js",
    "start": 1572056573895,
    "end": 1572056573945,
    "duration": 50,
    "pid": 10348,
    "index": 40
  },
  {
    "name": "Require(33) node_modules/egg-security/app/extend/helper.js",
    "start": 1572056573897,
    "end": 1572056573930,
    "duration": 33,
    "pid": 10348,
    "index": 41
  },
  {
    "name": "Require(34) node_modules/egg/app/extend/helper.js",
    "start": 1572056573939,
    "end": 1572056573940,
    "duration": 1,
    "pid": 10348,
    "index": 42
  },
  {
    "name": "Load app.js",
    "start": 1572056573945,
    "end": 1572056574108,
    "duration": 163,
    "pid": 10348,
    "index": 43
  },
  {
    "name": "Require(35) node_modules/egg-session/app.js",
    "start": 1572056573946,
    "end": 1572056573947,
    "duration": 1,
    "pid": 10348,
    "index": 44
  },
  {
    "name": "Require(36) node_modules/egg-security/app.js",
    "start": 1572056573947,
    "end": 1572056573950,
    "duration": 3,
    "pid": 10348,
    "index": 45
  },
  {
    "name": "Require(37) node_modules/egg-onerror/app.js",
    "start": 1572056573952,
    "end": 1572056573998,
    "duration": 46,
    "pid": 10348,
    "index": 46
  },
  {
    "name": "Require(38) node_modules/egg-i18n/app.js",
    "start": 1572056573999,
    "end": 1572056574038,
    "duration": 39,
    "pid": 10348,
    "index": 47
  },
  {
    "name": "Require(39) node_modules/egg-watcher/app.js",
    "start": 1572056574038,
    "end": 1572056574047,
    "duration": 9,
    "pid": 10348,
    "index": 48
  },
  {
    "name": "Require(40) node_modules/egg-schedule/app.js",
    "start": 1572056574048,
    "end": 1572056574051,
    "duration": 3,
    "pid": 10348,
    "index": 49
  },
  {
    "name": "Require(41) node_modules/egg-multipart/app.js",
    "start": 1572056574051,
    "end": 1572056574057,
    "duration": 6,
    "pid": 10348,
    "index": 50
  },
  {
    "name": "Require(42) node_modules/egg-development/app.js",
    "start": 1572056574068,
    "end": 1572056574070,
    "duration": 2,
    "pid": 10348,
    "index": 51
  },
  {
    "name": "Require(43) node_modules/egg-logrotator/app.js",
    "start": 1572056574071,
    "end": 1572056574073,
    "duration": 2,
    "pid": 10348,
    "index": 52
  },
  {
    "name": "Require(44) node_modules/egg-static/app.js",
    "start": 1572056574074,
    "end": 1572056574075,
    "duration": 1,
    "pid": 10348,
    "index": 53
  },
  {
    "name": "Require(45) node_modules/egg-mysql/app.js",
    "start": 1572056574076,
    "end": 1572056574107,
    "duration": 31,
    "pid": 10348,
    "index": 54
  },
  {
    "name": "Before Start in node_modules/egg-watcher/lib/init.js:15:14",
    "start": 1572056574126,
    "end": 1572056574718,
    "duration": 592,
    "pid": 10348,
    "index": 55
  },
  {
    "name": "Before Start in node_modules/egg-mysql/lib/mysql.js:20:7",
    "start": 1572056574361,
    "end": 1572056574724,
    "duration": 363,
    "pid": 10348,
    "index": 56
  },
  {
    "name": "Load Service",
    "start": 1572056574362,
    "end": 1572056574381,
    "duration": 19,
    "pid": 10348,
    "index": 57
  },
  {
    "name": "Load \"service\" to Context",
    "start": 1572056574362,
    "end": 1572056574381,
    "duration": 19,
    "pid": 10348,
    "index": 58
  },
  {
    "name": "Load Middleware",
    "start": 1572056574381,
    "end": 1572056574590,
    "duration": 209,
    "pid": 10348,
    "index": 59
  },
  {
    "name": "Load \"middlewares\" to Application",
    "start": 1572056574382,
    "end": 1572056574575,
    "duration": 193,
    "pid": 10348,
    "index": 60
  },
  {
    "name": "Load Controller",
    "start": 1572056574590,
    "end": 1572056574668,
    "duration": 78,
    "pid": 10348,
    "index": 61
  },
  {
    "name": "Load \"controller\" to Application",
    "start": 1572056574590,
    "end": 1572056574668,
    "duration": 78,
    "pid": 10348,
    "index": 62
  },
  {
    "name": "Load Router",
    "start": 1572056574668,
    "end": 1572056574670,
    "duration": 2,
    "pid": 10348,
    "index": 63
  },
  {
    "name": "Require(46) app/router.js",
    "start": 1572056574669,
    "end": 1572056574669,
    "duration": 0,
    "pid": 10348,
    "index": 64
  },
  {
    "name": "Before Start in node_modules/egg-core/lib/egg.js:303:10",
    "start": 1572056574670,
    "end": 1572056574693,
    "duration": 23,
    "pid": 10348,
    "index": 65
  }
]