[
  {
    "name": "Application Start",
    "start": 1572056551954,
    "end": 1572056553573,
    "duration": 1619,
    "pid": 7160,
    "index": 0
  },
  {
    "name": "Load Plugin",
    "start": 1572056551967,
    "end": 1572056552012,
    "duration": 45,
    "pid": 7160,
    "index": 1
  },
  {
    "name": "Load Config",
    "start": 1572056552013,
    "end": 1572056552097,
    "duration": 84,
    "pid": 7160,
    "index": 2
  },
  {
    "name": "Require(0) config/config.default.js",
    "start": 1572056552017,
    "end": 1572056552017,
    "duration": 0,
    "pid": 7160,
    "index": 3
  },
  {
    "name": "Require(1) node_modules/egg-session/config/config.default.js",
    "start": 1572056552023,
    "end": 1572056552043,
    "duration": 20,
    "pid": 7160,
    "index": 4
  },
  {
    "name": "Require(2) node_modules/egg-security/config/config.default.js",
    "start": 1572056552044,
    "end": 1572056552045,
    "duration": 1,
    "pid": 7160,
    "index": 5
  },
  {
    "name": "Require(3) node_modules/egg-jsonp/config/config.default.js",
    "start": 1572056552047,
    "end": 1572056552047,
    "duration": 0,
    "pid": 7160,
    "index": 6
  },
  {
    "name": "Require(4) node_modules/egg-onerror/config/config.default.js",
    "start": 1572056552049,
    "end": 1572056552049,
    "duration": 0,
    "pid": 7160,
    "index": 7
  },
  {
    "name": "Require(5) node_modules/egg-i18n/config/config.default.js",
    "start": 1572056552051,
    "end": 1572056552052,
    "duration": 1,
    "pid": 7160,
    "index": 8
  },
  {
    "name": "Require(6) node_modules/egg-watcher/config/config.default.js",
    "start": 1572056552056,
    "end": 1572056552057,
    "duration": 1,
    "pid": 7160,
    "index": 9
  },
  {
    "name": "Require(7) node_modules/egg-schedule/config/config.default.js",
    "start": 1572056552062,
    "end": 1572056552063,
    "duration": 1,
    "pid": 7160,
    "index": 10
  },
  {
    "name": "Require(8) node_modules/egg-multipart/config/config.default.js",
    "start": 1572056552064,
    "end": 1572056552065,
    "duration": 1,
    "pid": 7160,
    "index": 11
  },
  {
    "name": "Require(9) node_modules/egg-development/config/config.default.js",
    "start": 1572056552066,
    "end": 1572056552067,
    "duration": 1,
    "pid": 7160,
    "index": 12
  },
  {
    "name": "Require(10) node_modules/egg-logrotator/config/config.default.js",
    "start": 1572056552068,
    "end": 1572056552071,
    "duration": 3,
    "pid": 7160,
    "index": 13
  },
  {
    "name": "Require(11) node_modules/egg-static/config/config.default.js",
    "start": 1572056552072,
    "end": 1572056552072,
    "duration": 0,
    "pid": 7160,
    "index": 14
  },
  {
    "name": "Require(12) node_modules/egg-view/config/config.default.js",
    "start": 1572056552074,
    "end": 1572056552075,
    "duration": 1,
    "pid": 7160,
    "index": 15
  },
  {
    "name": "Require(13) node_modules/egg-mysql/config/config.default.js",
    "start": 1572056552078,
    "end": 1572056552079,
    "duration": 1,
    "pid": 7160,
    "index": 16
  },
  {
    "name": "Require(14) node_modules/egg/config/config.default.js",
    "start": 1572056552079,
    "end": 1572056552080,
    "duration": 1,
    "pid": 7160,
    "index": 17
  },
  {
    "name": "Require(15) config/config.default.js",
    "start": 1572056552083,
    "end": 1572056552083,
    "duration": 0,
    "pid": 7160,
    "index": 18
  },
  {
    "name": "Require(16) node_modules/egg-security/config/config.local.js",
    "start": 1572056552085,
    "end": 1572056552085,
    "duration": 0,
    "pid": 7160,
    "index": 19
  },
  {
    "name": "Require(17) node_modules/egg-watcher/config/config.local.js",
    "start": 1572056552090,
    "end": 1572056552090,
    "duration": 0,
    "pid": 7160,
    "index": 20
  },
  {
    "name": "Require(18) node_modules/egg-view/config/config.local.js",
    "start": 1572056552095,
    "end": 1572056552095,
    "duration": 0,
    "pid": 7160,
    "index": 21
  },
  {
    "name": "Require(19) node_modules/egg/config/config.local.js",
    "start": 1572056552096,
    "end": 1572056552096,
    "duration": 0,
    "pid": 7160,
    "index": 22
  },
  {
    "name": "Load extend/application.js",
    "start": 1572056552098,
    "end": 1572056552148,
    "duration": 50,
    "pid": 7160,
    "index": 23
  },
  {
    "name": "Require(20) node_modules/egg-session/app/extend/application.js",
    "start": 1572056552099,
    "end": 1572056552100,
    "duration": 1,
    "pid": 7160,
    "index": 24
  },
  {
    "name": "Require(21) node_modules/egg-security/app/extend/application.js",
    "start": 1572056552101,
    "end": 1572056552103,
    "duration": 2,
    "pid": 7160,
    "index": 25
  },
  {
    "name": "Require(22) node_modules/egg-jsonp/app/extend/application.js",
    "start": 1572056552103,
    "end": 1572056552106,
    "duration": 3,
    "pid": 7160,
    "index": 26
  },
  {
    "name": "Require(23) node_modules/egg-logrotator/app/extend/application.js",
    "start": 1572056552108,
    "end": 1572056552115,
    "duration": 7,
    "pid": 7160,
    "index": 27
  },
  {
    "name": "Require(24) node_modules/egg-view/app/extend/application.js",
    "start": 1572056552117,
    "end": 1572056552119,
    "duration": 2,
    "pid": 7160,
    "index": 28
  },
  {
    "name": "Load extend/request.js",
    "start": 1572056552148,
    "end": 1572056552166,
    "duration": 18,
    "pid": 7160,
    "index": 29
  },
  {
    "name": "Require(25) node_modules/egg/app/extend/request.js",
    "start": 1572056552157,
    "end": 1572056552161,
    "duration": 4,
    "pid": 7160,
    "index": 30
  },
  {
    "name": "Load extend/response.js",
    "start": 1572056552166,
    "end": 1572056552187,
    "duration": 21,
    "pid": 7160,
    "index": 31
  },
  {
    "name": "Require(26) node_modules/egg/app/extend/response.js",
    "start": 1572056552171,
    "end": 1572056552174,
    "duration": 3,
    "pid": 7160,
    "index": 32
  },
  {
    "name": "Load extend/context.js",
    "start": 1572056552187,
    "end": 1572056552426,
    "duration": 239,
    "pid": 7160,
    "index": 33
  },
  {
    "name": "Require(27) node_modules/egg-security/app/extend/context.js",
    "start": 1572056552188,
    "end": 1572056552242,
    "duration": 54,
    "pid": 7160,
    "index": 34
  },
  {
    "name": "Require(28) node_modules/egg-jsonp/app/extend/context.js",
    "start": 1572056552243,
    "end": 1572056552246,
    "duration": 3,
    "pid": 7160,
    "index": 35
  },
  {
    "name": "Require(29) node_modules/egg-i18n/app/extend/context.js",
    "start": 1572056552247,
    "end": 1572056552248,
    "duration": 1,
    "pid": 7160,
    "index": 36
  },
  {
    "name": "Require(30) node_modules/egg-multipart/app/extend/context.js",
    "start": 1572056552249,
    "end": 1572056552380,
    "duration": 131,
    "pid": 7160,
    "index": 37
  },
  {
    "name": "Require(31) node_modules/egg-view/app/extend/context.js",
    "start": 1572056552382,
    "end": 1572056552384,
    "duration": 2,
    "pid": 7160,
    "index": 38
  },
  {
    "name": "Require(32) node_modules/egg/app/extend/context.js",
    "start": 1572056552401,
    "end": 1572056552416,
    "duration": 15,
    "pid": 7160,
    "index": 39
  },
  {
    "name": "Load extend/helper.js",
    "start": 1572056552427,
    "end": 1572056552494,
    "duration": 67,
    "pid": 7160,
    "index": 40
  },
  {
    "name": "Require(33) node_modules/egg-security/app/extend/helper.js",
    "start": 1572056552428,
    "end": 1572056552480,
    "duration": 52,
    "pid": 7160,
    "index": 41
  },
  {
    "name": "Require(34) node_modules/egg/app/extend/helper.js",
    "start": 1572056552485,
    "end": 1572056552486,
    "duration": 1,
    "pid": 7160,
    "index": 42
  },
  {
    "name": "Load app.js",
    "start": 1572056552498,
    "end": 1572056552751,
    "duration": 253,
    "pid": 7160,
    "index": 43
  },
  {
    "name": "Require(35) node_modules/egg-session/app.js",
    "start": 1572056552503,
    "end": 1572056552517,
    "duration": 14,
    "pid": 7160,
    "index": 44
  },
  {
    "name": "Require(36) node_modules/egg-security/app.js",
    "start": 1572056552518,
    "end": 1572056552523,
    "duration": 5,
    "pid": 7160,
    "index": 45
  },
  {
    "name": "Require(37) node_modules/egg-onerror/app.js",
    "start": 1572056552526,
    "end": 1572056552545,
    "duration": 19,
    "pid": 7160,
    "index": 46
  },
  {
    "name": "Require(38) node_modules/egg-i18n/app.js",
    "start": 1572056552546,
    "end": 1572056552606,
    "duration": 60,
    "pid": 7160,
    "index": 47
  },
  {
    "name": "Require(39) node_modules/egg-watcher/app.js",
    "start": 1572056552607,
    "end": 1572056552630,
    "duration": 23,
    "pid": 7160,
    "index": 48
  },
  {
    "name": "Require(40) node_modules/egg-schedule/app.js",
    "start": 1572056552631,
    "end": 1572056552636,
    "duration": 5,
    "pid": 7160,
    "index": 49
  },
  {
    "name": "Require(41) node_modules/egg-multipart/app.js",
    "start": 1572056552638,
    "end": 1572056552646,
    "duration": 8,
    "pid": 7160,
    "index": 50
  },
  {
    "name": "Require(42) node_modules/egg-development/app.js",
    "start": 1572056552646,
    "end": 1572056552647,
    "duration": 1,
    "pid": 7160,
    "index": 51
  },
  {
    "name": "Require(43) node_modules/egg-logrotator/app.js",
    "start": 1572056552648,
    "end": 1572056552648,
    "duration": 0,
    "pid": 7160,
    "index": 52
  },
  {
    "name": "Require(44) node_modules/egg-static/app.js",
    "start": 1572056552649,
    "end": 1572056552650,
    "duration": 1,
    "pid": 7160,
    "index": 53
  },
  {
    "name": "Require(45) node_modules/egg-mysql/app.js",
    "start": 1572056552651,
    "end": 1572056552746,
    "duration": 95,
    "pid": 7160,
    "index": 54
  },
  {
    "name": "Before Start in node_modules/egg-watcher/lib/init.js:15:14",
    "start": 1572056552821,
    "end": 1572056553565,
    "duration": 744,
    "pid": 7160,
    "index": 55
  },
  {
    "name": "Before Start in node_modules/egg-mysql/lib/mysql.js:20:7",
    "start": 1572056553132,
    "end": 1572056553571,
    "duration": 439,
    "pid": 7160,
    "index": 56
  },
  {
    "name": "Load Service",
    "start": 1572056553144,
    "end": 1572056553165,
    "duration": 21,
    "pid": 7160,
    "index": 57
  },
  {
    "name": "Load \"service\" to Context",
    "start": 1572056553145,
    "end": 1572056553165,
    "duration": 20,
    "pid": 7160,
    "index": 58
  },
  {
    "name": "Load Middleware",
    "start": 1572056553165,
    "end": 1572056553397,
    "duration": 232,
    "pid": 7160,
    "index": 59
  },
  {
    "name": "Load \"middlewares\" to Application",
    "start": 1572056553165,
    "end": 1572056553373,
    "duration": 208,
    "pid": 7160,
    "index": 60
  },
  {
    "name": "Load Controller",
    "start": 1572056553397,
    "end": 1572056553472,
    "duration": 75,
    "pid": 7160,
    "index": 61
  },
  {
    "name": "Load \"controller\" to Application",
    "start": 1572056553397,
    "end": 1572056553472,
    "duration": 75,
    "pid": 7160,
    "index": 62
  },
  {
    "name": "Load Router",
    "start": 1572056553472,
    "end": 1572056553475,
    "duration": 3,
    "pid": 7160,
    "index": 63
  },
  {
    "name": "Require(46) app/router.js",
    "start": 1572056553472,
    "end": 1572056553473,
    "duration": 1,
    "pid": 7160,
    "index": 64
  },
  {
    "name": "Before Start in node_modules/egg-core/lib/egg.js:303:10",
    "start": 1572056553473,
    "end": 1572056553541,
    "duration": 68,
    "pid": 7160,
    "index": 65
  }
]