[
  {
    "name": "Application Start",
    "start": 1572055294138,
    "end": 1572055295671,
    "duration": 1533,
    "pid": 2104,
    "index": 0
  },
  {
    "name": "Load Plugin",
    "start": 1572055294147,
    "end": 1572055294199,
    "duration": 52,
    "pid": 2104,
    "index": 1
  },
  {
    "name": "Load Config",
    "start": 1572055294200,
    "end": 1572055294237,
    "duration": 37,
    "pid": 2104,
    "index": 2
  },
  {
    "name": "Require(0) config/config.default.js",
    "start": 1572055294203,
    "end": 1572055294204,
    "duration": 1,
    "pid": 2104,
    "index": 3
  },
  {
    "name": "Require(1) node_modules/egg-session/config/config.default.js",
    "start": 1572055294207,
    "end": 1572055294207,
    "duration": 0,
    "pid": 2104,
    "index": 4
  },
  {
    "name": "Require(2) node_modules/egg-security/config/config.default.js",
    "start": 1572055294208,
    "end": 1572055294208,
    "duration": 0,
    "pid": 2104,
    "index": 5
  },
  {
    "name": "Require(3) node_modules/egg-jsonp/config/config.default.js",
    "start": 1572055294209,
    "end": 1572055294210,
    "duration": 1,
    "pid": 2104,
    "index": 6
  },
  {
    "name": "Require(4) node_modules/egg-onerror/config/config.default.js",
    "start": 1572055294211,
    "end": 1572055294211,
    "duration": 0,
    "pid": 2104,
    "index": 7
  },
  {
    "name": "Require(5) node_modules/egg-i18n/config/config.default.js",
    "start": 1572055294212,
    "end": 1572055294212,
    "duration": 0,
    "pid": 2104,
    "index": 8
  },
  {
    "name": "Require(6) node_modules/egg-watcher/config/config.default.js",
    "start": 1572055294214,
    "end": 1572055294214,
    "duration": 0,
    "pid": 2104,
    "index": 9
  },
  {
    "name": "Require(7) node_modules/egg-schedule/config/config.default.js",
    "start": 1572055294215,
    "end": 1572055294216,
    "duration": 1,
    "pid": 2104,
    "index": 10
  },
  {
    "name": "Require(8) node_modules/egg-multipart/config/config.default.js",
    "start": 1572055294217,
    "end": 1572055294217,
    "duration": 0,
    "pid": 2104,
    "index": 11
  },
  {
    "name": "Require(9) node_modules/egg-development/config/config.default.js",
    "start": 1572055294218,
    "end": 1572055294219,
    "duration": 1,
    "pid": 2104,
    "index": 12
  },
  {
    "name": "Require(10) node_modules/egg-logrotator/config/config.default.js",
    "start": 1572055294220,
    "end": 1572055294223,
    "duration": 3,
    "pid": 2104,
    "index": 13
  },
  {
    "name": "Require(11) node_modules/egg-static/config/config.default.js",
    "start": 1572055294224,
    "end": 1572055294224,
    "duration": 0,
    "pid": 2104,
    "index": 14
  },
  {
    "name": "Require(12) node_modules/egg-view/config/config.default.js",
    "start": 1572055294225,
    "end": 1572055294226,
    "duration": 1,
    "pid": 2104,
    "index": 15
  },
  {
    "name": "Require(13) node_modules/egg-mysql/config/config.default.js",
    "start": 1572055294227,
    "end": 1572055294227,
    "duration": 0,
    "pid": 2104,
    "index": 16
  },
  {
    "name": "Require(14) node_modules/egg/config/config.default.js",
    "start": 1572055294228,
    "end": 1572055294228,
    "duration": 0,
    "pid": 2104,
    "index": 17
  },
  {
    "name": "Require(15) config/config.default.js",
    "start": 1572055294230,
    "end": 1572055294230,
    "duration": 0,
    "pid": 2104,
    "index": 18
  },
  {
    "name": "Require(16) node_modules/egg-security/config/config.local.js",
    "start": 1572055294231,
    "end": 1572055294232,
    "duration": 1,
    "pid": 2104,
    "index": 19
  },
  {
    "name": "Require(17) node_modules/egg-watcher/config/config.local.js",
    "start": 1572055294233,
    "end": 1572055294233,
    "duration": 0,
    "pid": 2104,
    "index": 20
  },
  {
    "name": "Require(18) node_modules/egg-view/config/config.local.js",
    "start": 1572055294235,
    "end": 1572055294236,
    "duration": 1,
    "pid": 2104,
    "index": 21
  },
  {
    "name": "Require(19) node_modules/egg/config/config.local.js",
    "start": 1572055294237,
    "end": 1572055294237,
    "duration": 0,
    "pid": 2104,
    "index": 22
  },
  {
    "name": "Load extend/application.js",
    "start": 1572055294239,
    "end": 1572055294262,
    "duration": 23,
    "pid": 2104,
    "index": 23
  },
  {
    "name": "Require(20) node_modules/egg-session/app/extend/application.js",
    "start": 1572055294240,
    "end": 1572055294241,
    "duration": 1,
    "pid": 2104,
    "index": 24
  },
  {
    "name": "Require(21) node_modules/egg-security/app/extend/application.js",
    "start": 1572055294241,
    "end": 1572055294243,
    "duration": 2,
    "pid": 2104,
    "index": 25
  },
  {
    "name": "Require(22) node_modules/egg-jsonp/app/extend/application.js",
    "start": 1572055294244,
    "end": 1572055294246,
    "duration": 2,
    "pid": 2104,
    "index": 26
  },
  {
    "name": "Require(23) node_modules/egg-logrotator/app/extend/application.js",
    "start": 1572055294248,
    "end": 1572055294251,
    "duration": 3,
    "pid": 2104,
    "index": 27
  },
  {
    "name": "Require(24) node_modules/egg-view/app/extend/application.js",
    "start": 1572055294252,
    "end": 1572055294255,
    "duration": 3,
    "pid": 2104,
    "index": 28
  },
  {
    "name": "Load extend/request.js",
    "start": 1572055294262,
    "end": 1572055294278,
    "duration": 16,
    "pid": 2104,
    "index": 29
  },
  {
    "name": "Require(25) node_modules/egg/app/extend/request.js",
    "start": 1572055294266,
    "end": 1572055294268,
    "duration": 2,
    "pid": 2104,
    "index": 30
  },
  {
    "name": "Load extend/response.js",
    "start": 1572055294278,
    "end": 1572055294298,
    "duration": 20,
    "pid": 2104,
    "index": 31
  },
  {
    "name": "Require(26) node_modules/egg/app/extend/response.js",
    "start": 1572055294286,
    "end": 1572055294290,
    "duration": 4,
    "pid": 2104,
    "index": 32
  },
  {
    "name": "Load extend/context.js",
    "start": 1572055294298,
    "end": 1572055294425,
    "duration": 127,
    "pid": 2104,
    "index": 33
  },
  {
    "name": "Require(27) node_modules/egg-security/app/extend/context.js",
    "start": 1572055294300,
    "end": 1572055294318,
    "duration": 18,
    "pid": 2104,
    "index": 34
  },
  {
    "name": "Require(28) node_modules/egg-jsonp/app/extend/context.js",
    "start": 1572055294318,
    "end": 1572055294322,
    "duration": 4,
    "pid": 2104,
    "index": 35
  },
  {
    "name": "Require(29) node_modules/egg-i18n/app/extend/context.js",
    "start": 1572055294326,
    "end": 1572055294327,
    "duration": 1,
    "pid": 2104,
    "index": 36
  },
  {
    "name": "Require(30) node_modules/egg-multipart/app/extend/context.js",
    "start": 1572055294328,
    "end": 1572055294415,
    "duration": 87,
    "pid": 2104,
    "index": 37
  },
  {
    "name": "Require(31) node_modules/egg-view/app/extend/context.js",
    "start": 1572055294416,
    "end": 1572055294418,
    "duration": 2,
    "pid": 2104,
    "index": 38
  },
  {
    "name": "Require(32) node_modules/egg/app/extend/context.js",
    "start": 1572055294418,
    "end": 1572055294422,
    "duration": 4,
    "pid": 2104,
    "index": 39
  },
  {
    "name": "Load extend/helper.js",
    "start": 1572055294425,
    "end": 1572055294483,
    "duration": 58,
    "pid": 2104,
    "index": 40
  },
  {
    "name": "Require(33) node_modules/egg-security/app/extend/helper.js",
    "start": 1572055294426,
    "end": 1572055294469,
    "duration": 43,
    "pid": 2104,
    "index": 41
  },
  {
    "name": "Require(34) node_modules/egg/app/extend/helper.js",
    "start": 1572055294474,
    "end": 1572055294475,
    "duration": 1,
    "pid": 2104,
    "index": 42
  },
  {
    "name": "Load app.js",
    "start": 1572055294484,
    "end": 1572055294659,
    "duration": 175,
    "pid": 2104,
    "index": 43
  },
  {
    "name": "Require(35) node_modules/egg-session/app.js",
    "start": 1572055294484,
    "end": 1572055294485,
    "duration": 1,
    "pid": 2104,
    "index": 44
  },
  {
    "name": "Require(36) node_modules/egg-security/app.js",
    "start": 1572055294485,
    "end": 1572055294488,
    "duration": 3,
    "pid": 2104,
    "index": 45
  },
  {
    "name": "Require(37) node_modules/egg-onerror/app.js",
    "start": 1572055294489,
    "end": 1572055294503,
    "duration": 14,
    "pid": 2104,
    "index": 46
  },
  {
    "name": "Require(38) node_modules/egg-i18n/app.js",
    "start": 1572055294504,
    "end": 1572055294554,
    "duration": 50,
    "pid": 2104,
    "index": 47
  },
  {
    "name": "Require(39) node_modules/egg-watcher/app.js",
    "start": 1572055294556,
    "end": 1572055294565,
    "duration": 9,
    "pid": 2104,
    "index": 48
  },
  {
    "name": "Require(40) node_modules/egg-schedule/app.js",
    "start": 1572055294566,
    "end": 1572055294574,
    "duration": 8,
    "pid": 2104,
    "index": 49
  },
  {
    "name": "Require(41) node_modules/egg-multipart/app.js",
    "start": 1572055294575,
    "end": 1572055294582,
    "duration": 7,
    "pid": 2104,
    "index": 50
  },
  {
    "name": "Require(42) node_modules/egg-development/app.js",
    "start": 1572055294583,
    "end": 1572055294583,
    "duration": 0,
    "pid": 2104,
    "index": 51
  },
  {
    "name": "Require(43) node_modules/egg-logrotator/app.js",
    "start": 1572055294584,
    "end": 1572055294585,
    "duration": 1,
    "pid": 2104,
    "index": 52
  },
  {
    "name": "Require(44) node_modules/egg-static/app.js",
    "start": 1572055294585,
    "end": 1572055294586,
    "duration": 1,
    "pid": 2104,
    "index": 53
  },
  {
    "name": "Require(45) node_modules/egg-mysql/app.js",
    "start": 1572055294588,
    "end": 1572055294657,
    "duration": 69,
    "pid": 2104,
    "index": 54
  },
  {
    "name": "Before Start in node_modules/egg-watcher/lib/init.js:15:14",
    "start": 1572055294688,
    "end": 1572055295657,
    "duration": 969,
    "pid": 2104,
    "index": 55
  },
  {
    "name": "Before Start in node_modules/egg-mysql/lib/mysql.js:20:7",
    "start": 1572055294998,
    "end": 1572055295671,
    "duration": 673,
    "pid": 2104,
    "index": 56
  },
  {
    "name": "Load Service",
    "start": 1572055294999,
    "end": 1572055295063,
    "duration": 64,
    "pid": 2104,
    "index": 57
  },
  {
    "name": "Load \"service\" to Context",
    "start": 1572055294999,
    "end": 1572055295063,
    "duration": 64,
    "pid": 2104,
    "index": 58
  },
  {
    "name": "Load Middleware",
    "start": 1572055295063,
    "end": 1572055295418,
    "duration": 355,
    "pid": 2104,
    "index": 59
  },
  {
    "name": "Load \"middlewares\" to Application",
    "start": 1572055295064,
    "end": 1572055295377,
    "duration": 313,
    "pid": 2104,
    "index": 60
  },
  {
    "name": "Load Controller",
    "start": 1572055295418,
    "end": 1572055295532,
    "duration": 114,
    "pid": 2104,
    "index": 61
  },
  {
    "name": "Load \"controller\" to Application",
    "start": 1572055295418,
    "end": 1572055295532,
    "duration": 114,
    "pid": 2104,
    "index": 62
  },
  {
    "name": "Load Router",
    "start": 1572055295533,
    "end": 1572055295539,
    "duration": 6,
    "pid": 2104,
    "index": 63
  },
  {
    "name": "Require(46) app/router.js",
    "start": 1572055295535,
    "end": 1572055295536,
    "duration": 1,
    "pid": 2104,
    "index": 64
  },
  {
    "name": "Before Start in node_modules/egg-core/lib/egg.js:303:10",
    "start": 1572055295537,
    "end": 1572055295597,
    "duration": 60,
    "pid": 2104,
    "index": 65
  }
]