[
  {
    "name": "Application Start",
    "start": 1572056730644,
    "end": 1572056731679,
    "duration": 1035,
    "pid": 1432,
    "index": 0
  },
  {
    "name": "Load Plugin",
    "start": 1572056730653,
    "end": 1572056730687,
    "duration": 34,
    "pid": 1432,
    "index": 1
  },
  {
    "name": "Load Config",
    "start": 1572056730687,
    "end": 1572056730748,
    "duration": 61,
    "pid": 1432,
    "index": 2
  },
  {
    "name": "Require(0) config/config.default.js",
    "start": 1572056730689,
    "end": 1572056730689,
    "duration": 0,
    "pid": 1432,
    "index": 3
  },
  {
    "name": "Require(1) node_modules/egg-session/config/config.default.js",
    "start": 1572056730693,
    "end": 1572056730693,
    "duration": 0,
    "pid": 1432,
    "index": 4
  },
  {
    "name": "Require(2) node_modules/egg-security/config/config.default.js",
    "start": 1572056730699,
    "end": 1572056730699,
    "duration": 0,
    "pid": 1432,
    "index": 5
  },
  {
    "name": "Require(3) node_modules/egg-jsonp/config/config.default.js",
    "start": 1572056730701,
    "end": 1572056730702,
    "duration": 1,
    "pid": 1432,
    "index": 6
  },
  {
    "name": "Require(4) node_modules/egg-onerror/config/config.default.js",
    "start": 1572056730707,
    "end": 1572056730709,
    "duration": 2,
    "pid": 1432,
    "index": 7
  },
  {
    "name": "Require(5) node_modules/egg-i18n/config/config.default.js",
    "start": 1572056730710,
    "end": 1572056730710,
    "duration": 0,
    "pid": 1432,
    "index": 8
  },
  {
    "name": "Require(6) node_modules/egg-watcher/config/config.default.js",
    "start": 1572056730713,
    "end": 1572056730714,
    "duration": 1,
    "pid": 1432,
    "index": 9
  },
  {
    "name": "Require(7) node_modules/egg-schedule/config/config.default.js",
    "start": 1572056730716,
    "end": 1572056730717,
    "duration": 1,
    "pid": 1432,
    "index": 10
  },
  {
    "name": "Require(8) node_modules/egg-multipart/config/config.default.js",
    "start": 1572056730718,
    "end": 1572056730719,
    "duration": 1,
    "pid": 1432,
    "index": 11
  },
  {
    "name": "Require(9) node_modules/egg-development/config/config.default.js",
    "start": 1572056730720,
    "end": 1572056730721,
    "duration": 1,
    "pid": 1432,
    "index": 12
  },
  {
    "name": "Require(10) node_modules/egg-logrotator/config/config.default.js",
    "start": 1572056730722,
    "end": 1572056730727,
    "duration": 5,
    "pid": 1432,
    "index": 13
  },
  {
    "name": "Require(11) node_modules/egg-static/config/config.default.js",
    "start": 1572056730729,
    "end": 1572056730729,
    "duration": 0,
    "pid": 1432,
    "index": 14
  },
  {
    "name": "Require(12) node_modules/egg-view/config/config.default.js",
    "start": 1572056730736,
    "end": 1572056730736,
    "duration": 0,
    "pid": 1432,
    "index": 15
  },
  {
    "name": "Require(13) node_modules/egg-mysql/config/config.default.js",
    "start": 1572056730737,
    "end": 1572056730738,
    "duration": 1,
    "pid": 1432,
    "index": 16
  },
  {
    "name": "Require(14) node_modules/egg/config/config.default.js",
    "start": 1572056730739,
    "end": 1572056730740,
    "duration": 1,
    "pid": 1432,
    "index": 17
  },
  {
    "name": "Require(15) config/config.default.js",
    "start": 1572056730741,
    "end": 1572056730741,
    "duration": 0,
    "pid": 1432,
    "index": 18
  },
  {
    "name": "Require(16) node_modules/egg-security/config/config.local.js",
    "start": 1572056730742,
    "end": 1572056730743,
    "duration": 1,
    "pid": 1432,
    "index": 19
  },
  {
    "name": "Require(17) node_modules/egg-watcher/config/config.local.js",
    "start": 1572056730744,
    "end": 1572056730745,
    "duration": 1,
    "pid": 1432,
    "index": 20
  },
  {
    "name": "Require(18) node_modules/egg-view/config/config.local.js",
    "start": 1572056730746,
    "end": 1572056730747,
    "duration": 1,
    "pid": 1432,
    "index": 21
  },
  {
    "name": "Require(19) node_modules/egg/config/config.local.js",
    "start": 1572056730748,
    "end": 1572056730748,
    "duration": 0,
    "pid": 1432,
    "index": 22
  },
  {
    "name": "Load extend/application.js",
    "start": 1572056730750,
    "end": 1572056730775,
    "duration": 25,
    "pid": 1432,
    "index": 23
  },
  {
    "name": "Require(20) node_modules/egg-session/app/extend/application.js",
    "start": 1572056730751,
    "end": 1572056730751,
    "duration": 0,
    "pid": 1432,
    "index": 24
  },
  {
    "name": "Require(21) node_modules/egg-security/app/extend/application.js",
    "start": 1572056730752,
    "end": 1572056730755,
    "duration": 3,
    "pid": 1432,
    "index": 25
  },
  {
    "name": "Require(22) node_modules/egg-jsonp/app/extend/application.js",
    "start": 1572056730755,
    "end": 1572056730757,
    "duration": 2,
    "pid": 1432,
    "index": 26
  },
  {
    "name": "Require(23) node_modules/egg-logrotator/app/extend/application.js",
    "start": 1572056730760,
    "end": 1572056730764,
    "duration": 4,
    "pid": 1432,
    "index": 27
  },
  {
    "name": "Require(24) node_modules/egg-view/app/extend/application.js",
    "start": 1572056730766,
    "end": 1572056730769,
    "duration": 3,
    "pid": 1432,
    "index": 28
  },
  {
    "name": "Load extend/request.js",
    "start": 1572056730775,
    "end": 1572056730796,
    "duration": 21,
    "pid": 1432,
    "index": 29
  },
  {
    "name": "Require(25) node_modules/egg/app/extend/request.js",
    "start": 1572056730780,
    "end": 1572056730786,
    "duration": 6,
    "pid": 1432,
    "index": 30
  },
  {
    "name": "Load extend/response.js",
    "start": 1572056730796,
    "end": 1572056730812,
    "duration": 16,
    "pid": 1432,
    "index": 31
  },
  {
    "name": "Require(26) node_modules/egg/app/extend/response.js",
    "start": 1572056730802,
    "end": 1572056730805,
    "duration": 3,
    "pid": 1432,
    "index": 32
  },
  {
    "name": "Load extend/context.js",
    "start": 1572056730813,
    "end": 1572056730949,
    "duration": 136,
    "pid": 1432,
    "index": 33
  },
  {
    "name": "Require(27) node_modules/egg-security/app/extend/context.js",
    "start": 1572056730814,
    "end": 1572056730832,
    "duration": 18,
    "pid": 1432,
    "index": 34
  },
  {
    "name": "Require(28) node_modules/egg-jsonp/app/extend/context.js",
    "start": 1572056730833,
    "end": 1572056730836,
    "duration": 3,
    "pid": 1432,
    "index": 35
  },
  {
    "name": "Require(29) node_modules/egg-i18n/app/extend/context.js",
    "start": 1572056730836,
    "end": 1572056730837,
    "duration": 1,
    "pid": 1432,
    "index": 36
  },
  {
    "name": "Require(30) node_modules/egg-multipart/app/extend/context.js",
    "start": 1572056730838,
    "end": 1572056730938,
    "duration": 100,
    "pid": 1432,
    "index": 37
  },
  {
    "name": "Require(31) node_modules/egg-view/app/extend/context.js",
    "start": 1572056730939,
    "end": 1572056730940,
    "duration": 1,
    "pid": 1432,
    "index": 38
  },
  {
    "name": "Require(32) node_modules/egg/app/extend/context.js",
    "start": 1572056730941,
    "end": 1572056730944,
    "duration": 3,
    "pid": 1432,
    "index": 39
  },
  {
    "name": "Load extend/helper.js",
    "start": 1572056730950,
    "end": 1572056731006,
    "duration": 56,
    "pid": 1432,
    "index": 40
  },
  {
    "name": "Require(33) node_modules/egg-security/app/extend/helper.js",
    "start": 1572056730950,
    "end": 1572056730998,
    "duration": 48,
    "pid": 1432,
    "index": 41
  },
  {
    "name": "Require(34) node_modules/egg/app/extend/helper.js",
    "start": 1572056731002,
    "end": 1572056731002,
    "duration": 0,
    "pid": 1432,
    "index": 42
  },
  {
    "name": "Load app.js",
    "start": 1572056731006,
    "end": 1572056731120,
    "duration": 114,
    "pid": 1432,
    "index": 43
  },
  {
    "name": "Require(35) node_modules/egg-session/app.js",
    "start": 1572056731007,
    "end": 1572056731007,
    "duration": 0,
    "pid": 1432,
    "index": 44
  },
  {
    "name": "Require(36) node_modules/egg-security/app.js",
    "start": 1572056731008,
    "end": 1572056731011,
    "duration": 3,
    "pid": 1432,
    "index": 45
  },
  {
    "name": "Require(37) node_modules/egg-onerror/app.js",
    "start": 1572056731012,
    "end": 1572056731025,
    "duration": 13,
    "pid": 1432,
    "index": 46
  },
  {
    "name": "Require(38) node_modules/egg-i18n/app.js",
    "start": 1572056731026,
    "end": 1572056731056,
    "duration": 30,
    "pid": 1432,
    "index": 47
  },
  {
    "name": "Require(39) node_modules/egg-watcher/app.js",
    "start": 1572056731057,
    "end": 1572056731067,
    "duration": 10,
    "pid": 1432,
    "index": 48
  },
  {
    "name": "Require(40) node_modules/egg-schedule/app.js",
    "start": 1572056731067,
    "end": 1572056731070,
    "duration": 3,
    "pid": 1432,
    "index": 49
  },
  {
    "name": "Require(41) node_modules/egg-multipart/app.js",
    "start": 1572056731071,
    "end": 1572056731082,
    "duration": 11,
    "pid": 1432,
    "index": 50
  },
  {
    "name": "Require(42) node_modules/egg-development/app.js",
    "start": 1572056731083,
    "end": 1572056731084,
    "duration": 1,
    "pid": 1432,
    "index": 51
  },
  {
    "name": "Require(43) node_modules/egg-logrotator/app.js",
    "start": 1572056731084,
    "end": 1572056731085,
    "duration": 1,
    "pid": 1432,
    "index": 52
  },
  {
    "name": "Require(44) node_modules/egg-static/app.js",
    "start": 1572056731086,
    "end": 1572056731086,
    "duration": 0,
    "pid": 1432,
    "index": 53
  },
  {
    "name": "Require(45) node_modules/egg-mysql/app.js",
    "start": 1572056731089,
    "end": 1572056731118,
    "duration": 29,
    "pid": 1432,
    "index": 54
  },
  {
    "name": "Before Start in node_modules/egg-watcher/lib/init.js:15:14",
    "start": 1572056731139,
    "end": 1572056731674,
    "duration": 535,
    "pid": 1432,
    "index": 55
  },
  {
    "name": "Before Start in node_modules/egg-mysql/lib/mysql.js:20:7",
    "start": 1572056731365,
    "end": 1572056731678,
    "duration": 313,
    "pid": 1432,
    "index": 56
  },
  {
    "name": "Load Service",
    "start": 1572056731365,
    "end": 1572056731376,
    "duration": 11,
    "pid": 1432,
    "index": 57
  },
  {
    "name": "Load \"service\" to Context",
    "start": 1572056731365,
    "end": 1572056731376,
    "duration": 11,
    "pid": 1432,
    "index": 58
  },
  {
    "name": "Load Middleware",
    "start": 1572056731376,
    "end": 1572056731557,
    "duration": 181,
    "pid": 1432,
    "index": 59
  },
  {
    "name": "Load \"middlewares\" to Application",
    "start": 1572056731376,
    "end": 1572056731537,
    "duration": 161,
    "pid": 1432,
    "index": 60
  },
  {
    "name": "Load Controller",
    "start": 1572056731557,
    "end": 1572056731633,
    "duration": 76,
    "pid": 1432,
    "index": 61
  },
  {
    "name": "Load \"controller\" to Application",
    "start": 1572056731557,
    "end": 1572056731633,
    "duration": 76,
    "pid": 1432,
    "index": 62
  },
  {
    "name": "Load Router",
    "start": 1572056731633,
    "end": 1572056731635,
    "duration": 2,
    "pid": 1432,
    "index": 63
  },
  {
    "name": "Require(46) app/router.js",
    "start": 1572056731633,
    "end": 1572056731634,
    "duration": 1,
    "pid": 1432,
    "index": 64
  },
  {
    "name": "Before Start in node_modules/egg-core/lib/egg.js:303:10",
    "start": 1572056731634,
    "end": 1572056731654,
    "duration": 20,
    "pid": 1432,
    "index": 65
  }
]