[
  {
    "name": "Application Start",
    "start": 1572053114452,
    "end": 1572053115575,
    "duration": 1123,
    "pid": 12264,
    "index": 0
  },
  {
    "name": "Load Plugin",
    "start": 1572053114459,
    "end": 1572053114495,
    "duration": 36,
    "pid": 12264,
    "index": 1
  },
  {
    "name": "Load Config",
    "start": 1572053114496,
    "end": 1572053114552,
    "duration": 56,
    "pid": 12264,
    "index": 2
  },
  {
    "name": "Require(0) config/config.default.js",
    "start": 1572053114502,
    "end": 1572053114502,
    "duration": 0,
    "pid": 12264,
    "index": 3
  },
  {
    "name": "Require(1) node_modules/egg-session/config/config.default.js",
    "start": 1572053114504,
    "end": 1572053114504,
    "duration": 0,
    "pid": 12264,
    "index": 4
  },
  {
    "name": "Require(2) node_modules/egg-security/config/config.default.js",
    "start": 1572053114505,
    "end": 1572053114505,
    "duration": 0,
    "pid": 12264,
    "index": 5
  },
  {
    "name": "Require(3) node_modules/egg-jsonp/config/config.default.js",
    "start": 1572053114506,
    "end": 1572053114507,
    "duration": 1,
    "pid": 12264,
    "index": 6
  },
  {
    "name": "Require(4) node_modules/egg-onerror/config/config.default.js",
    "start": 1572053114516,
    "end": 1572053114520,
    "duration": 4,
    "pid": 12264,
    "index": 7
  },
  {
    "name": "Require(5) node_modules/egg-i18n/config/config.default.js",
    "start": 1572053114522,
    "end": 1572053114524,
    "duration": 2,
    "pid": 12264,
    "index": 8
  },
  {
    "name": "Require(6) node_modules/egg-watcher/config/config.default.js",
    "start": 1572053114526,
    "end": 1572053114527,
    "duration": 1,
    "pid": 12264,
    "index": 9
  },
  {
    "name": "Require(7) node_modules/egg-schedule/config/config.default.js",
    "start": 1572053114529,
    "end": 1572053114529,
    "duration": 0,
    "pid": 12264,
    "index": 10
  },
  {
    "name": "Require(8) node_modules/egg-multipart/config/config.default.js",
    "start": 1572053114530,
    "end": 1572053114531,
    "duration": 1,
    "pid": 12264,
    "index": 11
  },
  {
    "name": "Require(9) node_modules/egg-development/config/config.default.js",
    "start": 1572053114532,
    "end": 1572053114533,
    "duration": 1,
    "pid": 12264,
    "index": 12
  },
  {
    "name": "Require(10) node_modules/egg-logrotator/config/config.default.js",
    "start": 1572053114534,
    "end": 1572053114538,
    "duration": 4,
    "pid": 12264,
    "index": 13
  },
  {
    "name": "Require(11) node_modules/egg-static/config/config.default.js",
    "start": 1572053114539,
    "end": 1572053114539,
    "duration": 0,
    "pid": 12264,
    "index": 14
  },
  {
    "name": "Require(12) node_modules/egg-view/config/config.default.js",
    "start": 1572053114540,
    "end": 1572053114540,
    "duration": 0,
    "pid": 12264,
    "index": 15
  },
  {
    "name": "Require(13) node_modules/egg-mysql/config/config.default.js",
    "start": 1572053114542,
    "end": 1572053114542,
    "duration": 0,
    "pid": 12264,
    "index": 16
  },
  {
    "name": "Require(14) node_modules/egg/config/config.default.js",
    "start": 1572053114543,
    "end": 1572053114543,
    "duration": 0,
    "pid": 12264,
    "index": 17
  },
  {
    "name": "Require(15) config/config.default.js",
    "start": 1572053114544,
    "end": 1572053114544,
    "duration": 0,
    "pid": 12264,
    "index": 18
  },
  {
    "name": "Require(16) node_modules/egg-security/config/config.local.js",
    "start": 1572053114545,
    "end": 1572053114545,
    "duration": 0,
    "pid": 12264,
    "index": 19
  },
  {
    "name": "Require(17) node_modules/egg-watcher/config/config.local.js",
    "start": 1572053114547,
    "end": 1572053114547,
    "duration": 0,
    "pid": 12264,
    "index": 20
  },
  {
    "name": "Require(18) node_modules/egg-view/config/config.local.js",
    "start": 1572053114550,
    "end": 1572053114550,
    "duration": 0,
    "pid": 12264,
    "index": 21
  },
  {
    "name": "Require(19) node_modules/egg/config/config.local.js",
    "start": 1572053114551,
    "end": 1572053114552,
    "duration": 1,
    "pid": 12264,
    "index": 22
  },
  {
    "name": "Load extend/application.js",
    "start": 1572053114554,
    "end": 1572053114573,
    "duration": 19,
    "pid": 12264,
    "index": 23
  },
  {
    "name": "Require(20) node_modules/egg-session/app/extend/application.js",
    "start": 1572053114555,
    "end": 1572053114556,
    "duration": 1,
    "pid": 12264,
    "index": 24
  },
  {
    "name": "Require(21) node_modules/egg-security/app/extend/application.js",
    "start": 1572053114557,
    "end": 1572053114559,
    "duration": 2,
    "pid": 12264,
    "index": 25
  },
  {
    "name": "Require(22) node_modules/egg-jsonp/app/extend/application.js",
    "start": 1572053114560,
    "end": 1572053114562,
    "duration": 2,
    "pid": 12264,
    "index": 26
  },
  {
    "name": "Require(23) node_modules/egg-logrotator/app/extend/application.js",
    "start": 1572053114564,
    "end": 1572053114566,
    "duration": 2,
    "pid": 12264,
    "index": 27
  },
  {
    "name": "Require(24) node_modules/egg-view/app/extend/application.js",
    "start": 1572053114567,
    "end": 1572053114569,
    "duration": 2,
    "pid": 12264,
    "index": 28
  },
  {
    "name": "Load extend/request.js",
    "start": 1572053114573,
    "end": 1572053114583,
    "duration": 10,
    "pid": 12264,
    "index": 29
  },
  {
    "name": "Require(25) node_modules/egg/app/extend/request.js",
    "start": 1572053114578,
    "end": 1572053114580,
    "duration": 2,
    "pid": 12264,
    "index": 30
  },
  {
    "name": "Load extend/response.js",
    "start": 1572053114584,
    "end": 1572053114610,
    "duration": 26,
    "pid": 12264,
    "index": 31
  },
  {
    "name": "Require(26) node_modules/egg/app/extend/response.js",
    "start": 1572053114591,
    "end": 1572053114594,
    "duration": 3,
    "pid": 12264,
    "index": 32
  },
  {
    "name": "Load extend/context.js",
    "start": 1572053114610,
    "end": 1572053114736,
    "duration": 126,
    "pid": 12264,
    "index": 33
  },
  {
    "name": "Require(27) node_modules/egg-security/app/extend/context.js",
    "start": 1572053114611,
    "end": 1572053114631,
    "duration": 20,
    "pid": 12264,
    "index": 34
  },
  {
    "name": "Require(28) node_modules/egg-jsonp/app/extend/context.js",
    "start": 1572053114632,
    "end": 1572053114634,
    "duration": 2,
    "pid": 12264,
    "index": 35
  },
  {
    "name": "Require(29) node_modules/egg-i18n/app/extend/context.js",
    "start": 1572053114634,
    "end": 1572053114635,
    "duration": 1,
    "pid": 12264,
    "index": 36
  },
  {
    "name": "Require(30) node_modules/egg-multipart/app/extend/context.js",
    "start": 1572053114636,
    "end": 1572053114726,
    "duration": 90,
    "pid": 12264,
    "index": 37
  },
  {
    "name": "Require(31) node_modules/egg-view/app/extend/context.js",
    "start": 1572053114727,
    "end": 1572053114729,
    "duration": 2,
    "pid": 12264,
    "index": 38
  },
  {
    "name": "Require(32) node_modules/egg/app/extend/context.js",
    "start": 1572053114730,
    "end": 1572053114733,
    "duration": 3,
    "pid": 12264,
    "index": 39
  },
  {
    "name": "Load extend/helper.js",
    "start": 1572053114736,
    "end": 1572053114776,
    "duration": 40,
    "pid": 12264,
    "index": 40
  },
  {
    "name": "Require(33) node_modules/egg-security/app/extend/helper.js",
    "start": 1572053114738,
    "end": 1572053114765,
    "duration": 27,
    "pid": 12264,
    "index": 41
  },
  {
    "name": "Require(34) node_modules/egg/app/extend/helper.js",
    "start": 1572053114771,
    "end": 1572053114771,
    "duration": 0,
    "pid": 12264,
    "index": 42
  },
  {
    "name": "Load app.js",
    "start": 1572053114776,
    "end": 1572053114915,
    "duration": 139,
    "pid": 12264,
    "index": 43
  },
  {
    "name": "Require(35) node_modules/egg-session/app.js",
    "start": 1572053114780,
    "end": 1572053114790,
    "duration": 10,
    "pid": 12264,
    "index": 44
  },
  {
    "name": "Require(36) node_modules/egg-security/app.js",
    "start": 1572053114792,
    "end": 1572053114796,
    "duration": 4,
    "pid": 12264,
    "index": 45
  },
  {
    "name": "Require(37) node_modules/egg-onerror/app.js",
    "start": 1572053114798,
    "end": 1572053114816,
    "duration": 18,
    "pid": 12264,
    "index": 46
  },
  {
    "name": "Require(38) node_modules/egg-i18n/app.js",
    "start": 1572053114816,
    "end": 1572053114845,
    "duration": 29,
    "pid": 12264,
    "index": 47
  },
  {
    "name": "Require(39) node_modules/egg-watcher/app.js",
    "start": 1572053114845,
    "end": 1572053114851,
    "duration": 6,
    "pid": 12264,
    "index": 48
  },
  {
    "name": "Require(40) node_modules/egg-schedule/app.js",
    "start": 1572053114851,
    "end": 1572053114853,
    "duration": 2,
    "pid": 12264,
    "index": 49
  },
  {
    "name": "Require(41) node_modules/egg-multipart/app.js",
    "start": 1572053114854,
    "end": 1572053114862,
    "duration": 8,
    "pid": 12264,
    "index": 50
  },
  {
    "name": "Require(42) node_modules/egg-development/app.js",
    "start": 1572053114863,
    "end": 1572053114864,
    "duration": 1,
    "pid": 12264,
    "index": 51
  },
  {
    "name": "Require(43) node_modules/egg-logrotator/app.js",
    "start": 1572053114864,
    "end": 1572053114865,
    "duration": 1,
    "pid": 12264,
    "index": 52
  },
  {
    "name": "Require(44) node_modules/egg-static/app.js",
    "start": 1572053114865,
    "end": 1572053114866,
    "duration": 1,
    "pid": 12264,
    "index": 53
  },
  {
    "name": "Require(45) node_modules/egg-mysql/app.js",
    "start": 1572053114868,
    "end": 1572053114914,
    "duration": 46,
    "pid": 12264,
    "index": 54
  },
  {
    "name": "Before Start in node_modules/egg-watcher/lib/init.js:15:14",
    "start": 1572053114934,
    "end": 1572053115571,
    "duration": 637,
    "pid": 12264,
    "index": 55
  },
  {
    "name": "Before Start in node_modules/egg-mysql/lib/mysql.js:20:7",
    "start": 1572053115137,
    "end": 1572053115574,
    "duration": 437,
    "pid": 12264,
    "index": 56
  },
  {
    "name": "Load Service",
    "start": 1572053115138,
    "end": 1572053115168,
    "duration": 30,
    "pid": 12264,
    "index": 57
  },
  {
    "name": "Load \"service\" to Context",
    "start": 1572053115138,
    "end": 1572053115168,
    "duration": 30,
    "pid": 12264,
    "index": 58
  },
  {
    "name": "Load Middleware",
    "start": 1572053115169,
    "end": 1572053115383,
    "duration": 214,
    "pid": 12264,
    "index": 59
  },
  {
    "name": "Load \"middlewares\" to Application",
    "start": 1572053115170,
    "end": 1572053115364,
    "duration": 194,
    "pid": 12264,
    "index": 60
  },
  {
    "name": "Load Controller",
    "start": 1572053115383,
    "end": 1572053115489,
    "duration": 106,
    "pid": 12264,
    "index": 61
  },
  {
    "name": "Load \"controller\" to Application",
    "start": 1572053115383,
    "end": 1572053115489,
    "duration": 106,
    "pid": 12264,
    "index": 62
  },
  {
    "name": "Load Router",
    "start": 1572053115489,
    "end": 1572053115498,
    "duration": 9,
    "pid": 12264,
    "index": 63
  },
  {
    "name": "Require(46) app/router.js",
    "start": 1572053115491,
    "end": 1572053115494,
    "duration": 3,
    "pid": 12264,
    "index": 64
  },
  {
    "name": "Before Start in node_modules/egg-core/lib/egg.js:303:10",
    "start": 1572053115495,
    "end": 1572053115553,
    "duration": 58,
    "pid": 12264,
    "index": 65
  }
]