[
  {
    "name": "Application Start",
    "start": 1572056525149,
    "end": 1572056526884,
    "duration": 1735,
    "pid": 5364,
    "index": 0
  },
  {
    "name": "Load Plugin",
    "start": 1572056525156,
    "end": 1572056525203,
    "duration": 47,
    "pid": 5364,
    "index": 1
  },
  {
    "name": "Load Config",
    "start": 1572056525204,
    "end": 1572056525242,
    "duration": 38,
    "pid": 5364,
    "index": 2
  },
  {
    "name": "Require(0) config/config.default.js",
    "start": 1572056525206,
    "end": 1572056525207,
    "duration": 1,
    "pid": 5364,
    "index": 3
  },
  {
    "name": "Require(1) node_modules/egg-session/config/config.default.js",
    "start": 1572056525212,
    "end": 1572056525212,
    "duration": 0,
    "pid": 5364,
    "index": 4
  },
  {
    "name": "Require(2) node_modules/egg-security/config/config.default.js",
    "start": 1572056525213,
    "end": 1572056525213,
    "duration": 0,
    "pid": 5364,
    "index": 5
  },
  {
    "name": "Require(3) node_modules/egg-jsonp/config/config.default.js",
    "start": 1572056525215,
    "end": 1572056525215,
    "duration": 0,
    "pid": 5364,
    "index": 6
  },
  {
    "name": "Require(4) node_modules/egg-onerror/config/config.default.js",
    "start": 1572056525216,
    "end": 1572056525216,
    "duration": 0,
    "pid": 5364,
    "index": 7
  },
  {
    "name": "Require(5) node_modules/egg-i18n/config/config.default.js",
    "start": 1572056525217,
    "end": 1572056525217,
    "duration": 0,
    "pid": 5364,
    "index": 8
  },
  {
    "name": "Require(6) node_modules/egg-watcher/config/config.default.js",
    "start": 1572056525219,
    "end": 1572056525219,
    "duration": 0,
    "pid": 5364,
    "index": 9
  },
  {
    "name": "Require(7) node_modules/egg-schedule/config/config.default.js",
    "start": 1572056525220,
    "end": 1572056525220,
    "duration": 0,
    "pid": 5364,
    "index": 10
  },
  {
    "name": "Require(8) node_modules/egg-multipart/config/config.default.js",
    "start": 1572056525221,
    "end": 1572056525221,
    "duration": 0,
    "pid": 5364,
    "index": 11
  },
  {
    "name": "Require(9) node_modules/egg-development/config/config.default.js",
    "start": 1572056525222,
    "end": 1572056525223,
    "duration": 1,
    "pid": 5364,
    "index": 12
  },
  {
    "name": "Require(10) node_modules/egg-logrotator/config/config.default.js",
    "start": 1572056525224,
    "end": 1572056525226,
    "duration": 2,
    "pid": 5364,
    "index": 13
  },
  {
    "name": "Require(11) node_modules/egg-static/config/config.default.js",
    "start": 1572056525227,
    "end": 1572056525227,
    "duration": 0,
    "pid": 5364,
    "index": 14
  },
  {
    "name": "Require(12) node_modules/egg-view/config/config.default.js",
    "start": 1572056525228,
    "end": 1572056525228,
    "duration": 0,
    "pid": 5364,
    "index": 15
  },
  {
    "name": "Require(13) node_modules/egg-mysql/config/config.default.js",
    "start": 1572056525229,
    "end": 1572056525229,
    "duration": 0,
    "pid": 5364,
    "index": 16
  },
  {
    "name": "Require(14) node_modules/egg/config/config.default.js",
    "start": 1572056525230,
    "end": 1572056525232,
    "duration": 2,
    "pid": 5364,
    "index": 17
  },
  {
    "name": "Require(15) config/config.default.js",
    "start": 1572056525233,
    "end": 1572056525234,
    "duration": 1,
    "pid": 5364,
    "index": 18
  },
  {
    "name": "Require(16) node_modules/egg-security/config/config.local.js",
    "start": 1572056525235,
    "end": 1572056525235,
    "duration": 0,
    "pid": 5364,
    "index": 19
  },
  {
    "name": "Require(17) node_modules/egg-watcher/config/config.local.js",
    "start": 1572056525237,
    "end": 1572056525237,
    "duration": 0,
    "pid": 5364,
    "index": 20
  },
  {
    "name": "Require(18) node_modules/egg-view/config/config.local.js",
    "start": 1572056525240,
    "end": 1572056525240,
    "duration": 0,
    "pid": 5364,
    "index": 21
  },
  {
    "name": "Require(19) node_modules/egg/config/config.local.js",
    "start": 1572056525241,
    "end": 1572056525242,
    "duration": 1,
    "pid": 5364,
    "index": 22
  },
  {
    "name": "Load extend/application.js",
    "start": 1572056525244,
    "end": 1572056525268,
    "duration": 24,
    "pid": 5364,
    "index": 23
  },
  {
    "name": "Require(20) node_modules/egg-session/app/extend/application.js",
    "start": 1572056525244,
    "end": 1572056525245,
    "duration": 1,
    "pid": 5364,
    "index": 24
  },
  {
    "name": "Require(21) node_modules/egg-security/app/extend/application.js",
    "start": 1572056525246,
    "end": 1572056525247,
    "duration": 1,
    "pid": 5364,
    "index": 25
  },
  {
    "name": "Require(22) node_modules/egg-jsonp/app/extend/application.js",
    "start": 1572056525248,
    "end": 1572056525250,
    "duration": 2,
    "pid": 5364,
    "index": 26
  },
  {
    "name": "Require(23) node_modules/egg-logrotator/app/extend/application.js",
    "start": 1572056525252,
    "end": 1572056525254,
    "duration": 2,
    "pid": 5364,
    "index": 27
  },
  {
    "name": "Require(24) node_modules/egg-view/app/extend/application.js",
    "start": 1572056525256,
    "end": 1572056525260,
    "duration": 4,
    "pid": 5364,
    "index": 28
  },
  {
    "name": "Load extend/request.js",
    "start": 1572056525268,
    "end": 1572056525295,
    "duration": 27,
    "pid": 5364,
    "index": 29
  },
  {
    "name": "Require(25) node_modules/egg/app/extend/request.js",
    "start": 1572056525285,
    "end": 1572056525287,
    "duration": 2,
    "pid": 5364,
    "index": 30
  },
  {
    "name": "Load extend/response.js",
    "start": 1572056525295,
    "end": 1572056525306,
    "duration": 11,
    "pid": 5364,
    "index": 31
  },
  {
    "name": "Require(26) node_modules/egg/app/extend/response.js",
    "start": 1572056525298,
    "end": 1572056525300,
    "duration": 2,
    "pid": 5364,
    "index": 32
  },
  {
    "name": "Load extend/context.js",
    "start": 1572056525306,
    "end": 1572056525428,
    "duration": 122,
    "pid": 5364,
    "index": 33
  },
  {
    "name": "Require(27) node_modules/egg-security/app/extend/context.js",
    "start": 1572056525307,
    "end": 1572056525325,
    "duration": 18,
    "pid": 5364,
    "index": 34
  },
  {
    "name": "Require(28) node_modules/egg-jsonp/app/extend/context.js",
    "start": 1572056525325,
    "end": 1572056525327,
    "duration": 2,
    "pid": 5364,
    "index": 35
  },
  {
    "name": "Require(29) node_modules/egg-i18n/app/extend/context.js",
    "start": 1572056525328,
    "end": 1572056525329,
    "duration": 1,
    "pid": 5364,
    "index": 36
  },
  {
    "name": "Require(30) node_modules/egg-multipart/app/extend/context.js",
    "start": 1572056525330,
    "end": 1572056525417,
    "duration": 87,
    "pid": 5364,
    "index": 37
  },
  {
    "name": "Require(31) node_modules/egg-view/app/extend/context.js",
    "start": 1572056525419,
    "end": 1572056525420,
    "duration": 1,
    "pid": 5364,
    "index": 38
  },
  {
    "name": "Require(32) node_modules/egg/app/extend/context.js",
    "start": 1572056525421,
    "end": 1572056525424,
    "duration": 3,
    "pid": 5364,
    "index": 39
  },
  {
    "name": "Load extend/helper.js",
    "start": 1572056525428,
    "end": 1572056525496,
    "duration": 68,
    "pid": 5364,
    "index": 40
  },
  {
    "name": "Require(33) node_modules/egg-security/app/extend/helper.js",
    "start": 1572056525429,
    "end": 1572056525487,
    "duration": 58,
    "pid": 5364,
    "index": 41
  },
  {
    "name": "Require(34) node_modules/egg/app/extend/helper.js",
    "start": 1572056525490,
    "end": 1572056525491,
    "duration": 1,
    "pid": 5364,
    "index": 42
  },
  {
    "name": "Load app.js",
    "start": 1572056525497,
    "end": 1572056525722,
    "duration": 225,
    "pid": 5364,
    "index": 43
  },
  {
    "name": "Require(35) node_modules/egg-session/app.js",
    "start": 1572056525498,
    "end": 1572056525499,
    "duration": 1,
    "pid": 5364,
    "index": 44
  },
  {
    "name": "Require(36) node_modules/egg-security/app.js",
    "start": 1572056525499,
    "end": 1572056525507,
    "duration": 8,
    "pid": 5364,
    "index": 45
  },
  {
    "name": "Require(37) node_modules/egg-onerror/app.js",
    "start": 1572056525508,
    "end": 1572056525554,
    "duration": 46,
    "pid": 5364,
    "index": 46
  },
  {
    "name": "Require(38) node_modules/egg-i18n/app.js",
    "start": 1572056525556,
    "end": 1572056525605,
    "duration": 49,
    "pid": 5364,
    "index": 47
  },
  {
    "name": "Require(39) node_modules/egg-watcher/app.js",
    "start": 1572056525606,
    "end": 1572056525617,
    "duration": 11,
    "pid": 5364,
    "index": 48
  },
  {
    "name": "Require(40) node_modules/egg-schedule/app.js",
    "start": 1572056525617,
    "end": 1572056525623,
    "duration": 6,
    "pid": 5364,
    "index": 49
  },
  {
    "name": "Require(41) node_modules/egg-multipart/app.js",
    "start": 1572056525624,
    "end": 1572056525629,
    "duration": 5,
    "pid": 5364,
    "index": 50
  },
  {
    "name": "Require(42) node_modules/egg-development/app.js",
    "start": 1572056525630,
    "end": 1572056525646,
    "duration": 16,
    "pid": 5364,
    "index": 51
  },
  {
    "name": "Require(43) node_modules/egg-logrotator/app.js",
    "start": 1572056525647,
    "end": 1572056525648,
    "duration": 1,
    "pid": 5364,
    "index": 52
  },
  {
    "name": "Require(44) node_modules/egg-static/app.js",
    "start": 1572056525650,
    "end": 1572056525651,
    "duration": 1,
    "pid": 5364,
    "index": 53
  },
  {
    "name": "Require(45) node_modules/egg-mysql/app.js",
    "start": 1572056525652,
    "end": 1572056525710,
    "duration": 58,
    "pid": 5364,
    "index": 54
  },
  {
    "name": "Before Start in node_modules/egg-watcher/lib/init.js:15:14",
    "start": 1572056525780,
    "end": 1572056526881,
    "duration": 1101,
    "pid": 5364,
    "index": 55
  },
  {
    "name": "Before Start in node_modules/egg-mysql/lib/mysql.js:20:7",
    "start": 1572056526332,
    "end": 1572056526884,
    "duration": 552,
    "pid": 5364,
    "index": 56
  },
  {
    "name": "Load Service",
    "start": 1572056526332,
    "end": 1572056526379,
    "duration": 47,
    "pid": 5364,
    "index": 57
  },
  {
    "name": "Load \"service\" to Context",
    "start": 1572056526332,
    "end": 1572056526379,
    "duration": 47,
    "pid": 5364,
    "index": 58
  },
  {
    "name": "Load Middleware",
    "start": 1572056526380,
    "end": 1572056526721,
    "duration": 341,
    "pid": 5364,
    "index": 59
  },
  {
    "name": "Load \"middlewares\" to Application",
    "start": 1572056526380,
    "end": 1572056526689,
    "duration": 309,
    "pid": 5364,
    "index": 60
  },
  {
    "name": "Load Controller",
    "start": 1572056526721,
    "end": 1572056526819,
    "duration": 98,
    "pid": 5364,
    "index": 61
  },
  {
    "name": "Load \"controller\" to Application",
    "start": 1572056526721,
    "end": 1572056526819,
    "duration": 98,
    "pid": 5364,
    "index": 62
  },
  {
    "name": "Load Router",
    "start": 1572056526819,
    "end": 1572056526832,
    "duration": 13,
    "pid": 5364,
    "index": 63
  },
  {
    "name": "Require(46) app/router.js",
    "start": 1572056526820,
    "end": 1572056526828,
    "duration": 8,
    "pid": 5364,
    "index": 64
  },
  {
    "name": "Before Start in node_modules/egg-core/lib/egg.js:303:10",
    "start": 1572056526829,
    "end": 1572056526857,
    "duration": 28,
    "pid": 5364,
    "index": 65
  }
]