[
  {
    "name": "Application Start",
    "start": 1572055399428,
    "end": 1572055401178,
    "duration": 1750,
    "pid": 3552,
    "index": 0
  },
  {
    "name": "Load Plugin",
    "start": 1572055399438,
    "end": 1572055399476,
    "duration": 38,
    "pid": 3552,
    "index": 1
  },
  {
    "name": "Load Config",
    "start": 1572055399477,
    "end": 1572055399539,
    "duration": 62,
    "pid": 3552,
    "index": 2
  },
  {
    "name": "Require(0) config/config.default.js",
    "start": 1572055399485,
    "end": 1572055399486,
    "duration": 1,
    "pid": 3552,
    "index": 3
  },
  {
    "name": "Require(1) node_modules/egg-session/config/config.default.js",
    "start": 1572055399489,
    "end": 1572055399489,
    "duration": 0,
    "pid": 3552,
    "index": 4
  },
  {
    "name": "Require(2) node_modules/egg-security/config/config.default.js",
    "start": 1572055399491,
    "end": 1572055399491,
    "duration": 0,
    "pid": 3552,
    "index": 5
  },
  {
    "name": "Require(3) node_modules/egg-jsonp/config/config.default.js",
    "start": 1572055399493,
    "end": 1572055399494,
    "duration": 1,
    "pid": 3552,
    "index": 6
  },
  {
    "name": "Require(4) node_modules/egg-onerror/config/config.default.js",
    "start": 1572055399495,
    "end": 1572055399496,
    "duration": 1,
    "pid": 3552,
    "index": 7
  },
  {
    "name": "Require(5) node_modules/egg-i18n/config/config.default.js",
    "start": 1572055399497,
    "end": 1572055399498,
    "duration": 1,
    "pid": 3552,
    "index": 8
  },
  {
    "name": "Require(6) node_modules/egg-watcher/config/config.default.js",
    "start": 1572055399499,
    "end": 1572055399500,
    "duration": 1,
    "pid": 3552,
    "index": 9
  },
  {
    "name": "Require(7) node_modules/egg-schedule/config/config.default.js",
    "start": 1572055399501,
    "end": 1572055399501,
    "duration": 0,
    "pid": 3552,
    "index": 10
  },
  {
    "name": "Require(8) node_modules/egg-multipart/config/config.default.js",
    "start": 1572055399502,
    "end": 1572055399503,
    "duration": 1,
    "pid": 3552,
    "index": 11
  },
  {
    "name": "Require(9) node_modules/egg-development/config/config.default.js",
    "start": 1572055399506,
    "end": 1572055399507,
    "duration": 1,
    "pid": 3552,
    "index": 12
  },
  {
    "name": "Require(10) node_modules/egg-logrotator/config/config.default.js",
    "start": 1572055399511,
    "end": 1572055399515,
    "duration": 4,
    "pid": 3552,
    "index": 13
  },
  {
    "name": "Require(11) node_modules/egg-static/config/config.default.js",
    "start": 1572055399516,
    "end": 1572055399517,
    "duration": 1,
    "pid": 3552,
    "index": 14
  },
  {
    "name": "Require(12) node_modules/egg-view/config/config.default.js",
    "start": 1572055399519,
    "end": 1572055399519,
    "duration": 0,
    "pid": 3552,
    "index": 15
  },
  {
    "name": "Require(13) node_modules/egg-mysql/config/config.default.js",
    "start": 1572055399521,
    "end": 1572055399521,
    "duration": 0,
    "pid": 3552,
    "index": 16
  },
  {
    "name": "Require(14) node_modules/egg/config/config.default.js",
    "start": 1572055399523,
    "end": 1572055399524,
    "duration": 1,
    "pid": 3552,
    "index": 17
  },
  {
    "name": "Require(15) config/config.default.js",
    "start": 1572055399528,
    "end": 1572055399528,
    "duration": 0,
    "pid": 3552,
    "index": 18
  },
  {
    "name": "Require(16) node_modules/egg-security/config/config.local.js",
    "start": 1572055399530,
    "end": 1572055399530,
    "duration": 0,
    "pid": 3552,
    "index": 19
  },
  {
    "name": "Require(17) node_modules/egg-watcher/config/config.local.js",
    "start": 1572055399533,
    "end": 1572055399533,
    "duration": 0,
    "pid": 3552,
    "index": 20
  },
  {
    "name": "Require(18) node_modules/egg-view/config/config.local.js",
    "start": 1572055399536,
    "end": 1572055399537,
    "duration": 1,
    "pid": 3552,
    "index": 21
  },
  {
    "name": "Require(19) node_modules/egg/config/config.local.js",
    "start": 1572055399538,
    "end": 1572055399539,
    "duration": 1,
    "pid": 3552,
    "index": 22
  },
  {
    "name": "Load extend/application.js",
    "start": 1572055399542,
    "end": 1572055399576,
    "duration": 34,
    "pid": 3552,
    "index": 23
  },
  {
    "name": "Require(20) node_modules/egg-session/app/extend/application.js",
    "start": 1572055399543,
    "end": 1572055399544,
    "duration": 1,
    "pid": 3552,
    "index": 24
  },
  {
    "name": "Require(21) node_modules/egg-security/app/extend/application.js",
    "start": 1572055399545,
    "end": 1572055399547,
    "duration": 2,
    "pid": 3552,
    "index": 25
  },
  {
    "name": "Require(22) node_modules/egg-jsonp/app/extend/application.js",
    "start": 1572055399548,
    "end": 1572055399551,
    "duration": 3,
    "pid": 3552,
    "index": 26
  },
  {
    "name": "Require(23) node_modules/egg-logrotator/app/extend/application.js",
    "start": 1572055399554,
    "end": 1572055399558,
    "duration": 4,
    "pid": 3552,
    "index": 27
  },
  {
    "name": "Require(24) node_modules/egg-view/app/extend/application.js",
    "start": 1572055399560,
    "end": 1572055399563,
    "duration": 3,
    "pid": 3552,
    "index": 28
  },
  {
    "name": "Load extend/request.js",
    "start": 1572055399576,
    "end": 1572055399606,
    "duration": 30,
    "pid": 3552,
    "index": 29
  },
  {
    "name": "Require(25) node_modules/egg/app/extend/request.js",
    "start": 1572055399584,
    "end": 1572055399597,
    "duration": 13,
    "pid": 3552,
    "index": 30
  },
  {
    "name": "Load extend/response.js",
    "start": 1572055399606,
    "end": 1572055399636,
    "duration": 30,
    "pid": 3552,
    "index": 31
  },
  {
    "name": "Require(26) node_modules/egg/app/extend/response.js",
    "start": 1572055399617,
    "end": 1572055399620,
    "duration": 3,
    "pid": 3552,
    "index": 32
  },
  {
    "name": "Load extend/context.js",
    "start": 1572055399636,
    "end": 1572055399876,
    "duration": 240,
    "pid": 3552,
    "index": 33
  },
  {
    "name": "Require(27) node_modules/egg-security/app/extend/context.js",
    "start": 1572055399637,
    "end": 1572055399693,
    "duration": 56,
    "pid": 3552,
    "index": 34
  },
  {
    "name": "Require(28) node_modules/egg-jsonp/app/extend/context.js",
    "start": 1572055399694,
    "end": 1572055399699,
    "duration": 5,
    "pid": 3552,
    "index": 35
  },
  {
    "name": "Require(29) node_modules/egg-i18n/app/extend/context.js",
    "start": 1572055399701,
    "end": 1572055399701,
    "duration": 0,
    "pid": 3552,
    "index": 36
  },
  {
    "name": "Require(30) node_modules/egg-multipart/app/extend/context.js",
    "start": 1572055399703,
    "end": 1572055399834,
    "duration": 131,
    "pid": 3552,
    "index": 37
  },
  {
    "name": "Require(31) node_modules/egg-view/app/extend/context.js",
    "start": 1572055399835,
    "end": 1572055399837,
    "duration": 2,
    "pid": 3552,
    "index": 38
  },
  {
    "name": "Require(32) node_modules/egg/app/extend/context.js",
    "start": 1572055399838,
    "end": 1572055399848,
    "duration": 10,
    "pid": 3552,
    "index": 39
  },
  {
    "name": "Load extend/helper.js",
    "start": 1572055399877,
    "end": 1572055399938,
    "duration": 61,
    "pid": 3552,
    "index": 40
  },
  {
    "name": "Require(33) node_modules/egg-security/app/extend/helper.js",
    "start": 1572055399878,
    "end": 1572055399924,
    "duration": 46,
    "pid": 3552,
    "index": 41
  },
  {
    "name": "Require(34) node_modules/egg/app/extend/helper.js",
    "start": 1572055399928,
    "end": 1572055399928,
    "duration": 0,
    "pid": 3552,
    "index": 42
  },
  {
    "name": "Load app.js",
    "start": 1572055399938,
    "end": 1572055400156,
    "duration": 218,
    "pid": 3552,
    "index": 43
  },
  {
    "name": "Require(35) node_modules/egg-session/app.js",
    "start": 1572055399939,
    "end": 1572055399940,
    "duration": 1,
    "pid": 3552,
    "index": 44
  },
  {
    "name": "Require(36) node_modules/egg-security/app.js",
    "start": 1572055399941,
    "end": 1572055399949,
    "duration": 8,
    "pid": 3552,
    "index": 45
  },
  {
    "name": "Require(37) node_modules/egg-onerror/app.js",
    "start": 1572055399953,
    "end": 1572055399986,
    "duration": 33,
    "pid": 3552,
    "index": 46
  },
  {
    "name": "Require(38) node_modules/egg-i18n/app.js",
    "start": 1572055399987,
    "end": 1572055400040,
    "duration": 53,
    "pid": 3552,
    "index": 47
  },
  {
    "name": "Require(39) node_modules/egg-watcher/app.js",
    "start": 1572055400051,
    "end": 1572055400063,
    "duration": 12,
    "pid": 3552,
    "index": 48
  },
  {
    "name": "Require(40) node_modules/egg-schedule/app.js",
    "start": 1572055400064,
    "end": 1572055400068,
    "duration": 4,
    "pid": 3552,
    "index": 49
  },
  {
    "name": "Require(41) node_modules/egg-multipart/app.js",
    "start": 1572055400069,
    "end": 1572055400076,
    "duration": 7,
    "pid": 3552,
    "index": 50
  },
  {
    "name": "Require(42) node_modules/egg-development/app.js",
    "start": 1572055400077,
    "end": 1572055400077,
    "duration": 0,
    "pid": 3552,
    "index": 51
  },
  {
    "name": "Require(43) node_modules/egg-logrotator/app.js",
    "start": 1572055400078,
    "end": 1572055400079,
    "duration": 1,
    "pid": 3552,
    "index": 52
  },
  {
    "name": "Require(44) node_modules/egg-static/app.js",
    "start": 1572055400079,
    "end": 1572055400081,
    "duration": 2,
    "pid": 3552,
    "index": 53
  },
  {
    "name": "Require(45) node_modules/egg-mysql/app.js",
    "start": 1572055400084,
    "end": 1572055400154,
    "duration": 70,
    "pid": 3552,
    "index": 54
  },
  {
    "name": "Before Start in node_modules/egg-watcher/lib/init.js:15:14",
    "start": 1572055400189,
    "end": 1572055401160,
    "duration": 971,
    "pid": 3552,
    "index": 55
  },
  {
    "name": "Before Start in node_modules/egg-mysql/lib/mysql.js:20:7",
    "start": 1572055400624,
    "end": 1572055401176,
    "duration": 552,
    "pid": 3552,
    "index": 56
  },
  {
    "name": "Load Service",
    "start": 1572055400625,
    "end": 1572055400660,
    "duration": 35,
    "pid": 3552,
    "index": 57
  },
  {
    "name": "Load \"service\" to Context",
    "start": 1572055400626,
    "end": 1572055400660,
    "duration": 34,
    "pid": 3552,
    "index": 58
  },
  {
    "name": "Load Middleware",
    "start": 1572055400660,
    "end": 1572055400989,
    "duration": 329,
    "pid": 3552,
    "index": 59
  },
  {
    "name": "Load \"middlewares\" to Application",
    "start": 1572055400661,
    "end": 1572055400946,
    "duration": 285,
    "pid": 3552,
    "index": 60
  },
  {
    "name": "Load Controller",
    "start": 1572055400989,
    "end": 1572055401084,
    "duration": 95,
    "pid": 3552,
    "index": 61
  },
  {
    "name": "Load \"controller\" to Application",
    "start": 1572055400989,
    "end": 1572055401084,
    "duration": 95,
    "pid": 3552,
    "index": 62
  },
  {
    "name": "Load Router",
    "start": 1572055401084,
    "end": 1572055401087,
    "duration": 3,
    "pid": 3552,
    "index": 63
  },
  {
    "name": "Require(46) app/router.js",
    "start": 1572055401084,
    "end": 1572055401085,
    "duration": 1,
    "pid": 3552,
    "index": 64
  },
  {
    "name": "Before Start in node_modules/egg-core/lib/egg.js:303:10",
    "start": 1572055401085,
    "end": 1572055401114,
    "duration": 29,
    "pid": 3552,
    "index": 65
  }
]