[
  {
    "name": "Application Start",
    "start": 1572053244643,
    "end": 1572053245996,
    "duration": 1353,
    "pid": 8016,
    "index": 0
  },
  {
    "name": "Load Plugin",
    "start": 1572053244654,
    "end": 1572053244704,
    "duration": 50,
    "pid": 8016,
    "index": 1
  },
  {
    "name": "Load Config",
    "start": 1572053244705,
    "end": 1572053244800,
    "duration": 95,
    "pid": 8016,
    "index": 2
  },
  {
    "name": "Require(0) config/config.default.js",
    "start": 1572053244706,
    "end": 1572053244706,
    "duration": 0,
    "pid": 8016,
    "index": 3
  },
  {
    "name": "Require(1) node_modules/egg-session/config/config.default.js",
    "start": 1572053244708,
    "end": 1572053244709,
    "duration": 1,
    "pid": 8016,
    "index": 4
  },
  {
    "name": "Require(2) node_modules/egg-security/config/config.default.js",
    "start": 1572053244709,
    "end": 1572053244710,
    "duration": 1,
    "pid": 8016,
    "index": 5
  },
  {
    "name": "Require(3) node_modules/egg-jsonp/config/config.default.js",
    "start": 1572053244711,
    "end": 1572053244712,
    "duration": 1,
    "pid": 8016,
    "index": 6
  },
  {
    "name": "Require(4) node_modules/egg-onerror/config/config.default.js",
    "start": 1572053244713,
    "end": 1572053244713,
    "duration": 0,
    "pid": 8016,
    "index": 7
  },
  {
    "name": "Require(5) node_modules/egg-i18n/config/config.default.js",
    "start": 1572053244714,
    "end": 1572053244714,
    "duration": 0,
    "pid": 8016,
    "index": 8
  },
  {
    "name": "Require(6) node_modules/egg-watcher/config/config.default.js",
    "start": 1572053244715,
    "end": 1572053244715,
    "duration": 0,
    "pid": 8016,
    "index": 9
  },
  {
    "name": "Require(7) node_modules/egg-schedule/config/config.default.js",
    "start": 1572053244717,
    "end": 1572053244718,
    "duration": 1,
    "pid": 8016,
    "index": 10
  },
  {
    "name": "Require(8) node_modules/egg-multipart/config/config.default.js",
    "start": 1572053244719,
    "end": 1572053244720,
    "duration": 1,
    "pid": 8016,
    "index": 11
  },
  {
    "name": "Require(9) node_modules/egg-development/config/config.default.js",
    "start": 1572053244721,
    "end": 1572053244722,
    "duration": 1,
    "pid": 8016,
    "index": 12
  },
  {
    "name": "Require(10) node_modules/egg-logrotator/config/config.default.js",
    "start": 1572053244723,
    "end": 1572053244726,
    "duration": 3,
    "pid": 8016,
    "index": 13
  },
  {
    "name": "Require(11) node_modules/egg-static/config/config.default.js",
    "start": 1572053244730,
    "end": 1572053244731,
    "duration": 1,
    "pid": 8016,
    "index": 14
  },
  {
    "name": "Require(12) node_modules/egg-view/config/config.default.js",
    "start": 1572053244734,
    "end": 1572053244735,
    "duration": 1,
    "pid": 8016,
    "index": 15
  },
  {
    "name": "Require(13) node_modules/egg-mysql/config/config.default.js",
    "start": 1572053244773,
    "end": 1572053244774,
    "duration": 1,
    "pid": 8016,
    "index": 16
  },
  {
    "name": "Require(14) node_modules/egg/config/config.default.js",
    "start": 1572053244775,
    "end": 1572053244776,
    "duration": 1,
    "pid": 8016,
    "index": 17
  },
  {
    "name": "Require(15) config/config.default.js",
    "start": 1572053244780,
    "end": 1572053244780,
    "duration": 0,
    "pid": 8016,
    "index": 18
  },
  {
    "name": "Require(16) node_modules/egg-security/config/config.local.js",
    "start": 1572053244784,
    "end": 1572053244785,
    "duration": 1,
    "pid": 8016,
    "index": 19
  },
  {
    "name": "Require(17) node_modules/egg-watcher/config/config.local.js",
    "start": 1572053244790,
    "end": 1572053244790,
    "duration": 0,
    "pid": 8016,
    "index": 20
  },
  {
    "name": "Require(18) node_modules/egg-view/config/config.local.js",
    "start": 1572053244793,
    "end": 1572053244793,
    "duration": 0,
    "pid": 8016,
    "index": 21
  },
  {
    "name": "Require(19) node_modules/egg/config/config.local.js",
    "start": 1572053244799,
    "end": 1572053244799,
    "duration": 0,
    "pid": 8016,
    "index": 22
  },
  {
    "name": "Load extend/application.js",
    "start": 1572053244802,
    "end": 1572053244836,
    "duration": 34,
    "pid": 8016,
    "index": 23
  },
  {
    "name": "Require(20) node_modules/egg-session/app/extend/application.js",
    "start": 1572053244803,
    "end": 1572053244804,
    "duration": 1,
    "pid": 8016,
    "index": 24
  },
  {
    "name": "Require(21) node_modules/egg-security/app/extend/application.js",
    "start": 1572053244804,
    "end": 1572053244806,
    "duration": 2,
    "pid": 8016,
    "index": 25
  },
  {
    "name": "Require(22) node_modules/egg-jsonp/app/extend/application.js",
    "start": 1572053244808,
    "end": 1572053244813,
    "duration": 5,
    "pid": 8016,
    "index": 26
  },
  {
    "name": "Require(23) node_modules/egg-logrotator/app/extend/application.js",
    "start": 1572053244816,
    "end": 1572053244820,
    "duration": 4,
    "pid": 8016,
    "index": 27
  },
  {
    "name": "Require(24) node_modules/egg-view/app/extend/application.js",
    "start": 1572053244822,
    "end": 1572053244825,
    "duration": 3,
    "pid": 8016,
    "index": 28
  },
  {
    "name": "Load extend/request.js",
    "start": 1572053244836,
    "end": 1572053244860,
    "duration": 24,
    "pid": 8016,
    "index": 29
  },
  {
    "name": "Require(25) node_modules/egg/app/extend/request.js",
    "start": 1572053244842,
    "end": 1572053244845,
    "duration": 3,
    "pid": 8016,
    "index": 30
  },
  {
    "name": "Load extend/response.js",
    "start": 1572053244860,
    "end": 1572053244881,
    "duration": 21,
    "pid": 8016,
    "index": 31
  },
  {
    "name": "Require(26) node_modules/egg/app/extend/response.js",
    "start": 1572053244868,
    "end": 1572053244874,
    "duration": 6,
    "pid": 8016,
    "index": 32
  },
  {
    "name": "Load extend/context.js",
    "start": 1572053244881,
    "end": 1572053245087,
    "duration": 206,
    "pid": 8016,
    "index": 33
  },
  {
    "name": "Require(27) node_modules/egg-security/app/extend/context.js",
    "start": 1572053244882,
    "end": 1572053244905,
    "duration": 23,
    "pid": 8016,
    "index": 34
  },
  {
    "name": "Require(28) node_modules/egg-jsonp/app/extend/context.js",
    "start": 1572053244905,
    "end": 1572053244909,
    "duration": 4,
    "pid": 8016,
    "index": 35
  },
  {
    "name": "Require(29) node_modules/egg-i18n/app/extend/context.js",
    "start": 1572053244910,
    "end": 1572053244911,
    "duration": 1,
    "pid": 8016,
    "index": 36
  },
  {
    "name": "Require(30) node_modules/egg-multipart/app/extend/context.js",
    "start": 1572053244912,
    "end": 1572053245072,
    "duration": 160,
    "pid": 8016,
    "index": 37
  },
  {
    "name": "Require(31) node_modules/egg-view/app/extend/context.js",
    "start": 1572053245073,
    "end": 1572053245076,
    "duration": 3,
    "pid": 8016,
    "index": 38
  },
  {
    "name": "Require(32) node_modules/egg/app/extend/context.js",
    "start": 1572053245077,
    "end": 1572053245082,
    "duration": 5,
    "pid": 8016,
    "index": 39
  },
  {
    "name": "Load extend/helper.js",
    "start": 1572053245087,
    "end": 1572053245161,
    "duration": 74,
    "pid": 8016,
    "index": 40
  },
  {
    "name": "Require(33) node_modules/egg-security/app/extend/helper.js",
    "start": 1572053245088,
    "end": 1572053245151,
    "duration": 63,
    "pid": 8016,
    "index": 41
  },
  {
    "name": "Require(34) node_modules/egg/app/extend/helper.js",
    "start": 1572053245155,
    "end": 1572053245155,
    "duration": 0,
    "pid": 8016,
    "index": 42
  },
  {
    "name": "Load app.js",
    "start": 1572053245161,
    "end": 1572053245353,
    "duration": 192,
    "pid": 8016,
    "index": 43
  },
  {
    "name": "Require(35) node_modules/egg-session/app.js",
    "start": 1572053245162,
    "end": 1572053245163,
    "duration": 1,
    "pid": 8016,
    "index": 44
  },
  {
    "name": "Require(36) node_modules/egg-security/app.js",
    "start": 1572053245163,
    "end": 1572053245166,
    "duration": 3,
    "pid": 8016,
    "index": 45
  },
  {
    "name": "Require(37) node_modules/egg-onerror/app.js",
    "start": 1572053245168,
    "end": 1572053245192,
    "duration": 24,
    "pid": 8016,
    "index": 46
  },
  {
    "name": "Require(38) node_modules/egg-i18n/app.js",
    "start": 1572053245194,
    "end": 1572053245266,
    "duration": 72,
    "pid": 8016,
    "index": 47
  },
  {
    "name": "Require(39) node_modules/egg-watcher/app.js",
    "start": 1572053245266,
    "end": 1572053245274,
    "duration": 8,
    "pid": 8016,
    "index": 48
  },
  {
    "name": "Require(40) node_modules/egg-schedule/app.js",
    "start": 1572053245275,
    "end": 1572053245279,
    "duration": 4,
    "pid": 8016,
    "index": 49
  },
  {
    "name": "Require(41) node_modules/egg-multipart/app.js",
    "start": 1572053245280,
    "end": 1572053245286,
    "duration": 6,
    "pid": 8016,
    "index": 50
  },
  {
    "name": "Require(42) node_modules/egg-development/app.js",
    "start": 1572053245287,
    "end": 1572053245287,
    "duration": 0,
    "pid": 8016,
    "index": 51
  },
  {
    "name": "Require(43) node_modules/egg-logrotator/app.js",
    "start": 1572053245288,
    "end": 1572053245289,
    "duration": 1,
    "pid": 8016,
    "index": 52
  },
  {
    "name": "Require(44) node_modules/egg-static/app.js",
    "start": 1572053245290,
    "end": 1572053245290,
    "duration": 0,
    "pid": 8016,
    "index": 53
  },
  {
    "name": "Require(45) node_modules/egg-mysql/app.js",
    "start": 1572053245292,
    "end": 1572053245352,
    "duration": 60,
    "pid": 8016,
    "index": 54
  },
  {
    "name": "Before Start in node_modules/egg-watcher/lib/init.js:15:14",
    "start": 1572053245369,
    "end": 1572053245989,
    "duration": 620,
    "pid": 8016,
    "index": 55
  },
  {
    "name": "Before Start in node_modules/egg-mysql/lib/mysql.js:20:7",
    "start": 1572053245562,
    "end": 1572053245995,
    "duration": 433,
    "pid": 8016,
    "index": 56
  },
  {
    "name": "Load Service",
    "start": 1572053245563,
    "end": 1572053245595,
    "duration": 32,
    "pid": 8016,
    "index": 57
  },
  {
    "name": "Load \"service\" to Context",
    "start": 1572053245563,
    "end": 1572053245595,
    "duration": 32,
    "pid": 8016,
    "index": 58
  },
  {
    "name": "Load Middleware",
    "start": 1572053245595,
    "end": 1572053245805,
    "duration": 210,
    "pid": 8016,
    "index": 59
  },
  {
    "name": "Load \"middlewares\" to Application",
    "start": 1572053245595,
    "end": 1572053245771,
    "duration": 176,
    "pid": 8016,
    "index": 60
  },
  {
    "name": "Load Controller",
    "start": 1572053245805,
    "end": 1572053245899,
    "duration": 94,
    "pid": 8016,
    "index": 61
  },
  {
    "name": "Load \"controller\" to Application",
    "start": 1572053245805,
    "end": 1572053245899,
    "duration": 94,
    "pid": 8016,
    "index": 62
  },
  {
    "name": "Load Router",
    "start": 1572053245899,
    "end": 1572053245903,
    "duration": 4,
    "pid": 8016,
    "index": 63
  },
  {
    "name": "Require(46) app/router.js",
    "start": 1572053245899,
    "end": 1572053245900,
    "duration": 1,
    "pid": 8016,
    "index": 64
  },
  {
    "name": "Before Start in node_modules/egg-core/lib/egg.js:303:10",
    "start": 1572053245901,
    "end": 1572053245943,
    "duration": 42,
    "pid": 8016,
    "index": 65
  }
]