[
  {
    "name": "Application Start",
    "start": 1572052123532,
    "end": 1572052124478,
    "duration": 946,
    "pid": 9836,
    "index": 0
  },
  {
    "name": "Load Plugin",
    "start": 1572052123543,
    "end": 1572052123574,
    "duration": 31,
    "pid": 9836,
    "index": 1
  },
  {
    "name": "Load Config",
    "start": 1572052123574,
    "end": 1572052123626,
    "duration": 52,
    "pid": 9836,
    "index": 2
  },
  {
    "name": "Require(0) config/config.default.js",
    "start": 1572052123575,
    "end": 1572052123576,
    "duration": 1,
    "pid": 9836,
    "index": 3
  },
  {
    "name": "Require(1) node_modules/egg-session/config/config.default.js",
    "start": 1572052123578,
    "end": 1572052123578,
    "duration": 0,
    "pid": 9836,
    "index": 4
  },
  {
    "name": "Require(2) node_modules/egg-security/config/config.default.js",
    "start": 1572052123579,
    "end": 1572052123580,
    "duration": 1,
    "pid": 9836,
    "index": 5
  },
  {
    "name": "Require(3) node_modules/egg-jsonp/config/config.default.js",
    "start": 1572052123581,
    "end": 1572052123582,
    "duration": 1,
    "pid": 9836,
    "index": 6
  },
  {
    "name": "Require(4) node_modules/egg-onerror/config/config.default.js",
    "start": 1572052123582,
    "end": 1572052123583,
    "duration": 1,
    "pid": 9836,
    "index": 7
  },
  {
    "name": "Require(5) node_modules/egg-i18n/config/config.default.js",
    "start": 1572052123583,
    "end": 1572052123584,
    "duration": 1,
    "pid": 9836,
    "index": 8
  },
  {
    "name": "Require(6) node_modules/egg-watcher/config/config.default.js",
    "start": 1572052123585,
    "end": 1572052123586,
    "duration": 1,
    "pid": 9836,
    "index": 9
  },
  {
    "name": "Require(7) node_modules/egg-schedule/config/config.default.js",
    "start": 1572052123589,
    "end": 1572052123590,
    "duration": 1,
    "pid": 9836,
    "index": 10
  },
  {
    "name": "Require(8) node_modules/egg-multipart/config/config.default.js",
    "start": 1572052123590,
    "end": 1572052123591,
    "duration": 1,
    "pid": 9836,
    "index": 11
  },
  {
    "name": "Require(9) node_modules/egg-development/config/config.default.js",
    "start": 1572052123592,
    "end": 1572052123592,
    "duration": 0,
    "pid": 9836,
    "index": 12
  },
  {
    "name": "Require(10) node_modules/egg-logrotator/config/config.default.js",
    "start": 1572052123593,
    "end": 1572052123598,
    "duration": 5,
    "pid": 9836,
    "index": 13
  },
  {
    "name": "Require(11) node_modules/egg-static/config/config.default.js",
    "start": 1572052123598,
    "end": 1572052123599,
    "duration": 1,
    "pid": 9836,
    "index": 14
  },
  {
    "name": "Require(12) node_modules/egg-view/config/config.default.js",
    "start": 1572052123601,
    "end": 1572052123604,
    "duration": 3,
    "pid": 9836,
    "index": 15
  },
  {
    "name": "Require(13) node_modules/egg-mysql/config/config.default.js",
    "start": 1572052123606,
    "end": 1572052123607,
    "duration": 1,
    "pid": 9836,
    "index": 16
  },
  {
    "name": "Require(14) node_modules/egg/config/config.default.js",
    "start": 1572052123608,
    "end": 1572052123610,
    "duration": 2,
    "pid": 9836,
    "index": 17
  },
  {
    "name": "Require(15) config/config.default.js",
    "start": 1572052123615,
    "end": 1572052123615,
    "duration": 0,
    "pid": 9836,
    "index": 18
  },
  {
    "name": "Require(16) node_modules/egg-security/config/config.local.js",
    "start": 1572052123617,
    "end": 1572052123618,
    "duration": 1,
    "pid": 9836,
    "index": 19
  },
  {
    "name": "Require(17) node_modules/egg-watcher/config/config.local.js",
    "start": 1572052123621,
    "end": 1572052123622,
    "duration": 1,
    "pid": 9836,
    "index": 20
  },
  {
    "name": "Require(18) node_modules/egg-view/config/config.local.js",
    "start": 1572052123625,
    "end": 1572052123625,
    "duration": 0,
    "pid": 9836,
    "index": 21
  },
  {
    "name": "Require(19) node_modules/egg/config/config.local.js",
    "start": 1572052123626,
    "end": 1572052123626,
    "duration": 0,
    "pid": 9836,
    "index": 22
  },
  {
    "name": "Load extend/application.js",
    "start": 1572052123628,
    "end": 1572052123647,
    "duration": 19,
    "pid": 9836,
    "index": 23
  },
  {
    "name": "Require(20) node_modules/egg-session/app/extend/application.js",
    "start": 1572052123629,
    "end": 1572052123630,
    "duration": 1,
    "pid": 9836,
    "index": 24
  },
  {
    "name": "Require(21) node_modules/egg-security/app/extend/application.js",
    "start": 1572052123630,
    "end": 1572052123632,
    "duration": 2,
    "pid": 9836,
    "index": 25
  },
  {
    "name": "Require(22) node_modules/egg-jsonp/app/extend/application.js",
    "start": 1572052123633,
    "end": 1572052123635,
    "duration": 2,
    "pid": 9836,
    "index": 26
  },
  {
    "name": "Require(23) node_modules/egg-logrotator/app/extend/application.js",
    "start": 1572052123637,
    "end": 1572052123640,
    "duration": 3,
    "pid": 9836,
    "index": 27
  },
  {
    "name": "Require(24) node_modules/egg-view/app/extend/application.js",
    "start": 1572052123641,
    "end": 1572052123643,
    "duration": 2,
    "pid": 9836,
    "index": 28
  },
  {
    "name": "Load extend/request.js",
    "start": 1572052123647,
    "end": 1572052123657,
    "duration": 10,
    "pid": 9836,
    "index": 29
  },
  {
    "name": "Require(25) node_modules/egg/app/extend/request.js",
    "start": 1572052123650,
    "end": 1572052123652,
    "duration": 2,
    "pid": 9836,
    "index": 30
  },
  {
    "name": "Load extend/response.js",
    "start": 1572052123657,
    "end": 1572052123673,
    "duration": 16,
    "pid": 9836,
    "index": 31
  },
  {
    "name": "Require(26) node_modules/egg/app/extend/response.js",
    "start": 1572052123664,
    "end": 1572052123666,
    "duration": 2,
    "pid": 9836,
    "index": 32
  },
  {
    "name": "Load extend/context.js",
    "start": 1572052123673,
    "end": 1572052123818,
    "duration": 145,
    "pid": 9836,
    "index": 33
  },
  {
    "name": "Require(27) node_modules/egg-security/app/extend/context.js",
    "start": 1572052123674,
    "end": 1572052123708,
    "duration": 34,
    "pid": 9836,
    "index": 34
  },
  {
    "name": "Require(28) node_modules/egg-jsonp/app/extend/context.js",
    "start": 1572052123710,
    "end": 1572052123713,
    "duration": 3,
    "pid": 9836,
    "index": 35
  },
  {
    "name": "Require(29) node_modules/egg-i18n/app/extend/context.js",
    "start": 1572052123714,
    "end": 1572052123714,
    "duration": 0,
    "pid": 9836,
    "index": 36
  },
  {
    "name": "Require(30) node_modules/egg-multipart/app/extend/context.js",
    "start": 1572052123716,
    "end": 1572052123808,
    "duration": 92,
    "pid": 9836,
    "index": 37
  },
  {
    "name": "Require(31) node_modules/egg-view/app/extend/context.js",
    "start": 1572052123809,
    "end": 1572052123811,
    "duration": 2,
    "pid": 9836,
    "index": 38
  },
  {
    "name": "Require(32) node_modules/egg/app/extend/context.js",
    "start": 1572052123812,
    "end": 1572052123814,
    "duration": 2,
    "pid": 9836,
    "index": 39
  },
  {
    "name": "Load extend/helper.js",
    "start": 1572052123818,
    "end": 1572052123854,
    "duration": 36,
    "pid": 9836,
    "index": 40
  },
  {
    "name": "Require(33) node_modules/egg-security/app/extend/helper.js",
    "start": 1572052123819,
    "end": 1572052123845,
    "duration": 26,
    "pid": 9836,
    "index": 41
  },
  {
    "name": "Require(34) node_modules/egg/app/extend/helper.js",
    "start": 1572052123849,
    "end": 1572052123849,
    "duration": 0,
    "pid": 9836,
    "index": 42
  },
  {
    "name": "Load app.js",
    "start": 1572052123854,
    "end": 1572052123999,
    "duration": 145,
    "pid": 9836,
    "index": 43
  },
  {
    "name": "Require(35) node_modules/egg-session/app.js",
    "start": 1572052123855,
    "end": 1572052123855,
    "duration": 0,
    "pid": 9836,
    "index": 44
  },
  {
    "name": "Require(36) node_modules/egg-security/app.js",
    "start": 1572052123856,
    "end": 1572052123861,
    "duration": 5,
    "pid": 9836,
    "index": 45
  },
  {
    "name": "Require(37) node_modules/egg-onerror/app.js",
    "start": 1572052123863,
    "end": 1572052123892,
    "duration": 29,
    "pid": 9836,
    "index": 46
  },
  {
    "name": "Require(38) node_modules/egg-i18n/app.js",
    "start": 1572052123893,
    "end": 1572052123924,
    "duration": 31,
    "pid": 9836,
    "index": 47
  },
  {
    "name": "Require(39) node_modules/egg-watcher/app.js",
    "start": 1572052123924,
    "end": 1572052123930,
    "duration": 6,
    "pid": 9836,
    "index": 48
  },
  {
    "name": "Require(40) node_modules/egg-schedule/app.js",
    "start": 1572052123931,
    "end": 1572052123933,
    "duration": 2,
    "pid": 9836,
    "index": 49
  },
  {
    "name": "Require(41) node_modules/egg-multipart/app.js",
    "start": 1572052123934,
    "end": 1572052123938,
    "duration": 4,
    "pid": 9836,
    "index": 50
  },
  {
    "name": "Require(42) node_modules/egg-development/app.js",
    "start": 1572052123939,
    "end": 1572052123940,
    "duration": 1,
    "pid": 9836,
    "index": 51
  },
  {
    "name": "Require(43) node_modules/egg-logrotator/app.js",
    "start": 1572052123940,
    "end": 1572052123941,
    "duration": 1,
    "pid": 9836,
    "index": 52
  },
  {
    "name": "Require(44) node_modules/egg-static/app.js",
    "start": 1572052123941,
    "end": 1572052123942,
    "duration": 1,
    "pid": 9836,
    "index": 53
  },
  {
    "name": "Require(45) node_modules/egg-mysql/app.js",
    "start": 1572052123943,
    "end": 1572052123997,
    "duration": 54,
    "pid": 9836,
    "index": 54
  },
  {
    "name": "Before Start in node_modules/egg-watcher/lib/init.js:15:14",
    "start": 1572052124016,
    "end": 1572052124471,
    "duration": 455,
    "pid": 9836,
    "index": 55
  },
  {
    "name": "Before Start in node_modules/egg-mysql/lib/mysql.js:20:7",
    "start": 1572052124210,
    "end": 1572052124477,
    "duration": 267,
    "pid": 9836,
    "index": 56
  },
  {
    "name": "Load Service",
    "start": 1572052124211,
    "end": 1572052124220,
    "duration": 9,
    "pid": 9836,
    "index": 57
  },
  {
    "name": "Load \"service\" to Context",
    "start": 1572052124211,
    "end": 1572052124220,
    "duration": 9,
    "pid": 9836,
    "index": 58
  },
  {
    "name": "Load Middleware",
    "start": 1572052124220,
    "end": 1572052124401,
    "duration": 181,
    "pid": 9836,
    "index": 59
  },
  {
    "name": "Load \"middlewares\" to Application",
    "start": 1572052124221,
    "end": 1572052124387,
    "duration": 166,
    "pid": 9836,
    "index": 60
  },
  {
    "name": "Load Controller",
    "start": 1572052124401,
    "end": 1572052124408,
    "duration": 7,
    "pid": 9836,
    "index": 61
  },
  {
    "name": "Load \"controller\" to Application",
    "start": 1572052124401,
    "end": 1572052124408,
    "duration": 7,
    "pid": 9836,
    "index": 62
  },
  {
    "name": "Load Router",
    "start": 1572052124409,
    "end": 1572052124412,
    "duration": 3,
    "pid": 9836,
    "index": 63
  },
  {
    "name": "Require(46) app/router.js",
    "start": 1572052124409,
    "end": 1572052124410,
    "duration": 1,
    "pid": 9836,
    "index": 64
  },
  {
    "name": "Before Start in node_modules/egg-core/lib/egg.js:303:10",
    "start": 1572052124411,
    "end": 1572052124454,
    "duration": 43,
    "pid": 9836,
    "index": 65
  }
]