[
  {
    "name": "Application Start",
    "start": 1572053013448,
    "end": 1572053014475,
    "duration": 1027,
    "pid": 6148,
    "index": 0
  },
  {
    "name": "Load Plugin",
    "start": 1572053013454,
    "end": 1572053013485,
    "duration": 31,
    "pid": 6148,
    "index": 1
  },
  {
    "name": "Load Config",
    "start": 1572053013486,
    "end": 1572053013543,
    "duration": 57,
    "pid": 6148,
    "index": 2
  },
  {
    "name": "Require(0) config/config.default.js",
    "start": 1572053013487,
    "end": 1572053013488,
    "duration": 1,
    "pid": 6148,
    "index": 3
  },
  {
    "name": "Require(1) node_modules/egg-session/config/config.default.js",
    "start": 1572053013493,
    "end": 1572053013494,
    "duration": 1,
    "pid": 6148,
    "index": 4
  },
  {
    "name": "Require(2) node_modules/egg-security/config/config.default.js",
    "start": 1572053013495,
    "end": 1572053013495,
    "duration": 0,
    "pid": 6148,
    "index": 5
  },
  {
    "name": "Require(3) node_modules/egg-jsonp/config/config.default.js",
    "start": 1572053013497,
    "end": 1572053013498,
    "duration": 1,
    "pid": 6148,
    "index": 6
  },
  {
    "name": "Require(4) node_modules/egg-onerror/config/config.default.js",
    "start": 1572053013504,
    "end": 1572053013506,
    "duration": 2,
    "pid": 6148,
    "index": 7
  },
  {
    "name": "Require(5) node_modules/egg-i18n/config/config.default.js",
    "start": 1572053013510,
    "end": 1572053013511,
    "duration": 1,
    "pid": 6148,
    "index": 8
  },
  {
    "name": "Require(6) node_modules/egg-watcher/config/config.default.js",
    "start": 1572053013512,
    "end": 1572053013513,
    "duration": 1,
    "pid": 6148,
    "index": 9
  },
  {
    "name": "Require(7) node_modules/egg-schedule/config/config.default.js",
    "start": 1572053013515,
    "end": 1572053013515,
    "duration": 0,
    "pid": 6148,
    "index": 10
  },
  {
    "name": "Require(8) node_modules/egg-multipart/config/config.default.js",
    "start": 1572053013517,
    "end": 1572053013517,
    "duration": 0,
    "pid": 6148,
    "index": 11
  },
  {
    "name": "Require(9) node_modules/egg-development/config/config.default.js",
    "start": 1572053013519,
    "end": 1572053013520,
    "duration": 1,
    "pid": 6148,
    "index": 12
  },
  {
    "name": "Require(10) node_modules/egg-logrotator/config/config.default.js",
    "start": 1572053013521,
    "end": 1572053013524,
    "duration": 3,
    "pid": 6148,
    "index": 13
  },
  {
    "name": "Require(11) node_modules/egg-static/config/config.default.js",
    "start": 1572053013526,
    "end": 1572053013527,
    "duration": 1,
    "pid": 6148,
    "index": 14
  },
  {
    "name": "Require(12) node_modules/egg-view/config/config.default.js",
    "start": 1572053013529,
    "end": 1572053013530,
    "duration": 1,
    "pid": 6148,
    "index": 15
  },
  {
    "name": "Require(13) node_modules/egg-mysql/config/config.default.js",
    "start": 1572053013531,
    "end": 1572053013531,
    "duration": 0,
    "pid": 6148,
    "index": 16
  },
  {
    "name": "Require(14) node_modules/egg/config/config.default.js",
    "start": 1572053013532,
    "end": 1572053013533,
    "duration": 1,
    "pid": 6148,
    "index": 17
  },
  {
    "name": "Require(15) config/config.default.js",
    "start": 1572053013535,
    "end": 1572053013535,
    "duration": 0,
    "pid": 6148,
    "index": 18
  },
  {
    "name": "Require(16) node_modules/egg-security/config/config.local.js",
    "start": 1572053013536,
    "end": 1572053013536,
    "duration": 0,
    "pid": 6148,
    "index": 19
  },
  {
    "name": "Require(17) node_modules/egg-watcher/config/config.local.js",
    "start": 1572053013538,
    "end": 1572053013538,
    "duration": 0,
    "pid": 6148,
    "index": 20
  },
  {
    "name": "Require(18) node_modules/egg-view/config/config.local.js",
    "start": 1572053013541,
    "end": 1572053013541,
    "duration": 0,
    "pid": 6148,
    "index": 21
  },
  {
    "name": "Require(19) node_modules/egg/config/config.local.js",
    "start": 1572053013542,
    "end": 1572053013542,
    "duration": 0,
    "pid": 6148,
    "index": 22
  },
  {
    "name": "Load extend/application.js",
    "start": 1572053013545,
    "end": 1572053013567,
    "duration": 22,
    "pid": 6148,
    "index": 23
  },
  {
    "name": "Require(20) node_modules/egg-session/app/extend/application.js",
    "start": 1572053013546,
    "end": 1572053013547,
    "duration": 1,
    "pid": 6148,
    "index": 24
  },
  {
    "name": "Require(21) node_modules/egg-security/app/extend/application.js",
    "start": 1572053013548,
    "end": 1572053013550,
    "duration": 2,
    "pid": 6148,
    "index": 25
  },
  {
    "name": "Require(22) node_modules/egg-jsonp/app/extend/application.js",
    "start": 1572053013551,
    "end": 1572053013554,
    "duration": 3,
    "pid": 6148,
    "index": 26
  },
  {
    "name": "Require(23) node_modules/egg-logrotator/app/extend/application.js",
    "start": 1572053013556,
    "end": 1572053013559,
    "duration": 3,
    "pid": 6148,
    "index": 27
  },
  {
    "name": "Require(24) node_modules/egg-view/app/extend/application.js",
    "start": 1572053013560,
    "end": 1572053013562,
    "duration": 2,
    "pid": 6148,
    "index": 28
  },
  {
    "name": "Load extend/request.js",
    "start": 1572053013567,
    "end": 1572053013577,
    "duration": 10,
    "pid": 6148,
    "index": 29
  },
  {
    "name": "Require(25) node_modules/egg/app/extend/request.js",
    "start": 1572053013571,
    "end": 1572053013573,
    "duration": 2,
    "pid": 6148,
    "index": 30
  },
  {
    "name": "Load extend/response.js",
    "start": 1572053013577,
    "end": 1572053013593,
    "duration": 16,
    "pid": 6148,
    "index": 31
  },
  {
    "name": "Require(26) node_modules/egg/app/extend/response.js",
    "start": 1572053013586,
    "end": 1572053013588,
    "duration": 2,
    "pid": 6148,
    "index": 32
  },
  {
    "name": "Load extend/context.js",
    "start": 1572053013593,
    "end": 1572053013746,
    "duration": 153,
    "pid": 6148,
    "index": 33
  },
  {
    "name": "Require(27) node_modules/egg-security/app/extend/context.js",
    "start": 1572053013595,
    "end": 1572053013628,
    "duration": 33,
    "pid": 6148,
    "index": 34
  },
  {
    "name": "Require(28) node_modules/egg-jsonp/app/extend/context.js",
    "start": 1572053013628,
    "end": 1572053013631,
    "duration": 3,
    "pid": 6148,
    "index": 35
  },
  {
    "name": "Require(29) node_modules/egg-i18n/app/extend/context.js",
    "start": 1572053013632,
    "end": 1572053013633,
    "duration": 1,
    "pid": 6148,
    "index": 36
  },
  {
    "name": "Require(30) node_modules/egg-multipart/app/extend/context.js",
    "start": 1572053013634,
    "end": 1572053013735,
    "duration": 101,
    "pid": 6148,
    "index": 37
  },
  {
    "name": "Require(31) node_modules/egg-view/app/extend/context.js",
    "start": 1572053013737,
    "end": 1572053013738,
    "duration": 1,
    "pid": 6148,
    "index": 38
  },
  {
    "name": "Require(32) node_modules/egg/app/extend/context.js",
    "start": 1572053013739,
    "end": 1572053013743,
    "duration": 4,
    "pid": 6148,
    "index": 39
  },
  {
    "name": "Load extend/helper.js",
    "start": 1572053013746,
    "end": 1572053013814,
    "duration": 68,
    "pid": 6148,
    "index": 40
  },
  {
    "name": "Require(33) node_modules/egg-security/app/extend/helper.js",
    "start": 1572053013747,
    "end": 1572053013807,
    "duration": 60,
    "pid": 6148,
    "index": 41
  },
  {
    "name": "Require(34) node_modules/egg/app/extend/helper.js",
    "start": 1572053013810,
    "end": 1572053013810,
    "duration": 0,
    "pid": 6148,
    "index": 42
  },
  {
    "name": "Load app.js",
    "start": 1572053013814,
    "end": 1572053013933,
    "duration": 119,
    "pid": 6148,
    "index": 43
  },
  {
    "name": "Require(35) node_modules/egg-session/app.js",
    "start": 1572053013815,
    "end": 1572053013816,
    "duration": 1,
    "pid": 6148,
    "index": 44
  },
  {
    "name": "Require(36) node_modules/egg-security/app.js",
    "start": 1572053013817,
    "end": 1572053013820,
    "duration": 3,
    "pid": 6148,
    "index": 45
  },
  {
    "name": "Require(37) node_modules/egg-onerror/app.js",
    "start": 1572053013821,
    "end": 1572053013838,
    "duration": 17,
    "pid": 6148,
    "index": 46
  },
  {
    "name": "Require(38) node_modules/egg-i18n/app.js",
    "start": 1572053013838,
    "end": 1572053013880,
    "duration": 42,
    "pid": 6148,
    "index": 47
  },
  {
    "name": "Require(39) node_modules/egg-watcher/app.js",
    "start": 1572053013881,
    "end": 1572053013888,
    "duration": 7,
    "pid": 6148,
    "index": 48
  },
  {
    "name": "Require(40) node_modules/egg-schedule/app.js",
    "start": 1572053013890,
    "end": 1572053013894,
    "duration": 4,
    "pid": 6148,
    "index": 49
  },
  {
    "name": "Require(41) node_modules/egg-multipart/app.js",
    "start": 1572053013895,
    "end": 1572053013899,
    "duration": 4,
    "pid": 6148,
    "index": 50
  },
  {
    "name": "Require(42) node_modules/egg-development/app.js",
    "start": 1572053013899,
    "end": 1572053013900,
    "duration": 1,
    "pid": 6148,
    "index": 51
  },
  {
    "name": "Require(43) node_modules/egg-logrotator/app.js",
    "start": 1572053013900,
    "end": 1572053013901,
    "duration": 1,
    "pid": 6148,
    "index": 52
  },
  {
    "name": "Require(44) node_modules/egg-static/app.js",
    "start": 1572053013901,
    "end": 1572053013902,
    "duration": 1,
    "pid": 6148,
    "index": 53
  },
  {
    "name": "Require(45) node_modules/egg-mysql/app.js",
    "start": 1572053013903,
    "end": 1572053013931,
    "duration": 28,
    "pid": 6148,
    "index": 54
  },
  {
    "name": "Before Start in node_modules/egg-watcher/lib/init.js:15:14",
    "start": 1572053013962,
    "end": 1572053014470,
    "duration": 508,
    "pid": 6148,
    "index": 55
  },
  {
    "name": "Before Start in node_modules/egg-mysql/lib/mysql.js:20:7",
    "start": 1572053014171,
    "end": 1572053014474,
    "duration": 303,
    "pid": 6148,
    "index": 56
  },
  {
    "name": "Load Service",
    "start": 1572053014171,
    "end": 1572053014183,
    "duration": 12,
    "pid": 6148,
    "index": 57
  },
  {
    "name": "Load \"service\" to Context",
    "start": 1572053014171,
    "end": 1572053014183,
    "duration": 12,
    "pid": 6148,
    "index": 58
  },
  {
    "name": "Load Middleware",
    "start": 1572053014184,
    "end": 1572053014363,
    "duration": 179,
    "pid": 6148,
    "index": 59
  },
  {
    "name": "Load \"middlewares\" to Application",
    "start": 1572053014184,
    "end": 1572053014349,
    "duration": 165,
    "pid": 6148,
    "index": 60
  },
  {
    "name": "Load Controller",
    "start": 1572053014364,
    "end": 1572053014426,
    "duration": 62,
    "pid": 6148,
    "index": 61
  },
  {
    "name": "Load \"controller\" to Application",
    "start": 1572053014364,
    "end": 1572053014426,
    "duration": 62,
    "pid": 6148,
    "index": 62
  },
  {
    "name": "Load Router",
    "start": 1572053014426,
    "end": 1572053014430,
    "duration": 4,
    "pid": 6148,
    "index": 63
  },
  {
    "name": "Require(46) app/router.js",
    "start": 1572053014427,
    "end": 1572053014428,
    "duration": 1,
    "pid": 6148,
    "index": 64
  },
  {
    "name": "Before Start in node_modules/egg-core/lib/egg.js:303:10",
    "start": 1572053014428,
    "end": 1572053014453,
    "duration": 25,
    "pid": 6148,
    "index": 65
  }
]