[
  {
    "name": "Application Start",
    "start": 1572055260482,
    "end": 1572055262089,
    "duration": 1607,
    "pid": 7728,
    "index": 0
  },
  {
    "name": "Load Plugin",
    "start": 1572055260493,
    "end": 1572055260549,
    "duration": 56,
    "pid": 7728,
    "index": 1
  },
  {
    "name": "Load Config",
    "start": 1572055260549,
    "end": 1572055260591,
    "duration": 42,
    "pid": 7728,
    "index": 2
  },
  {
    "name": "Require(0) config/config.default.js",
    "start": 1572055260551,
    "end": 1572055260551,
    "duration": 0,
    "pid": 7728,
    "index": 3
  },
  {
    "name": "Require(1) node_modules/egg-session/config/config.default.js",
    "start": 1572055260555,
    "end": 1572055260555,
    "duration": 0,
    "pid": 7728,
    "index": 4
  },
  {
    "name": "Require(2) node_modules/egg-security/config/config.default.js",
    "start": 1572055260556,
    "end": 1572055260557,
    "duration": 1,
    "pid": 7728,
    "index": 5
  },
  {
    "name": "Require(3) node_modules/egg-jsonp/config/config.default.js",
    "start": 1572055260559,
    "end": 1572055260559,
    "duration": 0,
    "pid": 7728,
    "index": 6
  },
  {
    "name": "Require(4) node_modules/egg-onerror/config/config.default.js",
    "start": 1572055260561,
    "end": 1572055260561,
    "duration": 0,
    "pid": 7728,
    "index": 7
  },
  {
    "name": "Require(5) node_modules/egg-i18n/config/config.default.js",
    "start": 1572055260562,
    "end": 1572055260563,
    "duration": 1,
    "pid": 7728,
    "index": 8
  },
  {
    "name": "Require(6) node_modules/egg-watcher/config/config.default.js",
    "start": 1572055260564,
    "end": 1572055260564,
    "duration": 0,
    "pid": 7728,
    "index": 9
  },
  {
    "name": "Require(7) node_modules/egg-schedule/config/config.default.js",
    "start": 1572055260565,
    "end": 1572055260566,
    "duration": 1,
    "pid": 7728,
    "index": 10
  },
  {
    "name": "Require(8) node_modules/egg-multipart/config/config.default.js",
    "start": 1572055260567,
    "end": 1572055260567,
    "duration": 0,
    "pid": 7728,
    "index": 11
  },
  {
    "name": "Require(9) node_modules/egg-development/config/config.default.js",
    "start": 1572055260568,
    "end": 1572055260568,
    "duration": 0,
    "pid": 7728,
    "index": 12
  },
  {
    "name": "Require(10) node_modules/egg-logrotator/config/config.default.js",
    "start": 1572055260569,
    "end": 1572055260572,
    "duration": 3,
    "pid": 7728,
    "index": 13
  },
  {
    "name": "Require(11) node_modules/egg-static/config/config.default.js",
    "start": 1572055260573,
    "end": 1572055260573,
    "duration": 0,
    "pid": 7728,
    "index": 14
  },
  {
    "name": "Require(12) node_modules/egg-view/config/config.default.js",
    "start": 1572055260574,
    "end": 1572055260574,
    "duration": 0,
    "pid": 7728,
    "index": 15
  },
  {
    "name": "Require(13) node_modules/egg-mysql/config/config.default.js",
    "start": 1572055260575,
    "end": 1572055260576,
    "duration": 1,
    "pid": 7728,
    "index": 16
  },
  {
    "name": "Require(14) node_modules/egg/config/config.default.js",
    "start": 1572055260576,
    "end": 1572055260577,
    "duration": 1,
    "pid": 7728,
    "index": 17
  },
  {
    "name": "Require(15) config/config.default.js",
    "start": 1572055260578,
    "end": 1572055260578,
    "duration": 0,
    "pid": 7728,
    "index": 18
  },
  {
    "name": "Require(16) node_modules/egg-security/config/config.local.js",
    "start": 1572055260583,
    "end": 1572055260584,
    "duration": 1,
    "pid": 7728,
    "index": 19
  },
  {
    "name": "Require(17) node_modules/egg-watcher/config/config.local.js",
    "start": 1572055260586,
    "end": 1572055260586,
    "duration": 0,
    "pid": 7728,
    "index": 20
  },
  {
    "name": "Require(18) node_modules/egg-view/config/config.local.js",
    "start": 1572055260589,
    "end": 1572055260589,
    "duration": 0,
    "pid": 7728,
    "index": 21
  },
  {
    "name": "Require(19) node_modules/egg/config/config.local.js",
    "start": 1572055260590,
    "end": 1572055260591,
    "duration": 1,
    "pid": 7728,
    "index": 22
  },
  {
    "name": "Load extend/application.js",
    "start": 1572055260593,
    "end": 1572055260629,
    "duration": 36,
    "pid": 7728,
    "index": 23
  },
  {
    "name": "Require(20) node_modules/egg-session/app/extend/application.js",
    "start": 1572055260593,
    "end": 1572055260594,
    "duration": 1,
    "pid": 7728,
    "index": 24
  },
  {
    "name": "Require(21) node_modules/egg-security/app/extend/application.js",
    "start": 1572055260595,
    "end": 1572055260596,
    "duration": 1,
    "pid": 7728,
    "index": 25
  },
  {
    "name": "Require(22) node_modules/egg-jsonp/app/extend/application.js",
    "start": 1572055260597,
    "end": 1572055260599,
    "duration": 2,
    "pid": 7728,
    "index": 26
  },
  {
    "name": "Require(23) node_modules/egg-logrotator/app/extend/application.js",
    "start": 1572055260602,
    "end": 1572055260615,
    "duration": 13,
    "pid": 7728,
    "index": 27
  },
  {
    "name": "Require(24) node_modules/egg-view/app/extend/application.js",
    "start": 1572055260616,
    "end": 1572055260619,
    "duration": 3,
    "pid": 7728,
    "index": 28
  },
  {
    "name": "Load extend/request.js",
    "start": 1572055260629,
    "end": 1572055260646,
    "duration": 17,
    "pid": 7728,
    "index": 29
  },
  {
    "name": "Require(25) node_modules/egg/app/extend/request.js",
    "start": 1572055260638,
    "end": 1572055260641,
    "duration": 3,
    "pid": 7728,
    "index": 30
  },
  {
    "name": "Load extend/response.js",
    "start": 1572055260646,
    "end": 1572055260660,
    "duration": 14,
    "pid": 7728,
    "index": 31
  },
  {
    "name": "Require(26) node_modules/egg/app/extend/response.js",
    "start": 1572055260651,
    "end": 1572055260654,
    "duration": 3,
    "pid": 7728,
    "index": 32
  },
  {
    "name": "Load extend/context.js",
    "start": 1572055260660,
    "end": 1572055260811,
    "duration": 151,
    "pid": 7728,
    "index": 33
  },
  {
    "name": "Require(27) node_modules/egg-security/app/extend/context.js",
    "start": 1572055260661,
    "end": 1572055260682,
    "duration": 21,
    "pid": 7728,
    "index": 34
  },
  {
    "name": "Require(28) node_modules/egg-jsonp/app/extend/context.js",
    "start": 1572055260683,
    "end": 1572055260697,
    "duration": 14,
    "pid": 7728,
    "index": 35
  },
  {
    "name": "Require(29) node_modules/egg-i18n/app/extend/context.js",
    "start": 1572055260699,
    "end": 1572055260699,
    "duration": 0,
    "pid": 7728,
    "index": 36
  },
  {
    "name": "Require(30) node_modules/egg-multipart/app/extend/context.js",
    "start": 1572055260701,
    "end": 1572055260789,
    "duration": 88,
    "pid": 7728,
    "index": 37
  },
  {
    "name": "Require(31) node_modules/egg-view/app/extend/context.js",
    "start": 1572055260794,
    "end": 1572055260796,
    "duration": 2,
    "pid": 7728,
    "index": 38
  },
  {
    "name": "Require(32) node_modules/egg/app/extend/context.js",
    "start": 1572055260799,
    "end": 1572055260804,
    "duration": 5,
    "pid": 7728,
    "index": 39
  },
  {
    "name": "Load extend/helper.js",
    "start": 1572055260812,
    "end": 1572055260855,
    "duration": 43,
    "pid": 7728,
    "index": 40
  },
  {
    "name": "Require(33) node_modules/egg-security/app/extend/helper.js",
    "start": 1572055260812,
    "end": 1572055260840,
    "duration": 28,
    "pid": 7728,
    "index": 41
  },
  {
    "name": "Require(34) node_modules/egg/app/extend/helper.js",
    "start": 1572055260845,
    "end": 1572055260845,
    "duration": 0,
    "pid": 7728,
    "index": 42
  },
  {
    "name": "Load app.js",
    "start": 1572055260856,
    "end": 1572055261057,
    "duration": 201,
    "pid": 7728,
    "index": 43
  },
  {
    "name": "Require(35) node_modules/egg-session/app.js",
    "start": 1572055260856,
    "end": 1572055260857,
    "duration": 1,
    "pid": 7728,
    "index": 44
  },
  {
    "name": "Require(36) node_modules/egg-security/app.js",
    "start": 1572055260858,
    "end": 1572055260863,
    "duration": 5,
    "pid": 7728,
    "index": 45
  },
  {
    "name": "Require(37) node_modules/egg-onerror/app.js",
    "start": 1572055260869,
    "end": 1572055260912,
    "duration": 43,
    "pid": 7728,
    "index": 46
  },
  {
    "name": "Require(38) node_modules/egg-i18n/app.js",
    "start": 1572055260912,
    "end": 1572055260960,
    "duration": 48,
    "pid": 7728,
    "index": 47
  },
  {
    "name": "Require(39) node_modules/egg-watcher/app.js",
    "start": 1572055260961,
    "end": 1572055260978,
    "duration": 17,
    "pid": 7728,
    "index": 48
  },
  {
    "name": "Require(40) node_modules/egg-schedule/app.js",
    "start": 1572055260979,
    "end": 1572055260983,
    "duration": 4,
    "pid": 7728,
    "index": 49
  },
  {
    "name": "Require(41) node_modules/egg-multipart/app.js",
    "start": 1572055260984,
    "end": 1572055260993,
    "duration": 9,
    "pid": 7728,
    "index": 50
  },
  {
    "name": "Require(42) node_modules/egg-development/app.js",
    "start": 1572055260993,
    "end": 1572055260994,
    "duration": 1,
    "pid": 7728,
    "index": 51
  },
  {
    "name": "Require(43) node_modules/egg-logrotator/app.js",
    "start": 1572055260995,
    "end": 1572055260995,
    "duration": 0,
    "pid": 7728,
    "index": 52
  },
  {
    "name": "Require(44) node_modules/egg-static/app.js",
    "start": 1572055260996,
    "end": 1572055260996,
    "duration": 0,
    "pid": 7728,
    "index": 53
  },
  {
    "name": "Require(45) node_modules/egg-mysql/app.js",
    "start": 1572055261001,
    "end": 1572055261053,
    "duration": 52,
    "pid": 7728,
    "index": 54
  },
  {
    "name": "Before Start in node_modules/egg-watcher/lib/init.js:15:14",
    "start": 1572055261097,
    "end": 1572055262047,
    "duration": 950,
    "pid": 7728,
    "index": 55
  },
  {
    "name": "Before Start in node_modules/egg-mysql/lib/mysql.js:20:7",
    "start": 1572055261461,
    "end": 1572055262086,
    "duration": 625,
    "pid": 7728,
    "index": 56
  },
  {
    "name": "Load Service",
    "start": 1572055261461,
    "end": 1572055261485,
    "duration": 24,
    "pid": 7728,
    "index": 57
  },
  {
    "name": "Load \"service\" to Context",
    "start": 1572055261462,
    "end": 1572055261485,
    "duration": 23,
    "pid": 7728,
    "index": 58
  },
  {
    "name": "Load Middleware",
    "start": 1572055261509,
    "end": 1572055261876,
    "duration": 367,
    "pid": 7728,
    "index": 59
  },
  {
    "name": "Load \"middlewares\" to Application",
    "start": 1572055261509,
    "end": 1572055261840,
    "duration": 331,
    "pid": 7728,
    "index": 60
  },
  {
    "name": "Load Controller",
    "start": 1572055261876,
    "end": 1572055261977,
    "duration": 101,
    "pid": 7728,
    "index": 61
  },
  {
    "name": "Load \"controller\" to Application",
    "start": 1572055261876,
    "end": 1572055261976,
    "duration": 100,
    "pid": 7728,
    "index": 62
  },
  {
    "name": "Load Router",
    "start": 1572055261977,
    "end": 1572055261982,
    "duration": 5,
    "pid": 7728,
    "index": 63
  },
  {
    "name": "Require(46) app/router.js",
    "start": 1572055261978,
    "end": 1572055261979,
    "duration": 1,
    "pid": 7728,
    "index": 64
  },
  {
    "name": "Before Start in node_modules/egg-core/lib/egg.js:303:10",
    "start": 1572055261980,
    "end": 1572055262007,
    "duration": 27,
    "pid": 7728,
    "index": 65
  }
]