[
  {
    "name": "Application Start",
    "start": 1572053094690,
    "end": 1572053096237,
    "duration": 1547,
    "pid": 8500,
    "index": 0
  },
  {
    "name": "Load Plugin",
    "start": 1572053094710,
    "end": 1572053094789,
    "duration": 79,
    "pid": 8500,
    "index": 1
  },
  {
    "name": "Load Config",
    "start": 1572053094790,
    "end": 1572053094827,
    "duration": 37,
    "pid": 8500,
    "index": 2
  },
  {
    "name": "Require(0) config/config.default.js",
    "start": 1572053094792,
    "end": 1572053094793,
    "duration": 1,
    "pid": 8500,
    "index": 3
  },
  {
    "name": "Require(1) node_modules/egg-session/config/config.default.js",
    "start": 1572053094795,
    "end": 1572053094796,
    "duration": 1,
    "pid": 8500,
    "index": 4
  },
  {
    "name": "Require(2) node_modules/egg-security/config/config.default.js",
    "start": 1572053094797,
    "end": 1572053094797,
    "duration": 0,
    "pid": 8500,
    "index": 5
  },
  {
    "name": "Require(3) node_modules/egg-jsonp/config/config.default.js",
    "start": 1572053094799,
    "end": 1572053094799,
    "duration": 0,
    "pid": 8500,
    "index": 6
  },
  {
    "name": "Require(4) node_modules/egg-onerror/config/config.default.js",
    "start": 1572053094800,
    "end": 1572053094801,
    "duration": 1,
    "pid": 8500,
    "index": 7
  },
  {
    "name": "Require(5) node_modules/egg-i18n/config/config.default.js",
    "start": 1572053094801,
    "end": 1572053094802,
    "duration": 1,
    "pid": 8500,
    "index": 8
  },
  {
    "name": "Require(6) node_modules/egg-watcher/config/config.default.js",
    "start": 1572053094803,
    "end": 1572053094803,
    "duration": 0,
    "pid": 8500,
    "index": 9
  },
  {
    "name": "Require(7) node_modules/egg-schedule/config/config.default.js",
    "start": 1572053094804,
    "end": 1572053094804,
    "duration": 0,
    "pid": 8500,
    "index": 10
  },
  {
    "name": "Require(8) node_modules/egg-multipart/config/config.default.js",
    "start": 1572053094805,
    "end": 1572053094805,
    "duration": 0,
    "pid": 8500,
    "index": 11
  },
  {
    "name": "Require(9) node_modules/egg-development/config/config.default.js",
    "start": 1572053094806,
    "end": 1572053094806,
    "duration": 0,
    "pid": 8500,
    "index": 12
  },
  {
    "name": "Require(10) node_modules/egg-logrotator/config/config.default.js",
    "start": 1572053094807,
    "end": 1572053094811,
    "duration": 4,
    "pid": 8500,
    "index": 13
  },
  {
    "name": "Require(11) node_modules/egg-static/config/config.default.js",
    "start": 1572053094812,
    "end": 1572053094812,
    "duration": 0,
    "pid": 8500,
    "index": 14
  },
  {
    "name": "Require(12) node_modules/egg-view/config/config.default.js",
    "start": 1572053094813,
    "end": 1572053094814,
    "duration": 1,
    "pid": 8500,
    "index": 15
  },
  {
    "name": "Require(13) node_modules/egg-mysql/config/config.default.js",
    "start": 1572053094815,
    "end": 1572053094816,
    "duration": 1,
    "pid": 8500,
    "index": 16
  },
  {
    "name": "Require(14) node_modules/egg/config/config.default.js",
    "start": 1572053094816,
    "end": 1572053094817,
    "duration": 1,
    "pid": 8500,
    "index": 17
  },
  {
    "name": "Require(15) config/config.default.js",
    "start": 1572053094819,
    "end": 1572053094819,
    "duration": 0,
    "pid": 8500,
    "index": 18
  },
  {
    "name": "Require(16) node_modules/egg-security/config/config.local.js",
    "start": 1572053094820,
    "end": 1572053094820,
    "duration": 0,
    "pid": 8500,
    "index": 19
  },
  {
    "name": "Require(17) node_modules/egg-watcher/config/config.local.js",
    "start": 1572053094822,
    "end": 1572053094823,
    "duration": 1,
    "pid": 8500,
    "index": 20
  },
  {
    "name": "Require(18) node_modules/egg-view/config/config.local.js",
    "start": 1572053094825,
    "end": 1572053094826,
    "duration": 1,
    "pid": 8500,
    "index": 21
  },
  {
    "name": "Require(19) node_modules/egg/config/config.local.js",
    "start": 1572053094827,
    "end": 1572053094827,
    "duration": 0,
    "pid": 8500,
    "index": 22
  },
  {
    "name": "Load extend/application.js",
    "start": 1572053094829,
    "end": 1572053094869,
    "duration": 40,
    "pid": 8500,
    "index": 23
  },
  {
    "name": "Require(20) node_modules/egg-session/app/extend/application.js",
    "start": 1572053094830,
    "end": 1572053094831,
    "duration": 1,
    "pid": 8500,
    "index": 24
  },
  {
    "name": "Require(21) node_modules/egg-security/app/extend/application.js",
    "start": 1572053094832,
    "end": 1572053094833,
    "duration": 1,
    "pid": 8500,
    "index": 25
  },
  {
    "name": "Require(22) node_modules/egg-jsonp/app/extend/application.js",
    "start": 1572053094834,
    "end": 1572053094836,
    "duration": 2,
    "pid": 8500,
    "index": 26
  },
  {
    "name": "Require(23) node_modules/egg-logrotator/app/extend/application.js",
    "start": 1572053094839,
    "end": 1572053094846,
    "duration": 7,
    "pid": 8500,
    "index": 27
  },
  {
    "name": "Require(24) node_modules/egg-view/app/extend/application.js",
    "start": 1572053094847,
    "end": 1572053094851,
    "duration": 4,
    "pid": 8500,
    "index": 28
  },
  {
    "name": "Load extend/request.js",
    "start": 1572053094869,
    "end": 1572053094884,
    "duration": 15,
    "pid": 8500,
    "index": 29
  },
  {
    "name": "Require(25) node_modules/egg/app/extend/request.js",
    "start": 1572053094876,
    "end": 1572053094879,
    "duration": 3,
    "pid": 8500,
    "index": 30
  },
  {
    "name": "Load extend/response.js",
    "start": 1572053094884,
    "end": 1572053094902,
    "duration": 18,
    "pid": 8500,
    "index": 31
  },
  {
    "name": "Require(26) node_modules/egg/app/extend/response.js",
    "start": 1572053094890,
    "end": 1572053094892,
    "duration": 2,
    "pid": 8500,
    "index": 32
  },
  {
    "name": "Load extend/context.js",
    "start": 1572053094902,
    "end": 1572053095070,
    "duration": 168,
    "pid": 8500,
    "index": 33
  },
  {
    "name": "Require(27) node_modules/egg-security/app/extend/context.js",
    "start": 1572053094903,
    "end": 1572053094922,
    "duration": 19,
    "pid": 8500,
    "index": 34
  },
  {
    "name": "Require(28) node_modules/egg-jsonp/app/extend/context.js",
    "start": 1572053094923,
    "end": 1572053094926,
    "duration": 3,
    "pid": 8500,
    "index": 35
  },
  {
    "name": "Require(29) node_modules/egg-i18n/app/extend/context.js",
    "start": 1572053094928,
    "end": 1572053094928,
    "duration": 0,
    "pid": 8500,
    "index": 36
  },
  {
    "name": "Require(30) node_modules/egg-multipart/app/extend/context.js",
    "start": 1572053094929,
    "end": 1572053095051,
    "duration": 122,
    "pid": 8500,
    "index": 37
  },
  {
    "name": "Require(31) node_modules/egg-view/app/extend/context.js",
    "start": 1572053095052,
    "end": 1572053095054,
    "duration": 2,
    "pid": 8500,
    "index": 38
  },
  {
    "name": "Require(32) node_modules/egg/app/extend/context.js",
    "start": 1572053095056,
    "end": 1572053095063,
    "duration": 7,
    "pid": 8500,
    "index": 39
  },
  {
    "name": "Load extend/helper.js",
    "start": 1572053095070,
    "end": 1572053095124,
    "duration": 54,
    "pid": 8500,
    "index": 40
  },
  {
    "name": "Require(33) node_modules/egg-security/app/extend/helper.js",
    "start": 1572053095071,
    "end": 1572053095106,
    "duration": 35,
    "pid": 8500,
    "index": 41
  },
  {
    "name": "Require(34) node_modules/egg/app/extend/helper.js",
    "start": 1572053095110,
    "end": 1572053095111,
    "duration": 1,
    "pid": 8500,
    "index": 42
  },
  {
    "name": "Load app.js",
    "start": 1572053095129,
    "end": 1572053095272,
    "duration": 143,
    "pid": 8500,
    "index": 43
  },
  {
    "name": "Require(35) node_modules/egg-session/app.js",
    "start": 1572053095130,
    "end": 1572053095131,
    "duration": 1,
    "pid": 8500,
    "index": 44
  },
  {
    "name": "Require(36) node_modules/egg-security/app.js",
    "start": 1572053095131,
    "end": 1572053095136,
    "duration": 5,
    "pid": 8500,
    "index": 45
  },
  {
    "name": "Require(37) node_modules/egg-onerror/app.js",
    "start": 1572053095141,
    "end": 1572053095161,
    "duration": 20,
    "pid": 8500,
    "index": 46
  },
  {
    "name": "Require(38) node_modules/egg-i18n/app.js",
    "start": 1572053095162,
    "end": 1572053095201,
    "duration": 39,
    "pid": 8500,
    "index": 47
  },
  {
    "name": "Require(39) node_modules/egg-watcher/app.js",
    "start": 1572053095201,
    "end": 1572053095211,
    "duration": 10,
    "pid": 8500,
    "index": 48
  },
  {
    "name": "Require(40) node_modules/egg-schedule/app.js",
    "start": 1572053095211,
    "end": 1572053095226,
    "duration": 15,
    "pid": 8500,
    "index": 49
  },
  {
    "name": "Require(41) node_modules/egg-multipart/app.js",
    "start": 1572053095226,
    "end": 1572053095233,
    "duration": 7,
    "pid": 8500,
    "index": 50
  },
  {
    "name": "Require(42) node_modules/egg-development/app.js",
    "start": 1572053095234,
    "end": 1572053095235,
    "duration": 1,
    "pid": 8500,
    "index": 51
  },
  {
    "name": "Require(43) node_modules/egg-logrotator/app.js",
    "start": 1572053095236,
    "end": 1572053095237,
    "duration": 1,
    "pid": 8500,
    "index": 52
  },
  {
    "name": "Require(44) node_modules/egg-static/app.js",
    "start": 1572053095238,
    "end": 1572053095239,
    "duration": 1,
    "pid": 8500,
    "index": 53
  },
  {
    "name": "Require(45) node_modules/egg-mysql/app.js",
    "start": 1572053095241,
    "end": 1572053095270,
    "duration": 29,
    "pid": 8500,
    "index": 54
  },
  {
    "name": "Before Start in node_modules/egg-watcher/lib/init.js:15:14",
    "start": 1572053095318,
    "end": 1572053096211,
    "duration": 893,
    "pid": 8500,
    "index": 55
  },
  {
    "name": "Before Start in node_modules/egg-mysql/lib/mysql.js:20:7",
    "start": 1572053095642,
    "end": 1572053096236,
    "duration": 594,
    "pid": 8500,
    "index": 56
  },
  {
    "name": "Load Service",
    "start": 1572053095643,
    "end": 1572053095670,
    "duration": 27,
    "pid": 8500,
    "index": 57
  },
  {
    "name": "Load \"service\" to Context",
    "start": 1572053095643,
    "end": 1572053095670,
    "duration": 27,
    "pid": 8500,
    "index": 58
  },
  {
    "name": "Load Middleware",
    "start": 1572053095671,
    "end": 1572053096028,
    "duration": 357,
    "pid": 8500,
    "index": 59
  },
  {
    "name": "Load \"middlewares\" to Application",
    "start": 1572053095671,
    "end": 1572053095994,
    "duration": 323,
    "pid": 8500,
    "index": 60
  },
  {
    "name": "Load Controller",
    "start": 1572053096028,
    "end": 1572053096139,
    "duration": 111,
    "pid": 8500,
    "index": 61
  },
  {
    "name": "Load \"controller\" to Application",
    "start": 1572053096028,
    "end": 1572053096139,
    "duration": 111,
    "pid": 8500,
    "index": 62
  },
  {
    "name": "Load Router",
    "start": 1572053096139,
    "end": 1572053096145,
    "duration": 6,
    "pid": 8500,
    "index": 63
  },
  {
    "name": "Require(46) app/router.js",
    "start": 1572053096143,
    "end": 1572053096143,
    "duration": 0,
    "pid": 8500,
    "index": 64
  },
  {
    "name": "Before Start in node_modules/egg-core/lib/egg.js:303:10",
    "start": 1572053096144,
    "end": 1572053096175,
    "duration": 31,
    "pid": 8500,
    "index": 65
  }
]