[
  {
    "name": "Application Start",
    "start": 1572053373072,
    "end": 1572053374354,
    "duration": 1282,
    "pid": 8012,
    "index": 0
  },
  {
    "name": "Load Plugin",
    "start": 1572053373081,
    "end": 1572053373132,
    "duration": 51,
    "pid": 8012,
    "index": 1
  },
  {
    "name": "Load Config",
    "start": 1572053373133,
    "end": 1572053373189,
    "duration": 56,
    "pid": 8012,
    "index": 2
  },
  {
    "name": "Require(0) config/config.default.js",
    "start": 1572053373135,
    "end": 1572053373136,
    "duration": 1,
    "pid": 8012,
    "index": 3
  },
  {
    "name": "Require(1) node_modules/egg-session/config/config.default.js",
    "start": 1572053373151,
    "end": 1572053373153,
    "duration": 2,
    "pid": 8012,
    "index": 4
  },
  {
    "name": "Require(2) node_modules/egg-security/config/config.default.js",
    "start": 1572053373154,
    "end": 1572053373155,
    "duration": 1,
    "pid": 8012,
    "index": 5
  },
  {
    "name": "Require(3) node_modules/egg-jsonp/config/config.default.js",
    "start": 1572053373156,
    "end": 1572053373157,
    "duration": 1,
    "pid": 8012,
    "index": 6
  },
  {
    "name": "Require(4) node_modules/egg-onerror/config/config.default.js",
    "start": 1572053373158,
    "end": 1572053373159,
    "duration": 1,
    "pid": 8012,
    "index": 7
  },
  {
    "name": "Require(5) node_modules/egg-i18n/config/config.default.js",
    "start": 1572053373160,
    "end": 1572053373161,
    "duration": 1,
    "pid": 8012,
    "index": 8
  },
  {
    "name": "Require(6) node_modules/egg-watcher/config/config.default.js",
    "start": 1572053373163,
    "end": 1572053373165,
    "duration": 2,
    "pid": 8012,
    "index": 9
  },
  {
    "name": "Require(7) node_modules/egg-schedule/config/config.default.js",
    "start": 1572053373168,
    "end": 1572053373168,
    "duration": 0,
    "pid": 8012,
    "index": 10
  },
  {
    "name": "Require(8) node_modules/egg-multipart/config/config.default.js",
    "start": 1572053373169,
    "end": 1572053373170,
    "duration": 1,
    "pid": 8012,
    "index": 11
  },
  {
    "name": "Require(9) node_modules/egg-development/config/config.default.js",
    "start": 1572053373171,
    "end": 1572053373171,
    "duration": 0,
    "pid": 8012,
    "index": 12
  },
  {
    "name": "Require(10) node_modules/egg-logrotator/config/config.default.js",
    "start": 1572053373172,
    "end": 1572053373175,
    "duration": 3,
    "pid": 8012,
    "index": 13
  },
  {
    "name": "Require(11) node_modules/egg-static/config/config.default.js",
    "start": 1572053373176,
    "end": 1572053373177,
    "duration": 1,
    "pid": 8012,
    "index": 14
  },
  {
    "name": "Require(12) node_modules/egg-view/config/config.default.js",
    "start": 1572053373177,
    "end": 1572053373178,
    "duration": 1,
    "pid": 8012,
    "index": 15
  },
  {
    "name": "Require(13) node_modules/egg-mysql/config/config.default.js",
    "start": 1572053373179,
    "end": 1572053373179,
    "duration": 0,
    "pid": 8012,
    "index": 16
  },
  {
    "name": "Require(14) node_modules/egg/config/config.default.js",
    "start": 1572053373180,
    "end": 1572053373180,
    "duration": 0,
    "pid": 8012,
    "index": 17
  },
  {
    "name": "Require(15) config/config.default.js",
    "start": 1572053373182,
    "end": 1572053373182,
    "duration": 0,
    "pid": 8012,
    "index": 18
  },
  {
    "name": "Require(16) node_modules/egg-security/config/config.local.js",
    "start": 1572053373183,
    "end": 1572053373183,
    "duration": 0,
    "pid": 8012,
    "index": 19
  },
  {
    "name": "Require(17) node_modules/egg-watcher/config/config.local.js",
    "start": 1572053373184,
    "end": 1572053373185,
    "duration": 1,
    "pid": 8012,
    "index": 20
  },
  {
    "name": "Require(18) node_modules/egg-view/config/config.local.js",
    "start": 1572053373187,
    "end": 1572053373187,
    "duration": 0,
    "pid": 8012,
    "index": 21
  },
  {
    "name": "Require(19) node_modules/egg/config/config.local.js",
    "start": 1572053373188,
    "end": 1572053373188,
    "duration": 0,
    "pid": 8012,
    "index": 22
  },
  {
    "name": "Load extend/application.js",
    "start": 1572053373191,
    "end": 1572053373225,
    "duration": 34,
    "pid": 8012,
    "index": 23
  },
  {
    "name": "Require(20) node_modules/egg-session/app/extend/application.js",
    "start": 1572053373192,
    "end": 1572053373192,
    "duration": 0,
    "pid": 8012,
    "index": 24
  },
  {
    "name": "Require(21) node_modules/egg-security/app/extend/application.js",
    "start": 1572053373193,
    "end": 1572053373195,
    "duration": 2,
    "pid": 8012,
    "index": 25
  },
  {
    "name": "Require(22) node_modules/egg-jsonp/app/extend/application.js",
    "start": 1572053373196,
    "end": 1572053373199,
    "duration": 3,
    "pid": 8012,
    "index": 26
  },
  {
    "name": "Require(23) node_modules/egg-logrotator/app/extend/application.js",
    "start": 1572053373201,
    "end": 1572053373206,
    "duration": 5,
    "pid": 8012,
    "index": 27
  },
  {
    "name": "Require(24) node_modules/egg-view/app/extend/application.js",
    "start": 1572053373207,
    "end": 1572053373210,
    "duration": 3,
    "pid": 8012,
    "index": 28
  },
  {
    "name": "Load extend/request.js",
    "start": 1572053373225,
    "end": 1572053373240,
    "duration": 15,
    "pid": 8012,
    "index": 29
  },
  {
    "name": "Require(25) node_modules/egg/app/extend/request.js",
    "start": 1572053373230,
    "end": 1572053373234,
    "duration": 4,
    "pid": 8012,
    "index": 30
  },
  {
    "name": "Load extend/response.js",
    "start": 1572053373240,
    "end": 1572053373252,
    "duration": 12,
    "pid": 8012,
    "index": 31
  },
  {
    "name": "Require(26) node_modules/egg/app/extend/response.js",
    "start": 1572053373244,
    "end": 1572053373246,
    "duration": 2,
    "pid": 8012,
    "index": 32
  },
  {
    "name": "Load extend/context.js",
    "start": 1572053373252,
    "end": 1572053373416,
    "duration": 164,
    "pid": 8012,
    "index": 33
  },
  {
    "name": "Require(27) node_modules/egg-security/app/extend/context.js",
    "start": 1572053373253,
    "end": 1572053373272,
    "duration": 19,
    "pid": 8012,
    "index": 34
  },
  {
    "name": "Require(28) node_modules/egg-jsonp/app/extend/context.js",
    "start": 1572053373272,
    "end": 1572053373274,
    "duration": 2,
    "pid": 8012,
    "index": 35
  },
  {
    "name": "Require(29) node_modules/egg-i18n/app/extend/context.js",
    "start": 1572053373275,
    "end": 1572053373275,
    "duration": 0,
    "pid": 8012,
    "index": 36
  },
  {
    "name": "Require(30) node_modules/egg-multipart/app/extend/context.js",
    "start": 1572053373277,
    "end": 1572053373382,
    "duration": 105,
    "pid": 8012,
    "index": 37
  },
  {
    "name": "Require(31) node_modules/egg-view/app/extend/context.js",
    "start": 1572053373384,
    "end": 1572053373387,
    "duration": 3,
    "pid": 8012,
    "index": 38
  },
  {
    "name": "Require(32) node_modules/egg/app/extend/context.js",
    "start": 1572053373390,
    "end": 1572053373394,
    "duration": 4,
    "pid": 8012,
    "index": 39
  },
  {
    "name": "Load extend/helper.js",
    "start": 1572053373416,
    "end": 1572053373508,
    "duration": 92,
    "pid": 8012,
    "index": 40
  },
  {
    "name": "Require(33) node_modules/egg-security/app/extend/helper.js",
    "start": 1572053373418,
    "end": 1572053373492,
    "duration": 74,
    "pid": 8012,
    "index": 41
  },
  {
    "name": "Require(34) node_modules/egg/app/extend/helper.js",
    "start": 1572053373496,
    "end": 1572053373497,
    "duration": 1,
    "pid": 8012,
    "index": 42
  },
  {
    "name": "Load app.js",
    "start": 1572053373509,
    "end": 1572053373639,
    "duration": 130,
    "pid": 8012,
    "index": 43
  },
  {
    "name": "Require(35) node_modules/egg-session/app.js",
    "start": 1572053373510,
    "end": 1572053373511,
    "duration": 1,
    "pid": 8012,
    "index": 44
  },
  {
    "name": "Require(36) node_modules/egg-security/app.js",
    "start": 1572053373512,
    "end": 1572053373516,
    "duration": 4,
    "pid": 8012,
    "index": 45
  },
  {
    "name": "Require(37) node_modules/egg-onerror/app.js",
    "start": 1572053373518,
    "end": 1572053373533,
    "duration": 15,
    "pid": 8012,
    "index": 46
  },
  {
    "name": "Require(38) node_modules/egg-i18n/app.js",
    "start": 1572053373533,
    "end": 1572053373558,
    "duration": 25,
    "pid": 8012,
    "index": 47
  },
  {
    "name": "Require(39) node_modules/egg-watcher/app.js",
    "start": 1572053373559,
    "end": 1572053373565,
    "duration": 6,
    "pid": 8012,
    "index": 48
  },
  {
    "name": "Require(40) node_modules/egg-schedule/app.js",
    "start": 1572053373565,
    "end": 1572053373571,
    "duration": 6,
    "pid": 8012,
    "index": 49
  },
  {
    "name": "Require(41) node_modules/egg-multipart/app.js",
    "start": 1572053373572,
    "end": 1572053373576,
    "duration": 4,
    "pid": 8012,
    "index": 50
  },
  {
    "name": "Require(42) node_modules/egg-development/app.js",
    "start": 1572053373576,
    "end": 1572053373577,
    "duration": 1,
    "pid": 8012,
    "index": 51
  },
  {
    "name": "Require(43) node_modules/egg-logrotator/app.js",
    "start": 1572053373577,
    "end": 1572053373578,
    "duration": 1,
    "pid": 8012,
    "index": 52
  },
  {
    "name": "Require(44) node_modules/egg-static/app.js",
    "start": 1572053373579,
    "end": 1572053373591,
    "duration": 12,
    "pid": 8012,
    "index": 53
  },
  {
    "name": "Require(45) node_modules/egg-mysql/app.js",
    "start": 1572053373594,
    "end": 1572053373634,
    "duration": 40,
    "pid": 8012,
    "index": 54
  },
  {
    "name": "Before Start in node_modules/egg-watcher/lib/init.js:15:14",
    "start": 1572053373667,
    "end": 1572053374349,
    "duration": 682,
    "pid": 8012,
    "index": 55
  },
  {
    "name": "Before Start in node_modules/egg-mysql/lib/mysql.js:20:7",
    "start": 1572053373984,
    "end": 1572053374354,
    "duration": 370,
    "pid": 8012,
    "index": 56
  },
  {
    "name": "Load Service",
    "start": 1572053373986,
    "end": 1572053374007,
    "duration": 21,
    "pid": 8012,
    "index": 57
  },
  {
    "name": "Load \"service\" to Context",
    "start": 1572053373986,
    "end": 1572053374007,
    "duration": 21,
    "pid": 8012,
    "index": 58
  },
  {
    "name": "Load Middleware",
    "start": 1572053374007,
    "end": 1572053374237,
    "duration": 230,
    "pid": 8012,
    "index": 59
  },
  {
    "name": "Load \"middlewares\" to Application",
    "start": 1572053374007,
    "end": 1572053374203,
    "duration": 196,
    "pid": 8012,
    "index": 60
  },
  {
    "name": "Load Controller",
    "start": 1572053374237,
    "end": 1572053374284,
    "duration": 47,
    "pid": 8012,
    "index": 61
  },
  {
    "name": "Load \"controller\" to Application",
    "start": 1572053374237,
    "end": 1572053374284,
    "duration": 47,
    "pid": 8012,
    "index": 62
  },
  {
    "name": "Load Router",
    "start": 1572053374284,
    "end": 1572053374286,
    "duration": 2,
    "pid": 8012,
    "index": 63
  },
  {
    "name": "Require(46) app/router.js",
    "start": 1572053374285,
    "end": 1572053374285,
    "duration": 0,
    "pid": 8012,
    "index": 64
  },
  {
    "name": "Before Start in node_modules/egg-core/lib/egg.js:303:10",
    "start": 1572053374285,
    "end": 1572053374325,
    "duration": 40,
    "pid": 8012,
    "index": 65
  }
]