[
  {
    "name": "Application Start",
    "start": 1572055359473,
    "end": 1572055361434,
    "duration": 1961,
    "pid": 9300,
    "index": 0
  },
  {
    "name": "Load Plugin",
    "start": 1572055359482,
    "end": 1572055359540,
    "duration": 58,
    "pid": 9300,
    "index": 1
  },
  {
    "name": "Load Config",
    "start": 1572055359541,
    "end": 1572055359590,
    "duration": 49,
    "pid": 9300,
    "index": 2
  },
  {
    "name": "Require(0) config/config.default.js",
    "start": 1572055359543,
    "end": 1572055359544,
    "duration": 1,
    "pid": 9300,
    "index": 3
  },
  {
    "name": "Require(1) node_modules/egg-session/config/config.default.js",
    "start": 1572055359548,
    "end": 1572055359548,
    "duration": 0,
    "pid": 9300,
    "index": 4
  },
  {
    "name": "Require(2) node_modules/egg-security/config/config.default.js",
    "start": 1572055359550,
    "end": 1572055359551,
    "duration": 1,
    "pid": 9300,
    "index": 5
  },
  {
    "name": "Require(3) node_modules/egg-jsonp/config/config.default.js",
    "start": 1572055359554,
    "end": 1572055359555,
    "duration": 1,
    "pid": 9300,
    "index": 6
  },
  {
    "name": "Require(4) node_modules/egg-onerror/config/config.default.js",
    "start": 1572055359556,
    "end": 1572055359556,
    "duration": 0,
    "pid": 9300,
    "index": 7
  },
  {
    "name": "Require(5) node_modules/egg-i18n/config/config.default.js",
    "start": 1572055359558,
    "end": 1572055359558,
    "duration": 0,
    "pid": 9300,
    "index": 8
  },
  {
    "name": "Require(6) node_modules/egg-watcher/config/config.default.js",
    "start": 1572055359560,
    "end": 1572055359561,
    "duration": 1,
    "pid": 9300,
    "index": 9
  },
  {
    "name": "Require(7) node_modules/egg-schedule/config/config.default.js",
    "start": 1572055359562,
    "end": 1572055359562,
    "duration": 0,
    "pid": 9300,
    "index": 10
  },
  {
    "name": "Require(8) node_modules/egg-multipart/config/config.default.js",
    "start": 1572055359563,
    "end": 1572055359564,
    "duration": 1,
    "pid": 9300,
    "index": 11
  },
  {
    "name": "Require(9) node_modules/egg-development/config/config.default.js",
    "start": 1572055359565,
    "end": 1572055359566,
    "duration": 1,
    "pid": 9300,
    "index": 12
  },
  {
    "name": "Require(10) node_modules/egg-logrotator/config/config.default.js",
    "start": 1572055359567,
    "end": 1572055359570,
    "duration": 3,
    "pid": 9300,
    "index": 13
  },
  {
    "name": "Require(11) node_modules/egg-static/config/config.default.js",
    "start": 1572055359572,
    "end": 1572055359572,
    "duration": 0,
    "pid": 9300,
    "index": 14
  },
  {
    "name": "Require(12) node_modules/egg-view/config/config.default.js",
    "start": 1572055359573,
    "end": 1572055359574,
    "duration": 1,
    "pid": 9300,
    "index": 15
  },
  {
    "name": "Require(13) node_modules/egg-mysql/config/config.default.js",
    "start": 1572055359575,
    "end": 1572055359575,
    "duration": 0,
    "pid": 9300,
    "index": 16
  },
  {
    "name": "Require(14) node_modules/egg/config/config.default.js",
    "start": 1572055359577,
    "end": 1572055359577,
    "duration": 0,
    "pid": 9300,
    "index": 17
  },
  {
    "name": "Require(15) config/config.default.js",
    "start": 1572055359580,
    "end": 1572055359580,
    "duration": 0,
    "pid": 9300,
    "index": 18
  },
  {
    "name": "Require(16) node_modules/egg-security/config/config.local.js",
    "start": 1572055359581,
    "end": 1572055359582,
    "duration": 1,
    "pid": 9300,
    "index": 19
  },
  {
    "name": "Require(17) node_modules/egg-watcher/config/config.local.js",
    "start": 1572055359584,
    "end": 1572055359584,
    "duration": 0,
    "pid": 9300,
    "index": 20
  },
  {
    "name": "Require(18) node_modules/egg-view/config/config.local.js",
    "start": 1572055359587,
    "end": 1572055359588,
    "duration": 1,
    "pid": 9300,
    "index": 21
  },
  {
    "name": "Require(19) node_modules/egg/config/config.local.js",
    "start": 1572055359589,
    "end": 1572055359590,
    "duration": 1,
    "pid": 9300,
    "index": 22
  },
  {
    "name": "Load extend/application.js",
    "start": 1572055359593,
    "end": 1572055359656,
    "duration": 63,
    "pid": 9300,
    "index": 23
  },
  {
    "name": "Require(20) node_modules/egg-session/app/extend/application.js",
    "start": 1572055359594,
    "end": 1572055359595,
    "duration": 1,
    "pid": 9300,
    "index": 24
  },
  {
    "name": "Require(21) node_modules/egg-security/app/extend/application.js",
    "start": 1572055359596,
    "end": 1572055359599,
    "duration": 3,
    "pid": 9300,
    "index": 25
  },
  {
    "name": "Require(22) node_modules/egg-jsonp/app/extend/application.js",
    "start": 1572055359616,
    "end": 1572055359631,
    "duration": 15,
    "pid": 9300,
    "index": 26
  },
  {
    "name": "Require(23) node_modules/egg-logrotator/app/extend/application.js",
    "start": 1572055359635,
    "end": 1572055359643,
    "duration": 8,
    "pid": 9300,
    "index": 27
  },
  {
    "name": "Require(24) node_modules/egg-view/app/extend/application.js",
    "start": 1572055359644,
    "end": 1572055359648,
    "duration": 4,
    "pid": 9300,
    "index": 28
  },
  {
    "name": "Load extend/request.js",
    "start": 1572055359656,
    "end": 1572055359679,
    "duration": 23,
    "pid": 9300,
    "index": 29
  },
  {
    "name": "Require(25) node_modules/egg/app/extend/request.js",
    "start": 1572055359668,
    "end": 1572055359671,
    "duration": 3,
    "pid": 9300,
    "index": 30
  },
  {
    "name": "Load extend/response.js",
    "start": 1572055359679,
    "end": 1572055359699,
    "duration": 20,
    "pid": 9300,
    "index": 31
  },
  {
    "name": "Require(26) node_modules/egg/app/extend/response.js",
    "start": 1572055359685,
    "end": 1572055359688,
    "duration": 3,
    "pid": 9300,
    "index": 32
  },
  {
    "name": "Load extend/context.js",
    "start": 1572055359699,
    "end": 1572055359927,
    "duration": 228,
    "pid": 9300,
    "index": 33
  },
  {
    "name": "Require(27) node_modules/egg-security/app/extend/context.js",
    "start": 1572055359715,
    "end": 1572055359747,
    "duration": 32,
    "pid": 9300,
    "index": 34
  },
  {
    "name": "Require(28) node_modules/egg-jsonp/app/extend/context.js",
    "start": 1572055359748,
    "end": 1572055359751,
    "duration": 3,
    "pid": 9300,
    "index": 35
  },
  {
    "name": "Require(29) node_modules/egg-i18n/app/extend/context.js",
    "start": 1572055359753,
    "end": 1572055359753,
    "duration": 0,
    "pid": 9300,
    "index": 36
  },
  {
    "name": "Require(30) node_modules/egg-multipart/app/extend/context.js",
    "start": 1572055359755,
    "end": 1572055359898,
    "duration": 143,
    "pid": 9300,
    "index": 37
  },
  {
    "name": "Require(31) node_modules/egg-view/app/extend/context.js",
    "start": 1572055359904,
    "end": 1572055359907,
    "duration": 3,
    "pid": 9300,
    "index": 38
  },
  {
    "name": "Require(32) node_modules/egg/app/extend/context.js",
    "start": 1572055359908,
    "end": 1572055359913,
    "duration": 5,
    "pid": 9300,
    "index": 39
  },
  {
    "name": "Load extend/helper.js",
    "start": 1572055359927,
    "end": 1572055360004,
    "duration": 77,
    "pid": 9300,
    "index": 40
  },
  {
    "name": "Require(33) node_modules/egg-security/app/extend/helper.js",
    "start": 1572055359929,
    "end": 1572055359973,
    "duration": 44,
    "pid": 9300,
    "index": 41
  },
  {
    "name": "Require(34) node_modules/egg/app/extend/helper.js",
    "start": 1572055359987,
    "end": 1572055359988,
    "duration": 1,
    "pid": 9300,
    "index": 42
  },
  {
    "name": "Load app.js",
    "start": 1572055360004,
    "end": 1572055360291,
    "duration": 287,
    "pid": 9300,
    "index": 43
  },
  {
    "name": "Require(35) node_modules/egg-session/app.js",
    "start": 1572055360005,
    "end": 1572055360006,
    "duration": 1,
    "pid": 9300,
    "index": 44
  },
  {
    "name": "Require(36) node_modules/egg-security/app.js",
    "start": 1572055360006,
    "end": 1572055360013,
    "duration": 7,
    "pid": 9300,
    "index": 45
  },
  {
    "name": "Require(37) node_modules/egg-onerror/app.js",
    "start": 1572055360015,
    "end": 1572055360037,
    "duration": 22,
    "pid": 9300,
    "index": 46
  },
  {
    "name": "Require(38) node_modules/egg-i18n/app.js",
    "start": 1572055360038,
    "end": 1572055360133,
    "duration": 95,
    "pid": 9300,
    "index": 47
  },
  {
    "name": "Require(39) node_modules/egg-watcher/app.js",
    "start": 1572055360134,
    "end": 1572055360153,
    "duration": 19,
    "pid": 9300,
    "index": 48
  },
  {
    "name": "Require(40) node_modules/egg-schedule/app.js",
    "start": 1572055360154,
    "end": 1572055360157,
    "duration": 3,
    "pid": 9300,
    "index": 49
  },
  {
    "name": "Require(41) node_modules/egg-multipart/app.js",
    "start": 1572055360158,
    "end": 1572055360178,
    "duration": 20,
    "pid": 9300,
    "index": 50
  },
  {
    "name": "Require(42) node_modules/egg-development/app.js",
    "start": 1572055360179,
    "end": 1572055360180,
    "duration": 1,
    "pid": 9300,
    "index": 51
  },
  {
    "name": "Require(43) node_modules/egg-logrotator/app.js",
    "start": 1572055360181,
    "end": 1572055360182,
    "duration": 1,
    "pid": 9300,
    "index": 52
  },
  {
    "name": "Require(44) node_modules/egg-static/app.js",
    "start": 1572055360183,
    "end": 1572055360185,
    "duration": 2,
    "pid": 9300,
    "index": 53
  },
  {
    "name": "Require(45) node_modules/egg-mysql/app.js",
    "start": 1572055360188,
    "end": 1572055360288,
    "duration": 100,
    "pid": 9300,
    "index": 54
  },
  {
    "name": "Before Start in node_modules/egg-watcher/lib/init.js:15:14",
    "start": 1572055360406,
    "end": 1572055361427,
    "duration": 1021,
    "pid": 9300,
    "index": 55
  },
  {
    "name": "Before Start in node_modules/egg-mysql/lib/mysql.js:20:7",
    "start": 1572055360933,
    "end": 1572055361433,
    "duration": 500,
    "pid": 9300,
    "index": 56
  },
  {
    "name": "Load Service",
    "start": 1572055360933,
    "end": 1572055360945,
    "duration": 12,
    "pid": 9300,
    "index": 57
  },
  {
    "name": "Load \"service\" to Context",
    "start": 1572055360934,
    "end": 1572055360945,
    "duration": 11,
    "pid": 9300,
    "index": 58
  },
  {
    "name": "Load Middleware",
    "start": 1572055360945,
    "end": 1572055361212,
    "duration": 267,
    "pid": 9300,
    "index": 59
  },
  {
    "name": "Load \"middlewares\" to Application",
    "start": 1572055360946,
    "end": 1572055361191,
    "duration": 245,
    "pid": 9300,
    "index": 60
  },
  {
    "name": "Load Controller",
    "start": 1572055361212,
    "end": 1572055361310,
    "duration": 98,
    "pid": 9300,
    "index": 61
  },
  {
    "name": "Load \"controller\" to Application",
    "start": 1572055361212,
    "end": 1572055361310,
    "duration": 98,
    "pid": 9300,
    "index": 62
  },
  {
    "name": "Load Router",
    "start": 1572055361310,
    "end": 1572055361319,
    "duration": 9,
    "pid": 9300,
    "index": 63
  },
  {
    "name": "Require(46) app/router.js",
    "start": 1572055361316,
    "end": 1572055361317,
    "duration": 1,
    "pid": 9300,
    "index": 64
  },
  {
    "name": "Before Start in node_modules/egg-core/lib/egg.js:303:10",
    "start": 1572055361317,
    "end": 1572055361383,
    "duration": 66,
    "pid": 9300,
    "index": 65
  }
]