[
  {
    "name": "Application Start",
    "start": 1572056244535,
    "end": 1572056245689,
    "duration": 1154,
    "pid": 10656,
    "index": 0
  },
  {
    "name": "Load Plugin",
    "start": 1572056244546,
    "end": 1572056244594,
    "duration": 48,
    "pid": 10656,
    "index": 1
  },
  {
    "name": "Load Config",
    "start": 1572056244595,
    "end": 1572056244627,
    "duration": 32,
    "pid": 10656,
    "index": 2
  },
  {
    "name": "Require(0) config/config.default.js",
    "start": 1572056244596,
    "end": 1572056244596,
    "duration": 0,
    "pid": 10656,
    "index": 3
  },
  {
    "name": "Require(1) node_modules/egg-session/config/config.default.js",
    "start": 1572056244598,
    "end": 1572056244599,
    "duration": 1,
    "pid": 10656,
    "index": 4
  },
  {
    "name": "Require(2) node_modules/egg-security/config/config.default.js",
    "start": 1572056244599,
    "end": 1572056244600,
    "duration": 1,
    "pid": 10656,
    "index": 5
  },
  {
    "name": "Require(3) node_modules/egg-jsonp/config/config.default.js",
    "start": 1572056244601,
    "end": 1572056244601,
    "duration": 0,
    "pid": 10656,
    "index": 6
  },
  {
    "name": "Require(4) node_modules/egg-onerror/config/config.default.js",
    "start": 1572056244602,
    "end": 1572056244603,
    "duration": 1,
    "pid": 10656,
    "index": 7
  },
  {
    "name": "Require(5) node_modules/egg-i18n/config/config.default.js",
    "start": 1572056244603,
    "end": 1572056244604,
    "duration": 1,
    "pid": 10656,
    "index": 8
  },
  {
    "name": "Require(6) node_modules/egg-watcher/config/config.default.js",
    "start": 1572056244605,
    "end": 1572056244605,
    "duration": 0,
    "pid": 10656,
    "index": 9
  },
  {
    "name": "Require(7) node_modules/egg-schedule/config/config.default.js",
    "start": 1572056244606,
    "end": 1572056244607,
    "duration": 1,
    "pid": 10656,
    "index": 10
  },
  {
    "name": "Require(8) node_modules/egg-multipart/config/config.default.js",
    "start": 1572056244607,
    "end": 1572056244608,
    "duration": 1,
    "pid": 10656,
    "index": 11
  },
  {
    "name": "Require(9) node_modules/egg-development/config/config.default.js",
    "start": 1572056244609,
    "end": 1572056244609,
    "duration": 0,
    "pid": 10656,
    "index": 12
  },
  {
    "name": "Require(10) node_modules/egg-logrotator/config/config.default.js",
    "start": 1572056244610,
    "end": 1572056244613,
    "duration": 3,
    "pid": 10656,
    "index": 13
  },
  {
    "name": "Require(11) node_modules/egg-static/config/config.default.js",
    "start": 1572056244614,
    "end": 1572056244614,
    "duration": 0,
    "pid": 10656,
    "index": 14
  },
  {
    "name": "Require(12) node_modules/egg-view/config/config.default.js",
    "start": 1572056244615,
    "end": 1572056244615,
    "duration": 0,
    "pid": 10656,
    "index": 15
  },
  {
    "name": "Require(13) node_modules/egg-mysql/config/config.default.js",
    "start": 1572056244616,
    "end": 1572056244616,
    "duration": 0,
    "pid": 10656,
    "index": 16
  },
  {
    "name": "Require(14) node_modules/egg/config/config.default.js",
    "start": 1572056244617,
    "end": 1572056244618,
    "duration": 1,
    "pid": 10656,
    "index": 17
  },
  {
    "name": "Require(15) config/config.default.js",
    "start": 1572056244620,
    "end": 1572056244620,
    "duration": 0,
    "pid": 10656,
    "index": 18
  },
  {
    "name": "Require(16) node_modules/egg-security/config/config.local.js",
    "start": 1572056244621,
    "end": 1572056244621,
    "duration": 0,
    "pid": 10656,
    "index": 19
  },
  {
    "name": "Require(17) node_modules/egg-watcher/config/config.local.js",
    "start": 1572056244623,
    "end": 1572056244623,
    "duration": 0,
    "pid": 10656,
    "index": 20
  },
  {
    "name": "Require(18) node_modules/egg-view/config/config.local.js",
    "start": 1572056244625,
    "end": 1572056244626,
    "duration": 1,
    "pid": 10656,
    "index": 21
  },
  {
    "name": "Require(19) node_modules/egg/config/config.local.js",
    "start": 1572056244627,
    "end": 1572056244627,
    "duration": 0,
    "pid": 10656,
    "index": 22
  },
  {
    "name": "Load extend/application.js",
    "start": 1572056244629,
    "end": 1572056244669,
    "duration": 40,
    "pid": 10656,
    "index": 23
  },
  {
    "name": "Require(20) node_modules/egg-session/app/extend/application.js",
    "start": 1572056244632,
    "end": 1572056244634,
    "duration": 2,
    "pid": 10656,
    "index": 24
  },
  {
    "name": "Require(21) node_modules/egg-security/app/extend/application.js",
    "start": 1572056244635,
    "end": 1572056244637,
    "duration": 2,
    "pid": 10656,
    "index": 25
  },
  {
    "name": "Require(22) node_modules/egg-jsonp/app/extend/application.js",
    "start": 1572056244638,
    "end": 1572056244642,
    "duration": 4,
    "pid": 10656,
    "index": 26
  },
  {
    "name": "Require(23) node_modules/egg-logrotator/app/extend/application.js",
    "start": 1572056244648,
    "end": 1572056244651,
    "duration": 3,
    "pid": 10656,
    "index": 27
  },
  {
    "name": "Require(24) node_modules/egg-view/app/extend/application.js",
    "start": 1572056244654,
    "end": 1572056244660,
    "duration": 6,
    "pid": 10656,
    "index": 28
  },
  {
    "name": "Load extend/request.js",
    "start": 1572056244669,
    "end": 1572056244684,
    "duration": 15,
    "pid": 10656,
    "index": 29
  },
  {
    "name": "Require(25) node_modules/egg/app/extend/request.js",
    "start": 1572056244677,
    "end": 1572056244679,
    "duration": 2,
    "pid": 10656,
    "index": 30
  },
  {
    "name": "Load extend/response.js",
    "start": 1572056244684,
    "end": 1572056244695,
    "duration": 11,
    "pid": 10656,
    "index": 31
  },
  {
    "name": "Require(26) node_modules/egg/app/extend/response.js",
    "start": 1572056244687,
    "end": 1572056244689,
    "duration": 2,
    "pid": 10656,
    "index": 32
  },
  {
    "name": "Load extend/context.js",
    "start": 1572056244695,
    "end": 1572056244819,
    "duration": 124,
    "pid": 10656,
    "index": 33
  },
  {
    "name": "Require(27) node_modules/egg-security/app/extend/context.js",
    "start": 1572056244696,
    "end": 1572056244712,
    "duration": 16,
    "pid": 10656,
    "index": 34
  },
  {
    "name": "Require(28) node_modules/egg-jsonp/app/extend/context.js",
    "start": 1572056244713,
    "end": 1572056244716,
    "duration": 3,
    "pid": 10656,
    "index": 35
  },
  {
    "name": "Require(29) node_modules/egg-i18n/app/extend/context.js",
    "start": 1572056244717,
    "end": 1572056244717,
    "duration": 0,
    "pid": 10656,
    "index": 36
  },
  {
    "name": "Require(30) node_modules/egg-multipart/app/extend/context.js",
    "start": 1572056244718,
    "end": 1572056244806,
    "duration": 88,
    "pid": 10656,
    "index": 37
  },
  {
    "name": "Require(31) node_modules/egg-view/app/extend/context.js",
    "start": 1572056244807,
    "end": 1572056244809,
    "duration": 2,
    "pid": 10656,
    "index": 38
  },
  {
    "name": "Require(32) node_modules/egg/app/extend/context.js",
    "start": 1572056244809,
    "end": 1572056244814,
    "duration": 5,
    "pid": 10656,
    "index": 39
  },
  {
    "name": "Load extend/helper.js",
    "start": 1572056244819,
    "end": 1572056244873,
    "duration": 54,
    "pid": 10656,
    "index": 40
  },
  {
    "name": "Require(33) node_modules/egg-security/app/extend/helper.js",
    "start": 1572056244821,
    "end": 1572056244865,
    "duration": 44,
    "pid": 10656,
    "index": 41
  },
  {
    "name": "Require(34) node_modules/egg/app/extend/helper.js",
    "start": 1572056244868,
    "end": 1572056244869,
    "duration": 1,
    "pid": 10656,
    "index": 42
  },
  {
    "name": "Load app.js",
    "start": 1572056244873,
    "end": 1572056244985,
    "duration": 112,
    "pid": 10656,
    "index": 43
  },
  {
    "name": "Require(35) node_modules/egg-session/app.js",
    "start": 1572056244874,
    "end": 1572056244874,
    "duration": 0,
    "pid": 10656,
    "index": 44
  },
  {
    "name": "Require(36) node_modules/egg-security/app.js",
    "start": 1572056244874,
    "end": 1572056244877,
    "duration": 3,
    "pid": 10656,
    "index": 45
  },
  {
    "name": "Require(37) node_modules/egg-onerror/app.js",
    "start": 1572056244878,
    "end": 1572056244893,
    "duration": 15,
    "pid": 10656,
    "index": 46
  },
  {
    "name": "Require(38) node_modules/egg-i18n/app.js",
    "start": 1572056244894,
    "end": 1572056244934,
    "duration": 40,
    "pid": 10656,
    "index": 47
  },
  {
    "name": "Require(39) node_modules/egg-watcher/app.js",
    "start": 1572056244935,
    "end": 1572056244944,
    "duration": 9,
    "pid": 10656,
    "index": 48
  },
  {
    "name": "Require(40) node_modules/egg-schedule/app.js",
    "start": 1572056244945,
    "end": 1572056244948,
    "duration": 3,
    "pid": 10656,
    "index": 49
  },
  {
    "name": "Require(41) node_modules/egg-multipart/app.js",
    "start": 1572056244948,
    "end": 1572056244952,
    "duration": 4,
    "pid": 10656,
    "index": 50
  },
  {
    "name": "Require(42) node_modules/egg-development/app.js",
    "start": 1572056244952,
    "end": 1572056244953,
    "duration": 1,
    "pid": 10656,
    "index": 51
  },
  {
    "name": "Require(43) node_modules/egg-logrotator/app.js",
    "start": 1572056244954,
    "end": 1572056244954,
    "duration": 0,
    "pid": 10656,
    "index": 52
  },
  {
    "name": "Require(44) node_modules/egg-static/app.js",
    "start": 1572056244955,
    "end": 1572056244955,
    "duration": 0,
    "pid": 10656,
    "index": 53
  },
  {
    "name": "Require(45) node_modules/egg-mysql/app.js",
    "start": 1572056244956,
    "end": 1572056244983,
    "duration": 27,
    "pid": 10656,
    "index": 54
  },
  {
    "name": "Before Start in node_modules/egg-watcher/lib/init.js:15:14",
    "start": 1572056245028,
    "end": 1572056245677,
    "duration": 649,
    "pid": 10656,
    "index": 55
  },
  {
    "name": "Before Start in node_modules/egg-mysql/lib/mysql.js:20:7",
    "start": 1572056245225,
    "end": 1572056245688,
    "duration": 463,
    "pid": 10656,
    "index": 56
  },
  {
    "name": "Load Service",
    "start": 1572056245226,
    "end": 1572056245238,
    "duration": 12,
    "pid": 10656,
    "index": 57
  },
  {
    "name": "Load \"service\" to Context",
    "start": 1572056245226,
    "end": 1572056245238,
    "duration": 12,
    "pid": 10656,
    "index": 58
  },
  {
    "name": "Load Middleware",
    "start": 1572056245238,
    "end": 1572056245416,
    "duration": 178,
    "pid": 10656,
    "index": 59
  },
  {
    "name": "Load \"middlewares\" to Application",
    "start": 1572056245238,
    "end": 1572056245402,
    "duration": 164,
    "pid": 10656,
    "index": 60
  },
  {
    "name": "Load Controller",
    "start": 1572056245416,
    "end": 1572056245526,
    "duration": 110,
    "pid": 10656,
    "index": 61
  },
  {
    "name": "Load \"controller\" to Application",
    "start": 1572056245416,
    "end": 1572056245526,
    "duration": 110,
    "pid": 10656,
    "index": 62
  },
  {
    "name": "Load Router",
    "start": 1572056245526,
    "end": 1572056245529,
    "duration": 3,
    "pid": 10656,
    "index": 63
  },
  {
    "name": "Require(46) app/router.js",
    "start": 1572056245527,
    "end": 1572056245527,
    "duration": 0,
    "pid": 10656,
    "index": 64
  },
  {
    "name": "Before Start in node_modules/egg-core/lib/egg.js:303:10",
    "start": 1572056245528,
    "end": 1572056245607,
    "duration": 79,
    "pid": 10656,
    "index": 65
  }
]