[
  {
    "name": "Application Start",
    "start": 1572052069973,
    "end": 1572052071243,
    "duration": 1270,
    "pid": 720,
    "index": 0
  },
  {
    "name": "Load Plugin",
    "start": 1572052070016,
    "end": 1572052070061,
    "duration": 45,
    "pid": 720,
    "index": 1
  },
  {
    "name": "Load Config",
    "start": 1572052070061,
    "end": 1572052070149,
    "duration": 88,
    "pid": 720,
    "index": 2
  },
  {
    "name": "Require(0) config/config.default.js",
    "start": 1572052070063,
    "end": 1572052070066,
    "duration": 3,
    "pid": 720,
    "index": 3
  },
  {
    "name": "Require(1) node_modules/egg-session/config/config.default.js",
    "start": 1572052070069,
    "end": 1572052070070,
    "duration": 1,
    "pid": 720,
    "index": 4
  },
  {
    "name": "Require(2) node_modules/egg-security/config/config.default.js",
    "start": 1572052070071,
    "end": 1572052070071,
    "duration": 0,
    "pid": 720,
    "index": 5
  },
  {
    "name": "Require(3) node_modules/egg-jsonp/config/config.default.js",
    "start": 1572052070081,
    "end": 1572052070081,
    "duration": 0,
    "pid": 720,
    "index": 6
  },
  {
    "name": "Require(4) node_modules/egg-onerror/config/config.default.js",
    "start": 1572052070082,
    "end": 1572052070084,
    "duration": 2,
    "pid": 720,
    "index": 7
  },
  {
    "name": "Require(5) node_modules/egg-i18n/config/config.default.js",
    "start": 1572052070085,
    "end": 1572052070085,
    "duration": 0,
    "pid": 720,
    "index": 8
  },
  {
    "name": "Require(6) node_modules/egg-watcher/config/config.default.js",
    "start": 1572052070088,
    "end": 1572052070088,
    "duration": 0,
    "pid": 720,
    "index": 9
  },
  {
    "name": "Require(7) node_modules/egg-schedule/config/config.default.js",
    "start": 1572052070090,
    "end": 1572052070090,
    "duration": 0,
    "pid": 720,
    "index": 10
  },
  {
    "name": "Require(8) node_modules/egg-multipart/config/config.default.js",
    "start": 1572052070091,
    "end": 1572052070092,
    "duration": 1,
    "pid": 720,
    "index": 11
  },
  {
    "name": "Require(9) node_modules/egg-development/config/config.default.js",
    "start": 1572052070094,
    "end": 1572052070095,
    "duration": 1,
    "pid": 720,
    "index": 12
  },
  {
    "name": "Require(10) node_modules/egg-logrotator/config/config.default.js",
    "start": 1572052070100,
    "end": 1572052070107,
    "duration": 7,
    "pid": 720,
    "index": 13
  },
  {
    "name": "Require(11) node_modules/egg-static/config/config.default.js",
    "start": 1572052070109,
    "end": 1572052070109,
    "duration": 0,
    "pid": 720,
    "index": 14
  },
  {
    "name": "Require(12) node_modules/egg-view/config/config.default.js",
    "start": 1572052070122,
    "end": 1572052070123,
    "duration": 1,
    "pid": 720,
    "index": 15
  },
  {
    "name": "Require(13) node_modules/egg-mysql/config/config.default.js",
    "start": 1572052070127,
    "end": 1572052070127,
    "duration": 0,
    "pid": 720,
    "index": 16
  },
  {
    "name": "Require(14) node_modules/egg/config/config.default.js",
    "start": 1572052070129,
    "end": 1572052070136,
    "duration": 7,
    "pid": 720,
    "index": 17
  },
  {
    "name": "Require(15) config/config.default.js",
    "start": 1572052070140,
    "end": 1572052070140,
    "duration": 0,
    "pid": 720,
    "index": 18
  },
  {
    "name": "Require(16) node_modules/egg-security/config/config.local.js",
    "start": 1572052070141,
    "end": 1572052070142,
    "duration": 1,
    "pid": 720,
    "index": 19
  },
  {
    "name": "Require(17) node_modules/egg-watcher/config/config.local.js",
    "start": 1572052070144,
    "end": 1572052070144,
    "duration": 0,
    "pid": 720,
    "index": 20
  },
  {
    "name": "Require(18) node_modules/egg-view/config/config.local.js",
    "start": 1572052070147,
    "end": 1572052070147,
    "duration": 0,
    "pid": 720,
    "index": 21
  },
  {
    "name": "Require(19) node_modules/egg/config/config.local.js",
    "start": 1572052070148,
    "end": 1572052070148,
    "duration": 0,
    "pid": 720,
    "index": 22
  },
  {
    "name": "Load extend/application.js",
    "start": 1572052070150,
    "end": 1572052070207,
    "duration": 57,
    "pid": 720,
    "index": 23
  },
  {
    "name": "Require(20) node_modules/egg-session/app/extend/application.js",
    "start": 1572052070151,
    "end": 1572052070151,
    "duration": 0,
    "pid": 720,
    "index": 24
  },
  {
    "name": "Require(21) node_modules/egg-security/app/extend/application.js",
    "start": 1572052070152,
    "end": 1572052070153,
    "duration": 1,
    "pid": 720,
    "index": 25
  },
  {
    "name": "Require(22) node_modules/egg-jsonp/app/extend/application.js",
    "start": 1572052070154,
    "end": 1572052070158,
    "duration": 4,
    "pid": 720,
    "index": 26
  },
  {
    "name": "Require(23) node_modules/egg-logrotator/app/extend/application.js",
    "start": 1572052070161,
    "end": 1572052070170,
    "duration": 9,
    "pid": 720,
    "index": 27
  },
  {
    "name": "Require(24) node_modules/egg-view/app/extend/application.js",
    "start": 1572052070171,
    "end": 1572052070195,
    "duration": 24,
    "pid": 720,
    "index": 28
  },
  {
    "name": "Load extend/request.js",
    "start": 1572052070207,
    "end": 1572052070218,
    "duration": 11,
    "pid": 720,
    "index": 29
  },
  {
    "name": "Require(25) node_modules/egg/app/extend/request.js",
    "start": 1572052070212,
    "end": 1572052070214,
    "duration": 2,
    "pid": 720,
    "index": 30
  },
  {
    "name": "Load extend/response.js",
    "start": 1572052070218,
    "end": 1572052070243,
    "duration": 25,
    "pid": 720,
    "index": 31
  },
  {
    "name": "Require(26) node_modules/egg/app/extend/response.js",
    "start": 1572052070225,
    "end": 1572052070228,
    "duration": 3,
    "pid": 720,
    "index": 32
  },
  {
    "name": "Load extend/context.js",
    "start": 1572052070244,
    "end": 1572052070404,
    "duration": 160,
    "pid": 720,
    "index": 33
  },
  {
    "name": "Require(27) node_modules/egg-security/app/extend/context.js",
    "start": 1572052070245,
    "end": 1572052070279,
    "duration": 34,
    "pid": 720,
    "index": 34
  },
  {
    "name": "Require(28) node_modules/egg-jsonp/app/extend/context.js",
    "start": 1572052070280,
    "end": 1572052070286,
    "duration": 6,
    "pid": 720,
    "index": 35
  },
  {
    "name": "Require(29) node_modules/egg-i18n/app/extend/context.js",
    "start": 1572052070288,
    "end": 1572052070289,
    "duration": 1,
    "pid": 720,
    "index": 36
  },
  {
    "name": "Require(30) node_modules/egg-multipart/app/extend/context.js",
    "start": 1572052070291,
    "end": 1572052070387,
    "duration": 96,
    "pid": 720,
    "index": 37
  },
  {
    "name": "Require(31) node_modules/egg-view/app/extend/context.js",
    "start": 1572052070389,
    "end": 1572052070394,
    "duration": 5,
    "pid": 720,
    "index": 38
  },
  {
    "name": "Require(32) node_modules/egg/app/extend/context.js",
    "start": 1572052070396,
    "end": 1572052070400,
    "duration": 4,
    "pid": 720,
    "index": 39
  },
  {
    "name": "Load extend/helper.js",
    "start": 1572052070404,
    "end": 1572052070467,
    "duration": 63,
    "pid": 720,
    "index": 40
  },
  {
    "name": "Require(33) node_modules/egg-security/app/extend/helper.js",
    "start": 1572052070405,
    "end": 1572052070448,
    "duration": 43,
    "pid": 720,
    "index": 41
  },
  {
    "name": "Require(34) node_modules/egg/app/extend/helper.js",
    "start": 1572052070457,
    "end": 1572052070457,
    "duration": 0,
    "pid": 720,
    "index": 42
  },
  {
    "name": "Load app.js",
    "start": 1572052070467,
    "end": 1572052070625,
    "duration": 158,
    "pid": 720,
    "index": 43
  },
  {
    "name": "Require(35) node_modules/egg-session/app.js",
    "start": 1572052070468,
    "end": 1572052070470,
    "duration": 2,
    "pid": 720,
    "index": 44
  },
  {
    "name": "Require(36) node_modules/egg-security/app.js",
    "start": 1572052070471,
    "end": 1572052070476,
    "duration": 5,
    "pid": 720,
    "index": 45
  },
  {
    "name": "Require(37) node_modules/egg-onerror/app.js",
    "start": 1572052070481,
    "end": 1572052070499,
    "duration": 18,
    "pid": 720,
    "index": 46
  },
  {
    "name": "Require(38) node_modules/egg-i18n/app.js",
    "start": 1572052070500,
    "end": 1572052070534,
    "duration": 34,
    "pid": 720,
    "index": 47
  },
  {
    "name": "Require(39) node_modules/egg-watcher/app.js",
    "start": 1572052070535,
    "end": 1572052070557,
    "duration": 22,
    "pid": 720,
    "index": 48
  },
  {
    "name": "Require(40) node_modules/egg-schedule/app.js",
    "start": 1572052070558,
    "end": 1572052070562,
    "duration": 4,
    "pid": 720,
    "index": 49
  },
  {
    "name": "Require(41) node_modules/egg-multipart/app.js",
    "start": 1572052070563,
    "end": 1572052070580,
    "duration": 17,
    "pid": 720,
    "index": 50
  },
  {
    "name": "Require(42) node_modules/egg-development/app.js",
    "start": 1572052070582,
    "end": 1572052070582,
    "duration": 0,
    "pid": 720,
    "index": 51
  },
  {
    "name": "Require(43) node_modules/egg-logrotator/app.js",
    "start": 1572052070583,
    "end": 1572052070584,
    "duration": 1,
    "pid": 720,
    "index": 52
  },
  {
    "name": "Require(44) node_modules/egg-static/app.js",
    "start": 1572052070584,
    "end": 1572052070585,
    "duration": 1,
    "pid": 720,
    "index": 53
  },
  {
    "name": "Require(45) node_modules/egg-mysql/app.js",
    "start": 1572052070585,
    "end": 1572052070621,
    "duration": 36,
    "pid": 720,
    "index": 54
  },
  {
    "name": "Before Start in node_modules/egg-watcher/lib/init.js:15:14",
    "start": 1572052070670,
    "end": 1572052071233,
    "duration": 563,
    "pid": 720,
    "index": 55
  },
  {
    "name": "Before Start in node_modules/egg-mysql/lib/mysql.js:20:7",
    "start": 1572052070943,
    "end": 1572052071242,
    "duration": 299,
    "pid": 720,
    "index": 56
  },
  {
    "name": "Load Service",
    "start": 1572052070943,
    "end": 1572052070961,
    "duration": 18,
    "pid": 720,
    "index": 57
  },
  {
    "name": "Load \"service\" to Context",
    "start": 1572052070943,
    "end": 1572052070961,
    "duration": 18,
    "pid": 720,
    "index": 58
  },
  {
    "name": "Load Middleware",
    "start": 1572052070962,
    "end": 1572052071147,
    "duration": 185,
    "pid": 720,
    "index": 59
  },
  {
    "name": "Load \"middlewares\" to Application",
    "start": 1572052070962,
    "end": 1572052071131,
    "duration": 169,
    "pid": 720,
    "index": 60
  },
  {
    "name": "Load Controller",
    "start": 1572052071148,
    "end": 1572052071152,
    "duration": 4,
    "pid": 720,
    "index": 61
  },
  {
    "name": "Load \"controller\" to Application",
    "start": 1572052071148,
    "end": 1572052071152,
    "duration": 4,
    "pid": 720,
    "index": 62
  },
  {
    "name": "Load Router",
    "start": 1572052071152,
    "end": 1572052071154,
    "duration": 2,
    "pid": 720,
    "index": 63
  },
  {
    "name": "Require(46) app/router.js",
    "start": 1572052071153,
    "end": 1572052071153,
    "duration": 0,
    "pid": 720,
    "index": 64
  },
  {
    "name": "Before Start in node_modules/egg-core/lib/egg.js:303:10",
    "start": 1572052071153,
    "end": 1572052071203,
    "duration": 50,
    "pid": 720,
    "index": 65
  }
]