[
  {
    "name": "Application Start",
    "start": 1572058787646,
    "end": 1572058789554,
    "duration": 1908,
    "pid": 2844,
    "index": 0
  },
  {
    "name": "Load Plugin",
    "start": 1572058787659,
    "end": 1572058787719,
    "duration": 60,
    "pid": 2844,
    "index": 1
  },
  {
    "name": "Load Config",
    "start": 1572058787719,
    "end": 1572058787893,
    "duration": 174,
    "pid": 2844,
    "index": 2
  },
  {
    "name": "Require(0) config/config.default.js",
    "start": 1572058787721,
    "end": 1572058787722,
    "duration": 1,
    "pid": 2844,
    "index": 3
  },
  {
    "name": "Require(1) node_modules/egg-session/config/config.default.js",
    "start": 1572058787732,
    "end": 1572058787786,
    "duration": 54,
    "pid": 2844,
    "index": 4
  },
  {
    "name": "Require(2) node_modules/egg-security/config/config.default.js",
    "start": 1572058787806,
    "end": 1572058787807,
    "duration": 1,
    "pid": 2844,
    "index": 5
  },
  {
    "name": "Require(3) node_modules/egg-jsonp/config/config.default.js",
    "start": 1572058787812,
    "end": 1572058787812,
    "duration": 0,
    "pid": 2844,
    "index": 6
  },
  {
    "name": "Require(4) node_modules/egg-onerror/config/config.default.js",
    "start": 1572058787814,
    "end": 1572058787814,
    "duration": 0,
    "pid": 2844,
    "index": 7
  },
  {
    "name": "Require(5) node_modules/egg-i18n/config/config.default.js",
    "start": 1572058787815,
    "end": 1572058787816,
    "duration": 1,
    "pid": 2844,
    "index": 8
  },
  {
    "name": "Require(6) node_modules/egg-watcher/config/config.default.js",
    "start": 1572058787818,
    "end": 1572058787818,
    "duration": 0,
    "pid": 2844,
    "index": 9
  },
  {
    "name": "Require(7) node_modules/egg-schedule/config/config.default.js",
    "start": 1572058787819,
    "end": 1572058787820,
    "duration": 1,
    "pid": 2844,
    "index": 10
  },
  {
    "name": "Require(8) node_modules/egg-multipart/config/config.default.js",
    "start": 1572058787821,
    "end": 1572058787822,
    "duration": 1,
    "pid": 2844,
    "index": 11
  },
  {
    "name": "Require(9) node_modules/egg-development/config/config.default.js",
    "start": 1572058787824,
    "end": 1572058787824,
    "duration": 0,
    "pid": 2844,
    "index": 12
  },
  {
    "name": "Require(10) node_modules/egg-logrotator/config/config.default.js",
    "start": 1572058787826,
    "end": 1572058787829,
    "duration": 3,
    "pid": 2844,
    "index": 13
  },
  {
    "name": "Require(11) node_modules/egg-static/config/config.default.js",
    "start": 1572058787830,
    "end": 1572058787831,
    "duration": 1,
    "pid": 2844,
    "index": 14
  },
  {
    "name": "Require(12) node_modules/egg-view/config/config.default.js",
    "start": 1572058787832,
    "end": 1572058787833,
    "duration": 1,
    "pid": 2844,
    "index": 15
  },
  {
    "name": "Require(13) node_modules/egg-mysql/config/config.default.js",
    "start": 1572058787834,
    "end": 1572058787834,
    "duration": 0,
    "pid": 2844,
    "index": 16
  },
  {
    "name": "Require(14) node_modules/egg/config/config.default.js",
    "start": 1572058787835,
    "end": 1572058787838,
    "duration": 3,
    "pid": 2844,
    "index": 17
  },
  {
    "name": "Require(15) config/config.default.js",
    "start": 1572058787842,
    "end": 1572058787842,
    "duration": 0,
    "pid": 2844,
    "index": 18
  },
  {
    "name": "Require(16) node_modules/egg-security/config/config.local.js",
    "start": 1572058787846,
    "end": 1572058787846,
    "duration": 0,
    "pid": 2844,
    "index": 19
  },
  {
    "name": "Require(17) node_modules/egg-watcher/config/config.local.js",
    "start": 1572058787848,
    "end": 1572058787848,
    "duration": 0,
    "pid": 2844,
    "index": 20
  },
  {
    "name": "Require(18) node_modules/egg-view/config/config.local.js",
    "start": 1572058787885,
    "end": 1572058787886,
    "duration": 1,
    "pid": 2844,
    "index": 21
  },
  {
    "name": "Require(19) node_modules/egg/config/config.local.js",
    "start": 1572058787890,
    "end": 1572058787890,
    "duration": 0,
    "pid": 2844,
    "index": 22
  },
  {
    "name": "Load extend/application.js",
    "start": 1572058787896,
    "end": 1572058787933,
    "duration": 37,
    "pid": 2844,
    "index": 23
  },
  {
    "name": "Require(20) node_modules/egg-session/app/extend/application.js",
    "start": 1572058787897,
    "end": 1572058787898,
    "duration": 1,
    "pid": 2844,
    "index": 24
  },
  {
    "name": "Require(21) node_modules/egg-security/app/extend/application.js",
    "start": 1572058787899,
    "end": 1572058787903,
    "duration": 4,
    "pid": 2844,
    "index": 25
  },
  {
    "name": "Require(22) node_modules/egg-jsonp/app/extend/application.js",
    "start": 1572058787905,
    "end": 1572058787908,
    "duration": 3,
    "pid": 2844,
    "index": 26
  },
  {
    "name": "Require(23) node_modules/egg-logrotator/app/extend/application.js",
    "start": 1572058787912,
    "end": 1572058787918,
    "duration": 6,
    "pid": 2844,
    "index": 27
  },
  {
    "name": "Require(24) node_modules/egg-view/app/extend/application.js",
    "start": 1572058787920,
    "end": 1572058787923,
    "duration": 3,
    "pid": 2844,
    "index": 28
  },
  {
    "name": "Load extend/request.js",
    "start": 1572058787933,
    "end": 1572058787960,
    "duration": 27,
    "pid": 2844,
    "index": 29
  },
  {
    "name": "Require(25) node_modules/egg/app/extend/request.js",
    "start": 1572058787939,
    "end": 1572058787947,
    "duration": 8,
    "pid": 2844,
    "index": 30
  },
  {
    "name": "Load extend/response.js",
    "start": 1572058787960,
    "end": 1572058787993,
    "duration": 33,
    "pid": 2844,
    "index": 31
  },
  {
    "name": "Require(26) node_modules/egg/app/extend/response.js",
    "start": 1572058787967,
    "end": 1572058787972,
    "duration": 5,
    "pid": 2844,
    "index": 32
  },
  {
    "name": "Load extend/context.js",
    "start": 1572058787993,
    "end": 1572058788281,
    "duration": 288,
    "pid": 2844,
    "index": 33
  },
  {
    "name": "Require(27) node_modules/egg-security/app/extend/context.js",
    "start": 1572058787995,
    "end": 1572058788078,
    "duration": 83,
    "pid": 2844,
    "index": 34
  },
  {
    "name": "Require(28) node_modules/egg-jsonp/app/extend/context.js",
    "start": 1572058788079,
    "end": 1572058788083,
    "duration": 4,
    "pid": 2844,
    "index": 35
  },
  {
    "name": "Require(29) node_modules/egg-i18n/app/extend/context.js",
    "start": 1572058788084,
    "end": 1572058788085,
    "duration": 1,
    "pid": 2844,
    "index": 36
  },
  {
    "name": "Require(30) node_modules/egg-multipart/app/extend/context.js",
    "start": 1572058788088,
    "end": 1572058788264,
    "duration": 176,
    "pid": 2844,
    "index": 37
  },
  {
    "name": "Require(31) node_modules/egg-view/app/extend/context.js",
    "start": 1572058788266,
    "end": 1572058788269,
    "duration": 3,
    "pid": 2844,
    "index": 38
  },
  {
    "name": "Require(32) node_modules/egg/app/extend/context.js",
    "start": 1572058788270,
    "end": 1572058788273,
    "duration": 3,
    "pid": 2844,
    "index": 39
  },
  {
    "name": "Load extend/helper.js",
    "start": 1572058788281,
    "end": 1572058788370,
    "duration": 89,
    "pid": 2844,
    "index": 40
  },
  {
    "name": "Require(33) node_modules/egg-security/app/extend/helper.js",
    "start": 1572058788282,
    "end": 1572058788359,
    "duration": 77,
    "pid": 2844,
    "index": 41
  },
  {
    "name": "Require(34) node_modules/egg/app/extend/helper.js",
    "start": 1572058788365,
    "end": 1572058788365,
    "duration": 0,
    "pid": 2844,
    "index": 42
  },
  {
    "name": "Load app.js",
    "start": 1572058788371,
    "end": 1572058788558,
    "duration": 187,
    "pid": 2844,
    "index": 43
  },
  {
    "name": "Require(35) node_modules/egg-session/app.js",
    "start": 1572058788371,
    "end": 1572058788372,
    "duration": 1,
    "pid": 2844,
    "index": 44
  },
  {
    "name": "Require(36) node_modules/egg-security/app.js",
    "start": 1572058788373,
    "end": 1572058788378,
    "duration": 5,
    "pid": 2844,
    "index": 45
  },
  {
    "name": "Require(37) node_modules/egg-onerror/app.js",
    "start": 1572058788379,
    "end": 1572058788409,
    "duration": 30,
    "pid": 2844,
    "index": 46
  },
  {
    "name": "Require(38) node_modules/egg-i18n/app.js",
    "start": 1572058788412,
    "end": 1572058788458,
    "duration": 46,
    "pid": 2844,
    "index": 47
  },
  {
    "name": "Require(39) node_modules/egg-watcher/app.js",
    "start": 1572058788458,
    "end": 1572058788468,
    "duration": 10,
    "pid": 2844,
    "index": 48
  },
  {
    "name": "Require(40) node_modules/egg-schedule/app.js",
    "start": 1572058788469,
    "end": 1572058788472,
    "duration": 3,
    "pid": 2844,
    "index": 49
  },
  {
    "name": "Require(41) node_modules/egg-multipart/app.js",
    "start": 1572058788474,
    "end": 1572058788483,
    "duration": 9,
    "pid": 2844,
    "index": 50
  },
  {
    "name": "Require(42) node_modules/egg-development/app.js",
    "start": 1572058788484,
    "end": 1572058788484,
    "duration": 0,
    "pid": 2844,
    "index": 51
  },
  {
    "name": "Require(43) node_modules/egg-logrotator/app.js",
    "start": 1572058788485,
    "end": 1572058788486,
    "duration": 1,
    "pid": 2844,
    "index": 52
  },
  {
    "name": "Require(44) node_modules/egg-static/app.js",
    "start": 1572058788487,
    "end": 1572058788495,
    "duration": 8,
    "pid": 2844,
    "index": 53
  },
  {
    "name": "Require(45) node_modules/egg-mysql/app.js",
    "start": 1572058788496,
    "end": 1572058788556,
    "duration": 60,
    "pid": 2844,
    "index": 54
  },
  {
    "name": "Before Start in node_modules/egg-watcher/lib/init.js:15:14",
    "start": 1572058788604,
    "end": 1572058789547,
    "duration": 943,
    "pid": 2844,
    "index": 55
  },
  {
    "name": "Before Start in node_modules/egg-mysql/lib/mysql.js:20:7",
    "start": 1572058788975,
    "end": 1572058789553,
    "duration": 578,
    "pid": 2844,
    "index": 56
  },
  {
    "name": "Load Service",
    "start": 1572058788976,
    "end": 1572058789001,
    "duration": 25,
    "pid": 2844,
    "index": 57
  },
  {
    "name": "Load \"service\" to Context",
    "start": 1572058788976,
    "end": 1572058789001,
    "duration": 25,
    "pid": 2844,
    "index": 58
  },
  {
    "name": "Load Middleware",
    "start": 1572058789001,
    "end": 1572058789366,
    "duration": 365,
    "pid": 2844,
    "index": 59
  },
  {
    "name": "Load \"middlewares\" to Application",
    "start": 1572058789001,
    "end": 1572058789342,
    "duration": 341,
    "pid": 2844,
    "index": 60
  },
  {
    "name": "Load Controller",
    "start": 1572058789366,
    "end": 1572058789468,
    "duration": 102,
    "pid": 2844,
    "index": 61
  },
  {
    "name": "Load \"controller\" to Application",
    "start": 1572058789367,
    "end": 1572058789468,
    "duration": 101,
    "pid": 2844,
    "index": 62
  },
  {
    "name": "Load Router",
    "start": 1572058789468,
    "end": 1572058789471,
    "duration": 3,
    "pid": 2844,
    "index": 63
  },
  {
    "name": "Require(46) app/router.js",
    "start": 1572058789468,
    "end": 1572058789469,
    "duration": 1,
    "pid": 2844,
    "index": 64
  },
  {
    "name": "Before Start in node_modules/egg-core/lib/egg.js:303:10",
    "start": 1572058789469,
    "end": 1572058789509,
    "duration": 40,
    "pid": 2844,
    "index": 65
  }
]