[
  {
    "name": "Application Start",
    "start": 1572056584065,
    "end": 1572056585134,
    "duration": 1069,
    "pid": 1420,
    "index": 0
  },
  {
    "name": "Load Plugin",
    "start": 1572056584086,
    "end": 1572056584119,
    "duration": 33,
    "pid": 1420,
    "index": 1
  },
  {
    "name": "Load Config",
    "start": 1572056584120,
    "end": 1572056584156,
    "duration": 36,
    "pid": 1420,
    "index": 2
  },
  {
    "name": "Require(0) config/config.default.js",
    "start": 1572056584121,
    "end": 1572056584121,
    "duration": 0,
    "pid": 1420,
    "index": 3
  },
  {
    "name": "Require(1) node_modules/egg-session/config/config.default.js",
    "start": 1572056584124,
    "end": 1572056584124,
    "duration": 0,
    "pid": 1420,
    "index": 4
  },
  {
    "name": "Require(2) node_modules/egg-security/config/config.default.js",
    "start": 1572056584125,
    "end": 1572056584125,
    "duration": 0,
    "pid": 1420,
    "index": 5
  },
  {
    "name": "Require(3) node_modules/egg-jsonp/config/config.default.js",
    "start": 1572056584127,
    "end": 1572056584127,
    "duration": 0,
    "pid": 1420,
    "index": 6
  },
  {
    "name": "Require(4) node_modules/egg-onerror/config/config.default.js",
    "start": 1572056584128,
    "end": 1572056584129,
    "duration": 1,
    "pid": 1420,
    "index": 7
  },
  {
    "name": "Require(5) node_modules/egg-i18n/config/config.default.js",
    "start": 1572056584129,
    "end": 1572056584130,
    "duration": 1,
    "pid": 1420,
    "index": 8
  },
  {
    "name": "Require(6) node_modules/egg-watcher/config/config.default.js",
    "start": 1572056584131,
    "end": 1572056584131,
    "duration": 0,
    "pid": 1420,
    "index": 9
  },
  {
    "name": "Require(7) node_modules/egg-schedule/config/config.default.js",
    "start": 1572056584132,
    "end": 1572056584133,
    "duration": 1,
    "pid": 1420,
    "index": 10
  },
  {
    "name": "Require(8) node_modules/egg-multipart/config/config.default.js",
    "start": 1572056584133,
    "end": 1572056584134,
    "duration": 1,
    "pid": 1420,
    "index": 11
  },
  {
    "name": "Require(9) node_modules/egg-development/config/config.default.js",
    "start": 1572056584135,
    "end": 1572056584135,
    "duration": 0,
    "pid": 1420,
    "index": 12
  },
  {
    "name": "Require(10) node_modules/egg-logrotator/config/config.default.js",
    "start": 1572056584136,
    "end": 1572056584138,
    "duration": 2,
    "pid": 1420,
    "index": 13
  },
  {
    "name": "Require(11) node_modules/egg-static/config/config.default.js",
    "start": 1572056584139,
    "end": 1572056584139,
    "duration": 0,
    "pid": 1420,
    "index": 14
  },
  {
    "name": "Require(12) node_modules/egg-view/config/config.default.js",
    "start": 1572056584140,
    "end": 1572056584141,
    "duration": 1,
    "pid": 1420,
    "index": 15
  },
  {
    "name": "Require(13) node_modules/egg-mysql/config/config.default.js",
    "start": 1572056584141,
    "end": 1572056584142,
    "duration": 1,
    "pid": 1420,
    "index": 16
  },
  {
    "name": "Require(14) node_modules/egg/config/config.default.js",
    "start": 1572056584142,
    "end": 1572056584143,
    "duration": 1,
    "pid": 1420,
    "index": 17
  },
  {
    "name": "Require(15) config/config.default.js",
    "start": 1572056584145,
    "end": 1572056584145,
    "duration": 0,
    "pid": 1420,
    "index": 18
  },
  {
    "name": "Require(16) node_modules/egg-security/config/config.local.js",
    "start": 1572056584147,
    "end": 1572056584148,
    "duration": 1,
    "pid": 1420,
    "index": 19
  },
  {
    "name": "Require(17) node_modules/egg-watcher/config/config.local.js",
    "start": 1572056584150,
    "end": 1572056584151,
    "duration": 1,
    "pid": 1420,
    "index": 20
  },
  {
    "name": "Require(18) node_modules/egg-view/config/config.local.js",
    "start": 1572056584153,
    "end": 1572056584154,
    "duration": 1,
    "pid": 1420,
    "index": 21
  },
  {
    "name": "Require(19) node_modules/egg/config/config.local.js",
    "start": 1572056584155,
    "end": 1572056584155,
    "duration": 0,
    "pid": 1420,
    "index": 22
  },
  {
    "name": "Load extend/application.js",
    "start": 1572056584162,
    "end": 1572056584196,
    "duration": 34,
    "pid": 1420,
    "index": 23
  },
  {
    "name": "Require(20) node_modules/egg-session/app/extend/application.js",
    "start": 1572056584163,
    "end": 1572056584164,
    "duration": 1,
    "pid": 1420,
    "index": 24
  },
  {
    "name": "Require(21) node_modules/egg-security/app/extend/application.js",
    "start": 1572056584165,
    "end": 1572056584168,
    "duration": 3,
    "pid": 1420,
    "index": 25
  },
  {
    "name": "Require(22) node_modules/egg-jsonp/app/extend/application.js",
    "start": 1572056584169,
    "end": 1572056584173,
    "duration": 4,
    "pid": 1420,
    "index": 26
  },
  {
    "name": "Require(23) node_modules/egg-logrotator/app/extend/application.js",
    "start": 1572056584179,
    "end": 1572056584185,
    "duration": 6,
    "pid": 1420,
    "index": 27
  },
  {
    "name": "Require(24) node_modules/egg-view/app/extend/application.js",
    "start": 1572056584186,
    "end": 1572056584188,
    "duration": 2,
    "pid": 1420,
    "index": 28
  },
  {
    "name": "Load extend/request.js",
    "start": 1572056584196,
    "end": 1572056584208,
    "duration": 12,
    "pid": 1420,
    "index": 29
  },
  {
    "name": "Require(25) node_modules/egg/app/extend/request.js",
    "start": 1572056584199,
    "end": 1572056584204,
    "duration": 5,
    "pid": 1420,
    "index": 30
  },
  {
    "name": "Load extend/response.js",
    "start": 1572056584208,
    "end": 1572056584225,
    "duration": 17,
    "pid": 1420,
    "index": 31
  },
  {
    "name": "Require(26) node_modules/egg/app/extend/response.js",
    "start": 1572056584212,
    "end": 1572056584214,
    "duration": 2,
    "pid": 1420,
    "index": 32
  },
  {
    "name": "Load extend/context.js",
    "start": 1572056584225,
    "end": 1572056584383,
    "duration": 158,
    "pid": 1420,
    "index": 33
  },
  {
    "name": "Require(27) node_modules/egg-security/app/extend/context.js",
    "start": 1572056584226,
    "end": 1572056584246,
    "duration": 20,
    "pid": 1420,
    "index": 34
  },
  {
    "name": "Require(28) node_modules/egg-jsonp/app/extend/context.js",
    "start": 1572056584247,
    "end": 1572056584249,
    "duration": 2,
    "pid": 1420,
    "index": 35
  },
  {
    "name": "Require(29) node_modules/egg-i18n/app/extend/context.js",
    "start": 1572056584259,
    "end": 1572056584263,
    "duration": 4,
    "pid": 1420,
    "index": 36
  },
  {
    "name": "Require(30) node_modules/egg-multipart/app/extend/context.js",
    "start": 1572056584265,
    "end": 1572056584373,
    "duration": 108,
    "pid": 1420,
    "index": 37
  },
  {
    "name": "Require(31) node_modules/egg-view/app/extend/context.js",
    "start": 1572056584374,
    "end": 1572056584376,
    "duration": 2,
    "pid": 1420,
    "index": 38
  },
  {
    "name": "Require(32) node_modules/egg/app/extend/context.js",
    "start": 1572056584376,
    "end": 1572056584379,
    "duration": 3,
    "pid": 1420,
    "index": 39
  },
  {
    "name": "Load extend/helper.js",
    "start": 1572056584383,
    "end": 1572056584422,
    "duration": 39,
    "pid": 1420,
    "index": 40
  },
  {
    "name": "Require(33) node_modules/egg-security/app/extend/helper.js",
    "start": 1572056584384,
    "end": 1572056584410,
    "duration": 26,
    "pid": 1420,
    "index": 41
  },
  {
    "name": "Require(34) node_modules/egg/app/extend/helper.js",
    "start": 1572056584414,
    "end": 1572056584414,
    "duration": 0,
    "pid": 1420,
    "index": 42
  },
  {
    "name": "Load app.js",
    "start": 1572056584423,
    "end": 1572056584577,
    "duration": 154,
    "pid": 1420,
    "index": 43
  },
  {
    "name": "Require(35) node_modules/egg-session/app.js",
    "start": 1572056584424,
    "end": 1572056584424,
    "duration": 0,
    "pid": 1420,
    "index": 44
  },
  {
    "name": "Require(36) node_modules/egg-security/app.js",
    "start": 1572056584425,
    "end": 1572056584428,
    "duration": 3,
    "pid": 1420,
    "index": 45
  },
  {
    "name": "Require(37) node_modules/egg-onerror/app.js",
    "start": 1572056584430,
    "end": 1572056584473,
    "duration": 43,
    "pid": 1420,
    "index": 46
  },
  {
    "name": "Require(38) node_modules/egg-i18n/app.js",
    "start": 1572056584474,
    "end": 1572056584499,
    "duration": 25,
    "pid": 1420,
    "index": 47
  },
  {
    "name": "Require(39) node_modules/egg-watcher/app.js",
    "start": 1572056584499,
    "end": 1572056584506,
    "duration": 7,
    "pid": 1420,
    "index": 48
  },
  {
    "name": "Require(40) node_modules/egg-schedule/app.js",
    "start": 1572056584507,
    "end": 1572056584510,
    "duration": 3,
    "pid": 1420,
    "index": 49
  },
  {
    "name": "Require(41) node_modules/egg-multipart/app.js",
    "start": 1572056584511,
    "end": 1572056584518,
    "duration": 7,
    "pid": 1420,
    "index": 50
  },
  {
    "name": "Require(42) node_modules/egg-development/app.js",
    "start": 1572056584519,
    "end": 1572056584520,
    "duration": 1,
    "pid": 1420,
    "index": 51
  },
  {
    "name": "Require(43) node_modules/egg-logrotator/app.js",
    "start": 1572056584520,
    "end": 1572056584521,
    "duration": 1,
    "pid": 1420,
    "index": 52
  },
  {
    "name": "Require(44) node_modules/egg-static/app.js",
    "start": 1572056584523,
    "end": 1572056584537,
    "duration": 14,
    "pid": 1420,
    "index": 53
  },
  {
    "name": "Require(45) node_modules/egg-mysql/app.js",
    "start": 1572056584543,
    "end": 1572056584576,
    "duration": 33,
    "pid": 1420,
    "index": 54
  },
  {
    "name": "Before Start in node_modules/egg-watcher/lib/init.js:15:14",
    "start": 1572056584595,
    "end": 1572056585127,
    "duration": 532,
    "pid": 1420,
    "index": 55
  },
  {
    "name": "Before Start in node_modules/egg-mysql/lib/mysql.js:20:7",
    "start": 1572056584813,
    "end": 1572056585133,
    "duration": 320,
    "pid": 1420,
    "index": 56
  },
  {
    "name": "Load Service",
    "start": 1572056584814,
    "end": 1572056584834,
    "duration": 20,
    "pid": 1420,
    "index": 57
  },
  {
    "name": "Load \"service\" to Context",
    "start": 1572056584814,
    "end": 1572056584834,
    "duration": 20,
    "pid": 1420,
    "index": 58
  },
  {
    "name": "Load Middleware",
    "start": 1572056584834,
    "end": 1572056585016,
    "duration": 182,
    "pid": 1420,
    "index": 59
  },
  {
    "name": "Load \"middlewares\" to Application",
    "start": 1572056584834,
    "end": 1572056584995,
    "duration": 161,
    "pid": 1420,
    "index": 60
  },
  {
    "name": "Load Controller",
    "start": 1572056585016,
    "end": 1572056585065,
    "duration": 49,
    "pid": 1420,
    "index": 61
  },
  {
    "name": "Load \"controller\" to Application",
    "start": 1572056585016,
    "end": 1572056585065,
    "duration": 49,
    "pid": 1420,
    "index": 62
  },
  {
    "name": "Load Router",
    "start": 1572056585066,
    "end": 1572056585074,
    "duration": 8,
    "pid": 1420,
    "index": 63
  },
  {
    "name": "Require(46) app/router.js",
    "start": 1572056585066,
    "end": 1572056585067,
    "duration": 1,
    "pid": 1420,
    "index": 64
  },
  {
    "name": "Before Start in node_modules/egg-core/lib/egg.js:303:10",
    "start": 1572056585071,
    "end": 1572056585104,
    "duration": 33,
    "pid": 1420,
    "index": 65
  }
]