[
  {
    "name": "Application Start",
    "start": 1572056034572,
    "end": 1572056036034,
    "duration": 1462,
    "pid": 12448,
    "index": 0
  },
  {
    "name": "Load Plugin",
    "start": 1572056034584,
    "end": 1572056034652,
    "duration": 68,
    "pid": 12448,
    "index": 1
  },
  {
    "name": "Load Config",
    "start": 1572056034653,
    "end": 1572056034736,
    "duration": 83,
    "pid": 12448,
    "index": 2
  },
  {
    "name": "Require(0) config/config.default.js",
    "start": 1572056034660,
    "end": 1572056034661,
    "duration": 1,
    "pid": 12448,
    "index": 3
  },
  {
    "name": "Require(1) node_modules/egg-session/config/config.default.js",
    "start": 1572056034665,
    "end": 1572056034666,
    "duration": 1,
    "pid": 12448,
    "index": 4
  },
  {
    "name": "Require(2) node_modules/egg-security/config/config.default.js",
    "start": 1572056034667,
    "end": 1572056034668,
    "duration": 1,
    "pid": 12448,
    "index": 5
  },
  {
    "name": "Require(3) node_modules/egg-jsonp/config/config.default.js",
    "start": 1572056034669,
    "end": 1572056034670,
    "duration": 1,
    "pid": 12448,
    "index": 6
  },
  {
    "name": "Require(4) node_modules/egg-onerror/config/config.default.js",
    "start": 1572056034671,
    "end": 1572056034672,
    "duration": 1,
    "pid": 12448,
    "index": 7
  },
  {
    "name": "Require(5) node_modules/egg-i18n/config/config.default.js",
    "start": 1572056034673,
    "end": 1572056034674,
    "duration": 1,
    "pid": 12448,
    "index": 8
  },
  {
    "name": "Require(6) node_modules/egg-watcher/config/config.default.js",
    "start": 1572056034676,
    "end": 1572056034676,
    "duration": 0,
    "pid": 12448,
    "index": 9
  },
  {
    "name": "Require(7) node_modules/egg-schedule/config/config.default.js",
    "start": 1572056034677,
    "end": 1572056034678,
    "duration": 1,
    "pid": 12448,
    "index": 10
  },
  {
    "name": "Require(8) node_modules/egg-multipart/config/config.default.js",
    "start": 1572056034680,
    "end": 1572056034680,
    "duration": 0,
    "pid": 12448,
    "index": 11
  },
  {
    "name": "Require(9) node_modules/egg-development/config/config.default.js",
    "start": 1572056034683,
    "end": 1572056034685,
    "duration": 2,
    "pid": 12448,
    "index": 12
  },
  {
    "name": "Require(10) node_modules/egg-logrotator/config/config.default.js",
    "start": 1572056034686,
    "end": 1572056034690,
    "duration": 4,
    "pid": 12448,
    "index": 13
  },
  {
    "name": "Require(11) node_modules/egg-static/config/config.default.js",
    "start": 1572056034691,
    "end": 1572056034692,
    "duration": 1,
    "pid": 12448,
    "index": 14
  },
  {
    "name": "Require(12) node_modules/egg-view/config/config.default.js",
    "start": 1572056034693,
    "end": 1572056034694,
    "duration": 1,
    "pid": 12448,
    "index": 15
  },
  {
    "name": "Require(13) node_modules/egg-mysql/config/config.default.js",
    "start": 1572056034695,
    "end": 1572056034695,
    "duration": 0,
    "pid": 12448,
    "index": 16
  },
  {
    "name": "Require(14) node_modules/egg/config/config.default.js",
    "start": 1572056034696,
    "end": 1572056034697,
    "duration": 1,
    "pid": 12448,
    "index": 17
  },
  {
    "name": "Require(15) config/config.default.js",
    "start": 1572056034700,
    "end": 1572056034700,
    "duration": 0,
    "pid": 12448,
    "index": 18
  },
  {
    "name": "Require(16) node_modules/egg-security/config/config.local.js",
    "start": 1572056034712,
    "end": 1572056034716,
    "duration": 4,
    "pid": 12448,
    "index": 19
  },
  {
    "name": "Require(17) node_modules/egg-watcher/config/config.local.js",
    "start": 1572056034730,
    "end": 1572056034730,
    "duration": 0,
    "pid": 12448,
    "index": 20
  },
  {
    "name": "Require(18) node_modules/egg-view/config/config.local.js",
    "start": 1572056034734,
    "end": 1572056034734,
    "duration": 0,
    "pid": 12448,
    "index": 21
  },
  {
    "name": "Require(19) node_modules/egg/config/config.local.js",
    "start": 1572056034735,
    "end": 1572056034736,
    "duration": 1,
    "pid": 12448,
    "index": 22
  },
  {
    "name": "Load extend/application.js",
    "start": 1572056034739,
    "end": 1572056034770,
    "duration": 31,
    "pid": 12448,
    "index": 23
  },
  {
    "name": "Require(20) node_modules/egg-session/app/extend/application.js",
    "start": 1572056034740,
    "end": 1572056034741,
    "duration": 1,
    "pid": 12448,
    "index": 24
  },
  {
    "name": "Require(21) node_modules/egg-security/app/extend/application.js",
    "start": 1572056034742,
    "end": 1572056034744,
    "duration": 2,
    "pid": 12448,
    "index": 25
  },
  {
    "name": "Require(22) node_modules/egg-jsonp/app/extend/application.js",
    "start": 1572056034745,
    "end": 1572056034748,
    "duration": 3,
    "pid": 12448,
    "index": 26
  },
  {
    "name": "Require(23) node_modules/egg-logrotator/app/extend/application.js",
    "start": 1572056034750,
    "end": 1572056034756,
    "duration": 6,
    "pid": 12448,
    "index": 27
  },
  {
    "name": "Require(24) node_modules/egg-view/app/extend/application.js",
    "start": 1572056034757,
    "end": 1572056034760,
    "duration": 3,
    "pid": 12448,
    "index": 28
  },
  {
    "name": "Load extend/request.js",
    "start": 1572056034770,
    "end": 1572056034787,
    "duration": 17,
    "pid": 12448,
    "index": 29
  },
  {
    "name": "Require(25) node_modules/egg/app/extend/request.js",
    "start": 1572056034776,
    "end": 1572056034780,
    "duration": 4,
    "pid": 12448,
    "index": 30
  },
  {
    "name": "Load extend/response.js",
    "start": 1572056034787,
    "end": 1572056034810,
    "duration": 23,
    "pid": 12448,
    "index": 31
  },
  {
    "name": "Require(26) node_modules/egg/app/extend/response.js",
    "start": 1572056034793,
    "end": 1572056034797,
    "duration": 4,
    "pid": 12448,
    "index": 32
  },
  {
    "name": "Load extend/context.js",
    "start": 1572056034810,
    "end": 1572056034963,
    "duration": 153,
    "pid": 12448,
    "index": 33
  },
  {
    "name": "Require(27) node_modules/egg-security/app/extend/context.js",
    "start": 1572056034812,
    "end": 1572056034840,
    "duration": 28,
    "pid": 12448,
    "index": 34
  },
  {
    "name": "Require(28) node_modules/egg-jsonp/app/extend/context.js",
    "start": 1572056034841,
    "end": 1572056034844,
    "duration": 3,
    "pid": 12448,
    "index": 35
  },
  {
    "name": "Require(29) node_modules/egg-i18n/app/extend/context.js",
    "start": 1572056034845,
    "end": 1572056034846,
    "duration": 1,
    "pid": 12448,
    "index": 36
  },
  {
    "name": "Require(30) node_modules/egg-multipart/app/extend/context.js",
    "start": 1572056034847,
    "end": 1572056034948,
    "duration": 101,
    "pid": 12448,
    "index": 37
  },
  {
    "name": "Require(31) node_modules/egg-view/app/extend/context.js",
    "start": 1572056034949,
    "end": 1572056034951,
    "duration": 2,
    "pid": 12448,
    "index": 38
  },
  {
    "name": "Require(32) node_modules/egg/app/extend/context.js",
    "start": 1572056034952,
    "end": 1572056034956,
    "duration": 4,
    "pid": 12448,
    "index": 39
  },
  {
    "name": "Load extend/helper.js",
    "start": 1572056034963,
    "end": 1572056035092,
    "duration": 129,
    "pid": 12448,
    "index": 40
  },
  {
    "name": "Require(33) node_modules/egg-security/app/extend/helper.js",
    "start": 1572056034966,
    "end": 1572056035049,
    "duration": 83,
    "pid": 12448,
    "index": 41
  },
  {
    "name": "Require(34) node_modules/egg/app/extend/helper.js",
    "start": 1572056035063,
    "end": 1572056035064,
    "duration": 1,
    "pid": 12448,
    "index": 42
  },
  {
    "name": "Load app.js",
    "start": 1572056035093,
    "end": 1572056035390,
    "duration": 297,
    "pid": 12448,
    "index": 43
  },
  {
    "name": "Require(35) node_modules/egg-session/app.js",
    "start": 1572056035094,
    "end": 1572056035096,
    "duration": 2,
    "pid": 12448,
    "index": 44
  },
  {
    "name": "Require(36) node_modules/egg-security/app.js",
    "start": 1572056035100,
    "end": 1572056035104,
    "duration": 4,
    "pid": 12448,
    "index": 45
  },
  {
    "name": "Require(37) node_modules/egg-onerror/app.js",
    "start": 1572056035106,
    "end": 1572056035132,
    "duration": 26,
    "pid": 12448,
    "index": 46
  },
  {
    "name": "Require(38) node_modules/egg-i18n/app.js",
    "start": 1572056035133,
    "end": 1572056035287,
    "duration": 154,
    "pid": 12448,
    "index": 47
  },
  {
    "name": "Require(39) node_modules/egg-watcher/app.js",
    "start": 1572056035288,
    "end": 1572056035296,
    "duration": 8,
    "pid": 12448,
    "index": 48
  },
  {
    "name": "Require(40) node_modules/egg-schedule/app.js",
    "start": 1572056035297,
    "end": 1572056035307,
    "duration": 10,
    "pid": 12448,
    "index": 49
  },
  {
    "name": "Require(41) node_modules/egg-multipart/app.js",
    "start": 1572056035308,
    "end": 1572056035313,
    "duration": 5,
    "pid": 12448,
    "index": 50
  },
  {
    "name": "Require(42) node_modules/egg-development/app.js",
    "start": 1572056035314,
    "end": 1572056035315,
    "duration": 1,
    "pid": 12448,
    "index": 51
  },
  {
    "name": "Require(43) node_modules/egg-logrotator/app.js",
    "start": 1572056035315,
    "end": 1572056035316,
    "duration": 1,
    "pid": 12448,
    "index": 52
  },
  {
    "name": "Require(44) node_modules/egg-static/app.js",
    "start": 1572056035317,
    "end": 1572056035317,
    "duration": 0,
    "pid": 12448,
    "index": 53
  },
  {
    "name": "Require(45) node_modules/egg-mysql/app.js",
    "start": 1572056035319,
    "end": 1572056035387,
    "duration": 68,
    "pid": 12448,
    "index": 54
  },
  {
    "name": "Before Start in node_modules/egg-watcher/lib/init.js:15:14",
    "start": 1572056035449,
    "end": 1572056036029,
    "duration": 580,
    "pid": 12448,
    "index": 55
  },
  {
    "name": "Before Start in node_modules/egg-mysql/lib/mysql.js:20:7",
    "start": 1572056035716,
    "end": 1572056036034,
    "duration": 318,
    "pid": 12448,
    "index": 56
  },
  {
    "name": "Load Service",
    "start": 1572056035716,
    "end": 1572056035733,
    "duration": 17,
    "pid": 12448,
    "index": 57
  },
  {
    "name": "Load \"service\" to Context",
    "start": 1572056035716,
    "end": 1572056035733,
    "duration": 17,
    "pid": 12448,
    "index": 58
  },
  {
    "name": "Load Middleware",
    "start": 1572056035733,
    "end": 1572056035915,
    "duration": 182,
    "pid": 12448,
    "index": 59
  },
  {
    "name": "Load \"middlewares\" to Application",
    "start": 1572056035733,
    "end": 1572056035889,
    "duration": 156,
    "pid": 12448,
    "index": 60
  },
  {
    "name": "Load Controller",
    "start": 1572056035915,
    "end": 1572056035976,
    "duration": 61,
    "pid": 12448,
    "index": 61
  },
  {
    "name": "Load \"controller\" to Application",
    "start": 1572056035915,
    "end": 1572056035976,
    "duration": 61,
    "pid": 12448,
    "index": 62
  },
  {
    "name": "Load Router",
    "start": 1572056035976,
    "end": 1572056035989,
    "duration": 13,
    "pid": 12448,
    "index": 63
  },
  {
    "name": "Require(46) app/router.js",
    "start": 1572056035986,
    "end": 1572056035987,
    "duration": 1,
    "pid": 12448,
    "index": 64
  },
  {
    "name": "Before Start in node_modules/egg-core/lib/egg.js:303:10",
    "start": 1572056035987,
    "end": 1572056036011,
    "duration": 24,
    "pid": 12448,
    "index": 65
  }
]