[
  {
    "name": "Application Start",
    "start": 1572054940368,
    "end": 1572054941585,
    "duration": 1217,
    "pid": 4764,
    "index": 0
  },
  {
    "name": "Load Plugin",
    "start": 1572054940377,
    "end": 1572054940406,
    "duration": 29,
    "pid": 4764,
    "index": 1
  },
  {
    "name": "Load Config",
    "start": 1572054940406,
    "end": 1572054940459,
    "duration": 53,
    "pid": 4764,
    "index": 2
  },
  {
    "name": "Require(0) config/config.default.js",
    "start": 1572054940407,
    "end": 1572054940408,
    "duration": 1,
    "pid": 4764,
    "index": 3
  },
  {
    "name": "Require(1) node_modules/egg-session/config/config.default.js",
    "start": 1572054940414,
    "end": 1572054940414,
    "duration": 0,
    "pid": 4764,
    "index": 4
  },
  {
    "name": "Require(2) node_modules/egg-security/config/config.default.js",
    "start": 1572054940415,
    "end": 1572054940416,
    "duration": 1,
    "pid": 4764,
    "index": 5
  },
  {
    "name": "Require(3) node_modules/egg-jsonp/config/config.default.js",
    "start": 1572054940417,
    "end": 1572054940418,
    "duration": 1,
    "pid": 4764,
    "index": 6
  },
  {
    "name": "Require(4) node_modules/egg-onerror/config/config.default.js",
    "start": 1572054940419,
    "end": 1572054940419,
    "duration": 0,
    "pid": 4764,
    "index": 7
  },
  {
    "name": "Require(5) node_modules/egg-i18n/config/config.default.js",
    "start": 1572054940421,
    "end": 1572054940421,
    "duration": 0,
    "pid": 4764,
    "index": 8
  },
  {
    "name": "Require(6) node_modules/egg-watcher/config/config.default.js",
    "start": 1572054940427,
    "end": 1572054940428,
    "duration": 1,
    "pid": 4764,
    "index": 9
  },
  {
    "name": "Require(7) node_modules/egg-schedule/config/config.default.js",
    "start": 1572054940429,
    "end": 1572054940429,
    "duration": 0,
    "pid": 4764,
    "index": 10
  },
  {
    "name": "Require(8) node_modules/egg-multipart/config/config.default.js",
    "start": 1572054940430,
    "end": 1572054940431,
    "duration": 1,
    "pid": 4764,
    "index": 11
  },
  {
    "name": "Require(9) node_modules/egg-development/config/config.default.js",
    "start": 1572054940436,
    "end": 1572054940437,
    "duration": 1,
    "pid": 4764,
    "index": 12
  },
  {
    "name": "Require(10) node_modules/egg-logrotator/config/config.default.js",
    "start": 1572054940438,
    "end": 1572054940442,
    "duration": 4,
    "pid": 4764,
    "index": 13
  },
  {
    "name": "Require(11) node_modules/egg-static/config/config.default.js",
    "start": 1572054940443,
    "end": 1572054940443,
    "duration": 0,
    "pid": 4764,
    "index": 14
  },
  {
    "name": "Require(12) node_modules/egg-view/config/config.default.js",
    "start": 1572054940444,
    "end": 1572054940444,
    "duration": 0,
    "pid": 4764,
    "index": 15
  },
  {
    "name": "Require(13) node_modules/egg-mysql/config/config.default.js",
    "start": 1572054940445,
    "end": 1572054940446,
    "duration": 1,
    "pid": 4764,
    "index": 16
  },
  {
    "name": "Require(14) node_modules/egg/config/config.default.js",
    "start": 1572054940447,
    "end": 1572054940448,
    "duration": 1,
    "pid": 4764,
    "index": 17
  },
  {
    "name": "Require(15) config/config.default.js",
    "start": 1572054940450,
    "end": 1572054940450,
    "duration": 0,
    "pid": 4764,
    "index": 18
  },
  {
    "name": "Require(16) node_modules/egg-security/config/config.local.js",
    "start": 1572054940452,
    "end": 1572054940452,
    "duration": 0,
    "pid": 4764,
    "index": 19
  },
  {
    "name": "Require(17) node_modules/egg-watcher/config/config.local.js",
    "start": 1572054940454,
    "end": 1572054940455,
    "duration": 1,
    "pid": 4764,
    "index": 20
  },
  {
    "name": "Require(18) node_modules/egg-view/config/config.local.js",
    "start": 1572054940457,
    "end": 1572054940458,
    "duration": 1,
    "pid": 4764,
    "index": 21
  },
  {
    "name": "Require(19) node_modules/egg/config/config.local.js",
    "start": 1572054940458,
    "end": 1572054940459,
    "duration": 1,
    "pid": 4764,
    "index": 22
  },
  {
    "name": "Load extend/application.js",
    "start": 1572054940461,
    "end": 1572054940480,
    "duration": 19,
    "pid": 4764,
    "index": 23
  },
  {
    "name": "Require(20) node_modules/egg-session/app/extend/application.js",
    "start": 1572054940462,
    "end": 1572054940462,
    "duration": 0,
    "pid": 4764,
    "index": 24
  },
  {
    "name": "Require(21) node_modules/egg-security/app/extend/application.js",
    "start": 1572054940463,
    "end": 1572054940465,
    "duration": 2,
    "pid": 4764,
    "index": 25
  },
  {
    "name": "Require(22) node_modules/egg-jsonp/app/extend/application.js",
    "start": 1572054940466,
    "end": 1572054940468,
    "duration": 2,
    "pid": 4764,
    "index": 26
  },
  {
    "name": "Require(23) node_modules/egg-logrotator/app/extend/application.js",
    "start": 1572054940470,
    "end": 1572054940473,
    "duration": 3,
    "pid": 4764,
    "index": 27
  },
  {
    "name": "Require(24) node_modules/egg-view/app/extend/application.js",
    "start": 1572054940474,
    "end": 1572054940476,
    "duration": 2,
    "pid": 4764,
    "index": 28
  },
  {
    "name": "Load extend/request.js",
    "start": 1572054940480,
    "end": 1572054940489,
    "duration": 9,
    "pid": 4764,
    "index": 29
  },
  {
    "name": "Require(25) node_modules/egg/app/extend/request.js",
    "start": 1572054940484,
    "end": 1572054940486,
    "duration": 2,
    "pid": 4764,
    "index": 30
  },
  {
    "name": "Load extend/response.js",
    "start": 1572054940489,
    "end": 1572054940507,
    "duration": 18,
    "pid": 4764,
    "index": 31
  },
  {
    "name": "Require(26) node_modules/egg/app/extend/response.js",
    "start": 1572054940493,
    "end": 1572054940495,
    "duration": 2,
    "pid": 4764,
    "index": 32
  },
  {
    "name": "Load extend/context.js",
    "start": 1572054940507,
    "end": 1572054940732,
    "duration": 225,
    "pid": 4764,
    "index": 33
  },
  {
    "name": "Require(27) node_modules/egg-security/app/extend/context.js",
    "start": 1572054940508,
    "end": 1572054940544,
    "duration": 36,
    "pid": 4764,
    "index": 34
  },
  {
    "name": "Require(28) node_modules/egg-jsonp/app/extend/context.js",
    "start": 1572054940545,
    "end": 1572054940547,
    "duration": 2,
    "pid": 4764,
    "index": 35
  },
  {
    "name": "Require(29) node_modules/egg-i18n/app/extend/context.js",
    "start": 1572054940549,
    "end": 1572054940549,
    "duration": 0,
    "pid": 4764,
    "index": 36
  },
  {
    "name": "Require(30) node_modules/egg-multipart/app/extend/context.js",
    "start": 1572054940551,
    "end": 1572054940696,
    "duration": 145,
    "pid": 4764,
    "index": 37
  },
  {
    "name": "Require(31) node_modules/egg-view/app/extend/context.js",
    "start": 1572054940698,
    "end": 1572054940705,
    "duration": 7,
    "pid": 4764,
    "index": 38
  },
  {
    "name": "Require(32) node_modules/egg/app/extend/context.js",
    "start": 1572054940706,
    "end": 1572054940712,
    "duration": 6,
    "pid": 4764,
    "index": 39
  },
  {
    "name": "Load extend/helper.js",
    "start": 1572054940732,
    "end": 1572054940791,
    "duration": 59,
    "pid": 4764,
    "index": 40
  },
  {
    "name": "Require(33) node_modules/egg-security/app/extend/helper.js",
    "start": 1572054940733,
    "end": 1572054940779,
    "duration": 46,
    "pid": 4764,
    "index": 41
  },
  {
    "name": "Require(34) node_modules/egg/app/extend/helper.js",
    "start": 1572054940783,
    "end": 1572054940784,
    "duration": 1,
    "pid": 4764,
    "index": 42
  },
  {
    "name": "Load app.js",
    "start": 1572054940792,
    "end": 1572054940973,
    "duration": 181,
    "pid": 4764,
    "index": 43
  },
  {
    "name": "Require(35) node_modules/egg-session/app.js",
    "start": 1572054940793,
    "end": 1572054940793,
    "duration": 0,
    "pid": 4764,
    "index": 44
  },
  {
    "name": "Require(36) node_modules/egg-security/app.js",
    "start": 1572054940794,
    "end": 1572054940803,
    "duration": 9,
    "pid": 4764,
    "index": 45
  },
  {
    "name": "Require(37) node_modules/egg-onerror/app.js",
    "start": 1572054940805,
    "end": 1572054940828,
    "duration": 23,
    "pid": 4764,
    "index": 46
  },
  {
    "name": "Require(38) node_modules/egg-i18n/app.js",
    "start": 1572054940828,
    "end": 1572054940853,
    "duration": 25,
    "pid": 4764,
    "index": 47
  },
  {
    "name": "Require(39) node_modules/egg-watcher/app.js",
    "start": 1572054940853,
    "end": 1572054940859,
    "duration": 6,
    "pid": 4764,
    "index": 48
  },
  {
    "name": "Require(40) node_modules/egg-schedule/app.js",
    "start": 1572054940860,
    "end": 1572054940864,
    "duration": 4,
    "pid": 4764,
    "index": 49
  },
  {
    "name": "Require(41) node_modules/egg-multipart/app.js",
    "start": 1572054940866,
    "end": 1572054940873,
    "duration": 7,
    "pid": 4764,
    "index": 50
  },
  {
    "name": "Require(42) node_modules/egg-development/app.js",
    "start": 1572054940873,
    "end": 1572054940888,
    "duration": 15,
    "pid": 4764,
    "index": 51
  },
  {
    "name": "Require(43) node_modules/egg-logrotator/app.js",
    "start": 1572054940893,
    "end": 1572054940893,
    "duration": 0,
    "pid": 4764,
    "index": 52
  },
  {
    "name": "Require(44) node_modules/egg-static/app.js",
    "start": 1572054940894,
    "end": 1572054940895,
    "duration": 1,
    "pid": 4764,
    "index": 53
  },
  {
    "name": "Require(45) node_modules/egg-mysql/app.js",
    "start": 1572054940897,
    "end": 1572054940966,
    "duration": 69,
    "pid": 4764,
    "index": 54
  },
  {
    "name": "Before Start in node_modules/egg-watcher/lib/init.js:15:14",
    "start": 1572054941019,
    "end": 1572054941580,
    "duration": 561,
    "pid": 4764,
    "index": 55
  },
  {
    "name": "Before Start in node_modules/egg-mysql/lib/mysql.js:20:7",
    "start": 1572054941255,
    "end": 1572054941584,
    "duration": 329,
    "pid": 4764,
    "index": 56
  },
  {
    "name": "Load Service",
    "start": 1572054941256,
    "end": 1572054941272,
    "duration": 16,
    "pid": 4764,
    "index": 57
  },
  {
    "name": "Load \"service\" to Context",
    "start": 1572054941257,
    "end": 1572054941272,
    "duration": 15,
    "pid": 4764,
    "index": 58
  },
  {
    "name": "Load Middleware",
    "start": 1572054941272,
    "end": 1572054941460,
    "duration": 188,
    "pid": 4764,
    "index": 59
  },
  {
    "name": "Load \"middlewares\" to Application",
    "start": 1572054941272,
    "end": 1572054941441,
    "duration": 169,
    "pid": 4764,
    "index": 60
  },
  {
    "name": "Load Controller",
    "start": 1572054941460,
    "end": 1572054941535,
    "duration": 75,
    "pid": 4764,
    "index": 61
  },
  {
    "name": "Load \"controller\" to Application",
    "start": 1572054941460,
    "end": 1572054941535,
    "duration": 75,
    "pid": 4764,
    "index": 62
  },
  {
    "name": "Load Router",
    "start": 1572054941535,
    "end": 1572054941539,
    "duration": 4,
    "pid": 4764,
    "index": 63
  },
  {
    "name": "Require(46) app/router.js",
    "start": 1572054941537,
    "end": 1572054941537,
    "duration": 0,
    "pid": 4764,
    "index": 64
  },
  {
    "name": "Before Start in node_modules/egg-core/lib/egg.js:303:10",
    "start": 1572054941538,
    "end": 1572054941560,
    "duration": 22,
    "pid": 4764,
    "index": 65
  }
]