[
  {
    "name": "Application Start",
    "start": 1572055307044,
    "end": 1572055308163,
    "duration": 1119,
    "pid": 7272,
    "index": 0
  },
  {
    "name": "Load Plugin",
    "start": 1572055307055,
    "end": 1572055307127,
    "duration": 72,
    "pid": 7272,
    "index": 1
  },
  {
    "name": "Load Config",
    "start": 1572055307127,
    "end": 1572055307183,
    "duration": 56,
    "pid": 7272,
    "index": 2
  },
  {
    "name": "Require(0) config/config.default.js",
    "start": 1572055307129,
    "end": 1572055307132,
    "duration": 3,
    "pid": 7272,
    "index": 3
  },
  {
    "name": "Require(1) node_modules/egg-session/config/config.default.js",
    "start": 1572055307135,
    "end": 1572055307136,
    "duration": 1,
    "pid": 7272,
    "index": 4
  },
  {
    "name": "Require(2) node_modules/egg-security/config/config.default.js",
    "start": 1572055307137,
    "end": 1572055307137,
    "duration": 0,
    "pid": 7272,
    "index": 5
  },
  {
    "name": "Require(3) node_modules/egg-jsonp/config/config.default.js",
    "start": 1572055307139,
    "end": 1572055307139,
    "duration": 0,
    "pid": 7272,
    "index": 6
  },
  {
    "name": "Require(4) node_modules/egg-onerror/config/config.default.js",
    "start": 1572055307140,
    "end": 1572055307141,
    "duration": 1,
    "pid": 7272,
    "index": 7
  },
  {
    "name": "Require(5) node_modules/egg-i18n/config/config.default.js",
    "start": 1572055307142,
    "end": 1572055307142,
    "duration": 0,
    "pid": 7272,
    "index": 8
  },
  {
    "name": "Require(6) node_modules/egg-watcher/config/config.default.js",
    "start": 1572055307144,
    "end": 1572055307144,
    "duration": 0,
    "pid": 7272,
    "index": 9
  },
  {
    "name": "Require(7) node_modules/egg-schedule/config/config.default.js",
    "start": 1572055307145,
    "end": 1572055307146,
    "duration": 1,
    "pid": 7272,
    "index": 10
  },
  {
    "name": "Require(8) node_modules/egg-multipart/config/config.default.js",
    "start": 1572055307147,
    "end": 1572055307148,
    "duration": 1,
    "pid": 7272,
    "index": 11
  },
  {
    "name": "Require(9) node_modules/egg-development/config/config.default.js",
    "start": 1572055307152,
    "end": 1572055307153,
    "duration": 1,
    "pid": 7272,
    "index": 12
  },
  {
    "name": "Require(10) node_modules/egg-logrotator/config/config.default.js",
    "start": 1572055307156,
    "end": 1572055307160,
    "duration": 4,
    "pid": 7272,
    "index": 13
  },
  {
    "name": "Require(11) node_modules/egg-static/config/config.default.js",
    "start": 1572055307162,
    "end": 1572055307162,
    "duration": 0,
    "pid": 7272,
    "index": 14
  },
  {
    "name": "Require(12) node_modules/egg-view/config/config.default.js",
    "start": 1572055307163,
    "end": 1572055307163,
    "duration": 0,
    "pid": 7272,
    "index": 15
  },
  {
    "name": "Require(13) node_modules/egg-mysql/config/config.default.js",
    "start": 1572055307164,
    "end": 1572055307164,
    "duration": 0,
    "pid": 7272,
    "index": 16
  },
  {
    "name": "Require(14) node_modules/egg/config/config.default.js",
    "start": 1572055307165,
    "end": 1572055307166,
    "duration": 1,
    "pid": 7272,
    "index": 17
  },
  {
    "name": "Require(15) config/config.default.js",
    "start": 1572055307167,
    "end": 1572055307167,
    "duration": 0,
    "pid": 7272,
    "index": 18
  },
  {
    "name": "Require(16) node_modules/egg-security/config/config.local.js",
    "start": 1572055307169,
    "end": 1572055307170,
    "duration": 1,
    "pid": 7272,
    "index": 19
  },
  {
    "name": "Require(17) node_modules/egg-watcher/config/config.local.js",
    "start": 1572055307174,
    "end": 1572055307175,
    "duration": 1,
    "pid": 7272,
    "index": 20
  },
  {
    "name": "Require(18) node_modules/egg-view/config/config.local.js",
    "start": 1572055307181,
    "end": 1572055307181,
    "duration": 0,
    "pid": 7272,
    "index": 21
  },
  {
    "name": "Require(19) node_modules/egg/config/config.local.js",
    "start": 1572055307182,
    "end": 1572055307183,
    "duration": 1,
    "pid": 7272,
    "index": 22
  },
  {
    "name": "Load extend/application.js",
    "start": 1572055307192,
    "end": 1572055307253,
    "duration": 61,
    "pid": 7272,
    "index": 23
  },
  {
    "name": "Require(20) node_modules/egg-session/app/extend/application.js",
    "start": 1572055307193,
    "end": 1572055307194,
    "duration": 1,
    "pid": 7272,
    "index": 24
  },
  {
    "name": "Require(21) node_modules/egg-security/app/extend/application.js",
    "start": 1572055307195,
    "end": 1572055307197,
    "duration": 2,
    "pid": 7272,
    "index": 25
  },
  {
    "name": "Require(22) node_modules/egg-jsonp/app/extend/application.js",
    "start": 1572055307198,
    "end": 1572055307226,
    "duration": 28,
    "pid": 7272,
    "index": 26
  },
  {
    "name": "Require(23) node_modules/egg-logrotator/app/extend/application.js",
    "start": 1572055307229,
    "end": 1572055307239,
    "duration": 10,
    "pid": 7272,
    "index": 27
  },
  {
    "name": "Require(24) node_modules/egg-view/app/extend/application.js",
    "start": 1572055307242,
    "end": 1572055307245,
    "duration": 3,
    "pid": 7272,
    "index": 28
  },
  {
    "name": "Load extend/request.js",
    "start": 1572055307253,
    "end": 1572055307265,
    "duration": 12,
    "pid": 7272,
    "index": 29
  },
  {
    "name": "Require(25) node_modules/egg/app/extend/request.js",
    "start": 1572055307259,
    "end": 1572055307261,
    "duration": 2,
    "pid": 7272,
    "index": 30
  },
  {
    "name": "Load extend/response.js",
    "start": 1572055307265,
    "end": 1572055307279,
    "duration": 14,
    "pid": 7272,
    "index": 31
  },
  {
    "name": "Require(26) node_modules/egg/app/extend/response.js",
    "start": 1572055307269,
    "end": 1572055307271,
    "duration": 2,
    "pid": 7272,
    "index": 32
  },
  {
    "name": "Load extend/context.js",
    "start": 1572055307279,
    "end": 1572055307423,
    "duration": 144,
    "pid": 7272,
    "index": 33
  },
  {
    "name": "Require(27) node_modules/egg-security/app/extend/context.js",
    "start": 1572055307281,
    "end": 1572055307309,
    "duration": 28,
    "pid": 7272,
    "index": 34
  },
  {
    "name": "Require(28) node_modules/egg-jsonp/app/extend/context.js",
    "start": 1572055307311,
    "end": 1572055307315,
    "duration": 4,
    "pid": 7272,
    "index": 35
  },
  {
    "name": "Require(29) node_modules/egg-i18n/app/extend/context.js",
    "start": 1572055307315,
    "end": 1572055307316,
    "duration": 1,
    "pid": 7272,
    "index": 36
  },
  {
    "name": "Require(30) node_modules/egg-multipart/app/extend/context.js",
    "start": 1572055307317,
    "end": 1572055307413,
    "duration": 96,
    "pid": 7272,
    "index": 37
  },
  {
    "name": "Require(31) node_modules/egg-view/app/extend/context.js",
    "start": 1572055307414,
    "end": 1572055307416,
    "duration": 2,
    "pid": 7272,
    "index": 38
  },
  {
    "name": "Require(32) node_modules/egg/app/extend/context.js",
    "start": 1572055307416,
    "end": 1572055307419,
    "duration": 3,
    "pid": 7272,
    "index": 39
  },
  {
    "name": "Load extend/helper.js",
    "start": 1572055307423,
    "end": 1572055307466,
    "duration": 43,
    "pid": 7272,
    "index": 40
  },
  {
    "name": "Require(33) node_modules/egg-security/app/extend/helper.js",
    "start": 1572055307424,
    "end": 1572055307452,
    "duration": 28,
    "pid": 7272,
    "index": 41
  },
  {
    "name": "Require(34) node_modules/egg/app/extend/helper.js",
    "start": 1572055307459,
    "end": 1572055307460,
    "duration": 1,
    "pid": 7272,
    "index": 42
  },
  {
    "name": "Load app.js",
    "start": 1572055307466,
    "end": 1572055307608,
    "duration": 142,
    "pid": 7272,
    "index": 43
  },
  {
    "name": "Require(35) node_modules/egg-session/app.js",
    "start": 1572055307467,
    "end": 1572055307468,
    "duration": 1,
    "pid": 7272,
    "index": 44
  },
  {
    "name": "Require(36) node_modules/egg-security/app.js",
    "start": 1572055307468,
    "end": 1572055307483,
    "duration": 15,
    "pid": 7272,
    "index": 45
  },
  {
    "name": "Require(37) node_modules/egg-onerror/app.js",
    "start": 1572055307485,
    "end": 1572055307509,
    "duration": 24,
    "pid": 7272,
    "index": 46
  },
  {
    "name": "Require(38) node_modules/egg-i18n/app.js",
    "start": 1572055307509,
    "end": 1572055307534,
    "duration": 25,
    "pid": 7272,
    "index": 47
  },
  {
    "name": "Require(39) node_modules/egg-watcher/app.js",
    "start": 1572055307535,
    "end": 1572055307541,
    "duration": 6,
    "pid": 7272,
    "index": 48
  },
  {
    "name": "Require(40) node_modules/egg-schedule/app.js",
    "start": 1572055307542,
    "end": 1572055307545,
    "duration": 3,
    "pid": 7272,
    "index": 49
  },
  {
    "name": "Require(41) node_modules/egg-multipart/app.js",
    "start": 1572055307545,
    "end": 1572055307552,
    "duration": 7,
    "pid": 7272,
    "index": 50
  },
  {
    "name": "Require(42) node_modules/egg-development/app.js",
    "start": 1572055307553,
    "end": 1572055307554,
    "duration": 1,
    "pid": 7272,
    "index": 51
  },
  {
    "name": "Require(43) node_modules/egg-logrotator/app.js",
    "start": 1572055307554,
    "end": 1572055307555,
    "duration": 1,
    "pid": 7272,
    "index": 52
  },
  {
    "name": "Require(44) node_modules/egg-static/app.js",
    "start": 1572055307556,
    "end": 1572055307556,
    "duration": 0,
    "pid": 7272,
    "index": 53
  },
  {
    "name": "Require(45) node_modules/egg-mysql/app.js",
    "start": 1572055307558,
    "end": 1572055307606,
    "duration": 48,
    "pid": 7272,
    "index": 54
  },
  {
    "name": "Before Start in node_modules/egg-watcher/lib/init.js:15:14",
    "start": 1572055307628,
    "end": 1572055308157,
    "duration": 529,
    "pid": 7272,
    "index": 55
  },
  {
    "name": "Before Start in node_modules/egg-mysql/lib/mysql.js:20:7",
    "start": 1572055307837,
    "end": 1572055308162,
    "duration": 325,
    "pid": 7272,
    "index": 56
  },
  {
    "name": "Load Service",
    "start": 1572055307837,
    "end": 1572055307859,
    "duration": 22,
    "pid": 7272,
    "index": 57
  },
  {
    "name": "Load \"service\" to Context",
    "start": 1572055307837,
    "end": 1572055307859,
    "duration": 22,
    "pid": 7272,
    "index": 58
  },
  {
    "name": "Load Middleware",
    "start": 1572055307860,
    "end": 1572055308045,
    "duration": 185,
    "pid": 7272,
    "index": 59
  },
  {
    "name": "Load \"middlewares\" to Application",
    "start": 1572055307861,
    "end": 1572055308021,
    "duration": 160,
    "pid": 7272,
    "index": 60
  },
  {
    "name": "Load Controller",
    "start": 1572055308045,
    "end": 1572055308100,
    "duration": 55,
    "pid": 7272,
    "index": 61
  },
  {
    "name": "Load \"controller\" to Application",
    "start": 1572055308045,
    "end": 1572055308100,
    "duration": 55,
    "pid": 7272,
    "index": 62
  },
  {
    "name": "Load Router",
    "start": 1572055308100,
    "end": 1572055308103,
    "duration": 3,
    "pid": 7272,
    "index": 63
  },
  {
    "name": "Require(46) app/router.js",
    "start": 1572055308101,
    "end": 1572055308101,
    "duration": 0,
    "pid": 7272,
    "index": 64
  },
  {
    "name": "Before Start in node_modules/egg-core/lib/egg.js:303:10",
    "start": 1572055308102,
    "end": 1572055308139,
    "duration": 37,
    "pid": 7272,
    "index": 65
  }
]