[
  {
    "name": "Application Start",
    "start": 1572055331192,
    "end": 1572055332387,
    "duration": 1195,
    "pid": 4796,
    "index": 0
  },
  {
    "name": "Load Plugin",
    "start": 1572055331208,
    "end": 1572055331295,
    "duration": 87,
    "pid": 4796,
    "index": 1
  },
  {
    "name": "Load Config",
    "start": 1572055331295,
    "end": 1572055331356,
    "duration": 61,
    "pid": 4796,
    "index": 2
  },
  {
    "name": "Require(0) config/config.default.js",
    "start": 1572055331297,
    "end": 1572055331297,
    "duration": 0,
    "pid": 4796,
    "index": 3
  },
  {
    "name": "Require(1) node_modules/egg-session/config/config.default.js",
    "start": 1572055331301,
    "end": 1572055331301,
    "duration": 0,
    "pid": 4796,
    "index": 4
  },
  {
    "name": "Require(2) node_modules/egg-security/config/config.default.js",
    "start": 1572055331302,
    "end": 1572055331302,
    "duration": 0,
    "pid": 4796,
    "index": 5
  },
  {
    "name": "Require(3) node_modules/egg-jsonp/config/config.default.js",
    "start": 1572055331303,
    "end": 1572055331304,
    "duration": 1,
    "pid": 4796,
    "index": 6
  },
  {
    "name": "Require(4) node_modules/egg-onerror/config/config.default.js",
    "start": 1572055331305,
    "end": 1572055331305,
    "duration": 0,
    "pid": 4796,
    "index": 7
  },
  {
    "name": "Require(5) node_modules/egg-i18n/config/config.default.js",
    "start": 1572055331306,
    "end": 1572055331306,
    "duration": 0,
    "pid": 4796,
    "index": 8
  },
  {
    "name": "Require(6) node_modules/egg-watcher/config/config.default.js",
    "start": 1572055331311,
    "end": 1572055331311,
    "duration": 0,
    "pid": 4796,
    "index": 9
  },
  {
    "name": "Require(7) node_modules/egg-schedule/config/config.default.js",
    "start": 1572055331312,
    "end": 1572055331313,
    "duration": 1,
    "pid": 4796,
    "index": 10
  },
  {
    "name": "Require(8) node_modules/egg-multipart/config/config.default.js",
    "start": 1572055331314,
    "end": 1572055331314,
    "duration": 0,
    "pid": 4796,
    "index": 11
  },
  {
    "name": "Require(9) node_modules/egg-development/config/config.default.js",
    "start": 1572055331316,
    "end": 1572055331316,
    "duration": 0,
    "pid": 4796,
    "index": 12
  },
  {
    "name": "Require(10) node_modules/egg-logrotator/config/config.default.js",
    "start": 1572055331318,
    "end": 1572055331332,
    "duration": 14,
    "pid": 4796,
    "index": 13
  },
  {
    "name": "Require(11) node_modules/egg-static/config/config.default.js",
    "start": 1572055331333,
    "end": 1572055331334,
    "duration": 1,
    "pid": 4796,
    "index": 14
  },
  {
    "name": "Require(12) node_modules/egg-view/config/config.default.js",
    "start": 1572055331335,
    "end": 1572055331335,
    "duration": 0,
    "pid": 4796,
    "index": 15
  },
  {
    "name": "Require(13) node_modules/egg-mysql/config/config.default.js",
    "start": 1572055331337,
    "end": 1572055331337,
    "duration": 0,
    "pid": 4796,
    "index": 16
  },
  {
    "name": "Require(14) node_modules/egg/config/config.default.js",
    "start": 1572055331338,
    "end": 1572055331340,
    "duration": 2,
    "pid": 4796,
    "index": 17
  },
  {
    "name": "Require(15) config/config.default.js",
    "start": 1572055331344,
    "end": 1572055331344,
    "duration": 0,
    "pid": 4796,
    "index": 18
  },
  {
    "name": "Require(16) node_modules/egg-security/config/config.local.js",
    "start": 1572055331346,
    "end": 1572055331346,
    "duration": 0,
    "pid": 4796,
    "index": 19
  },
  {
    "name": "Require(17) node_modules/egg-watcher/config/config.local.js",
    "start": 1572055331348,
    "end": 1572055331349,
    "duration": 1,
    "pid": 4796,
    "index": 20
  },
  {
    "name": "Require(18) node_modules/egg-view/config/config.local.js",
    "start": 1572055331354,
    "end": 1572055331354,
    "duration": 0,
    "pid": 4796,
    "index": 21
  },
  {
    "name": "Require(19) node_modules/egg/config/config.local.js",
    "start": 1572055331355,
    "end": 1572055331356,
    "duration": 1,
    "pid": 4796,
    "index": 22
  },
  {
    "name": "Load extend/application.js",
    "start": 1572055331357,
    "end": 1572055331378,
    "duration": 21,
    "pid": 4796,
    "index": 23
  },
  {
    "name": "Require(20) node_modules/egg-session/app/extend/application.js",
    "start": 1572055331358,
    "end": 1572055331359,
    "duration": 1,
    "pid": 4796,
    "index": 24
  },
  {
    "name": "Require(21) node_modules/egg-security/app/extend/application.js",
    "start": 1572055331359,
    "end": 1572055331361,
    "duration": 2,
    "pid": 4796,
    "index": 25
  },
  {
    "name": "Require(22) node_modules/egg-jsonp/app/extend/application.js",
    "start": 1572055331362,
    "end": 1572055331365,
    "duration": 3,
    "pid": 4796,
    "index": 26
  },
  {
    "name": "Require(23) node_modules/egg-logrotator/app/extend/application.js",
    "start": 1572055331368,
    "end": 1572055331371,
    "duration": 3,
    "pid": 4796,
    "index": 27
  },
  {
    "name": "Require(24) node_modules/egg-view/app/extend/application.js",
    "start": 1572055331372,
    "end": 1572055331374,
    "duration": 2,
    "pid": 4796,
    "index": 28
  },
  {
    "name": "Load extend/request.js",
    "start": 1572055331378,
    "end": 1572055331388,
    "duration": 10,
    "pid": 4796,
    "index": 29
  },
  {
    "name": "Require(25) node_modules/egg/app/extend/request.js",
    "start": 1572055331382,
    "end": 1572055331384,
    "duration": 2,
    "pid": 4796,
    "index": 30
  },
  {
    "name": "Load extend/response.js",
    "start": 1572055331388,
    "end": 1572055331422,
    "duration": 34,
    "pid": 4796,
    "index": 31
  },
  {
    "name": "Require(26) node_modules/egg/app/extend/response.js",
    "start": 1572055331392,
    "end": 1572055331394,
    "duration": 2,
    "pid": 4796,
    "index": 32
  },
  {
    "name": "Load extend/context.js",
    "start": 1572055331423,
    "end": 1572055331561,
    "duration": 138,
    "pid": 4796,
    "index": 33
  },
  {
    "name": "Require(27) node_modules/egg-security/app/extend/context.js",
    "start": 1572055331426,
    "end": 1572055331454,
    "duration": 28,
    "pid": 4796,
    "index": 34
  },
  {
    "name": "Require(28) node_modules/egg-jsonp/app/extend/context.js",
    "start": 1572055331454,
    "end": 1572055331458,
    "duration": 4,
    "pid": 4796,
    "index": 35
  },
  {
    "name": "Require(29) node_modules/egg-i18n/app/extend/context.js",
    "start": 1572055331459,
    "end": 1572055331459,
    "duration": 0,
    "pid": 4796,
    "index": 36
  },
  {
    "name": "Require(30) node_modules/egg-multipart/app/extend/context.js",
    "start": 1572055331461,
    "end": 1572055331549,
    "duration": 88,
    "pid": 4796,
    "index": 37
  },
  {
    "name": "Require(31) node_modules/egg-view/app/extend/context.js",
    "start": 1572055331550,
    "end": 1572055331553,
    "duration": 3,
    "pid": 4796,
    "index": 38
  },
  {
    "name": "Require(32) node_modules/egg/app/extend/context.js",
    "start": 1572055331554,
    "end": 1572055331556,
    "duration": 2,
    "pid": 4796,
    "index": 39
  },
  {
    "name": "Load extend/helper.js",
    "start": 1572055331561,
    "end": 1572055331626,
    "duration": 65,
    "pid": 4796,
    "index": 40
  },
  {
    "name": "Require(33) node_modules/egg-security/app/extend/helper.js",
    "start": 1572055331562,
    "end": 1572055331603,
    "duration": 41,
    "pid": 4796,
    "index": 41
  },
  {
    "name": "Require(34) node_modules/egg/app/extend/helper.js",
    "start": 1572055331615,
    "end": 1572055331616,
    "duration": 1,
    "pid": 4796,
    "index": 42
  },
  {
    "name": "Load app.js",
    "start": 1572055331626,
    "end": 1572055331752,
    "duration": 126,
    "pid": 4796,
    "index": 43
  },
  {
    "name": "Require(35) node_modules/egg-session/app.js",
    "start": 1572055331627,
    "end": 1572055331627,
    "duration": 0,
    "pid": 4796,
    "index": 44
  },
  {
    "name": "Require(36) node_modules/egg-security/app.js",
    "start": 1572055331628,
    "end": 1572055331632,
    "duration": 4,
    "pid": 4796,
    "index": 45
  },
  {
    "name": "Require(37) node_modules/egg-onerror/app.js",
    "start": 1572055331633,
    "end": 1572055331649,
    "duration": 16,
    "pid": 4796,
    "index": 46
  },
  {
    "name": "Require(38) node_modules/egg-i18n/app.js",
    "start": 1572055331650,
    "end": 1572055331698,
    "duration": 48,
    "pid": 4796,
    "index": 47
  },
  {
    "name": "Require(39) node_modules/egg-watcher/app.js",
    "start": 1572055331699,
    "end": 1572055331709,
    "duration": 10,
    "pid": 4796,
    "index": 48
  },
  {
    "name": "Require(40) node_modules/egg-schedule/app.js",
    "start": 1572055331710,
    "end": 1572055331713,
    "duration": 3,
    "pid": 4796,
    "index": 49
  },
  {
    "name": "Require(41) node_modules/egg-multipart/app.js",
    "start": 1572055331713,
    "end": 1572055331717,
    "duration": 4,
    "pid": 4796,
    "index": 50
  },
  {
    "name": "Require(42) node_modules/egg-development/app.js",
    "start": 1572055331718,
    "end": 1572055331718,
    "duration": 0,
    "pid": 4796,
    "index": 51
  },
  {
    "name": "Require(43) node_modules/egg-logrotator/app.js",
    "start": 1572055331719,
    "end": 1572055331719,
    "duration": 0,
    "pid": 4796,
    "index": 52
  },
  {
    "name": "Require(44) node_modules/egg-static/app.js",
    "start": 1572055331719,
    "end": 1572055331720,
    "duration": 1,
    "pid": 4796,
    "index": 53
  },
  {
    "name": "Require(45) node_modules/egg-mysql/app.js",
    "start": 1572055331722,
    "end": 1572055331750,
    "duration": 28,
    "pid": 4796,
    "index": 54
  },
  {
    "name": "Before Start in node_modules/egg-watcher/lib/init.js:15:14",
    "start": 1572055331771,
    "end": 1572055332383,
    "duration": 612,
    "pid": 4796,
    "index": 55
  },
  {
    "name": "Before Start in node_modules/egg-mysql/lib/mysql.js:20:7",
    "start": 1572055331995,
    "end": 1572055332387,
    "duration": 392,
    "pid": 4796,
    "index": 56
  },
  {
    "name": "Load Service",
    "start": 1572055331995,
    "end": 1572055332008,
    "duration": 13,
    "pid": 4796,
    "index": 57
  },
  {
    "name": "Load \"service\" to Context",
    "start": 1572055331996,
    "end": 1572055332008,
    "duration": 12,
    "pid": 4796,
    "index": 58
  },
  {
    "name": "Load Middleware",
    "start": 1572055332009,
    "end": 1572055332261,
    "duration": 252,
    "pid": 4796,
    "index": 59
  },
  {
    "name": "Load \"middlewares\" to Application",
    "start": 1572055332009,
    "end": 1572055332228,
    "duration": 219,
    "pid": 4796,
    "index": 60
  },
  {
    "name": "Load Controller",
    "start": 1572055332261,
    "end": 1572055332308,
    "duration": 47,
    "pid": 4796,
    "index": 61
  },
  {
    "name": "Load \"controller\" to Application",
    "start": 1572055332261,
    "end": 1572055332308,
    "duration": 47,
    "pid": 4796,
    "index": 62
  },
  {
    "name": "Load Router",
    "start": 1572055332308,
    "end": 1572055332312,
    "duration": 4,
    "pid": 4796,
    "index": 63
  },
  {
    "name": "Require(46) app/router.js",
    "start": 1572055332309,
    "end": 1572055332309,
    "duration": 0,
    "pid": 4796,
    "index": 64
  },
  {
    "name": "Before Start in node_modules/egg-core/lib/egg.js:303:10",
    "start": 1572055332309,
    "end": 1572055332367,
    "duration": 58,
    "pid": 4796,
    "index": 65
  }
]