[
  {
    "name": "Application Start",
    "start": 1572053304289,
    "end": 1572053305543,
    "duration": 1254,
    "pid": 4436,
    "index": 0
  },
  {
    "name": "Load Plugin",
    "start": 1572053304296,
    "end": 1572053304329,
    "duration": 33,
    "pid": 4436,
    "index": 1
  },
  {
    "name": "Load Config",
    "start": 1572053304329,
    "end": 1572053304392,
    "duration": 63,
    "pid": 4436,
    "index": 2
  },
  {
    "name": "Require(0) config/config.default.js",
    "start": 1572053304331,
    "end": 1572053304331,
    "duration": 0,
    "pid": 4436,
    "index": 3
  },
  {
    "name": "Require(1) node_modules/egg-session/config/config.default.js",
    "start": 1572053304334,
    "end": 1572053304335,
    "duration": 1,
    "pid": 4436,
    "index": 4
  },
  {
    "name": "Require(2) node_modules/egg-security/config/config.default.js",
    "start": 1572053304337,
    "end": 1572053304340,
    "duration": 3,
    "pid": 4436,
    "index": 5
  },
  {
    "name": "Require(3) node_modules/egg-jsonp/config/config.default.js",
    "start": 1572053304345,
    "end": 1572053304350,
    "duration": 5,
    "pid": 4436,
    "index": 6
  },
  {
    "name": "Require(4) node_modules/egg-onerror/config/config.default.js",
    "start": 1572053304352,
    "end": 1572053304353,
    "duration": 1,
    "pid": 4436,
    "index": 7
  },
  {
    "name": "Require(5) node_modules/egg-i18n/config/config.default.js",
    "start": 1572053304354,
    "end": 1572053304354,
    "duration": 0,
    "pid": 4436,
    "index": 8
  },
  {
    "name": "Require(6) node_modules/egg-watcher/config/config.default.js",
    "start": 1572053304366,
    "end": 1572053304366,
    "duration": 0,
    "pid": 4436,
    "index": 9
  },
  {
    "name": "Require(7) node_modules/egg-schedule/config/config.default.js",
    "start": 1572053304368,
    "end": 1572053304369,
    "duration": 1,
    "pid": 4436,
    "index": 10
  },
  {
    "name": "Require(8) node_modules/egg-multipart/config/config.default.js",
    "start": 1572053304371,
    "end": 1572053304371,
    "duration": 0,
    "pid": 4436,
    "index": 11
  },
  {
    "name": "Require(9) node_modules/egg-development/config/config.default.js",
    "start": 1572053304372,
    "end": 1572053304372,
    "duration": 0,
    "pid": 4436,
    "index": 12
  },
  {
    "name": "Require(10) node_modules/egg-logrotator/config/config.default.js",
    "start": 1572053304373,
    "end": 1572053304376,
    "duration": 3,
    "pid": 4436,
    "index": 13
  },
  {
    "name": "Require(11) node_modules/egg-static/config/config.default.js",
    "start": 1572053304377,
    "end": 1572053304377,
    "duration": 0,
    "pid": 4436,
    "index": 14
  },
  {
    "name": "Require(12) node_modules/egg-view/config/config.default.js",
    "start": 1572053304378,
    "end": 1572053304379,
    "duration": 1,
    "pid": 4436,
    "index": 15
  },
  {
    "name": "Require(13) node_modules/egg-mysql/config/config.default.js",
    "start": 1572053304381,
    "end": 1572053304382,
    "duration": 1,
    "pid": 4436,
    "index": 16
  },
  {
    "name": "Require(14) node_modules/egg/config/config.default.js",
    "start": 1572053304383,
    "end": 1572053304383,
    "duration": 0,
    "pid": 4436,
    "index": 17
  },
  {
    "name": "Require(15) config/config.default.js",
    "start": 1572053304384,
    "end": 1572053304384,
    "duration": 0,
    "pid": 4436,
    "index": 18
  },
  {
    "name": "Require(16) node_modules/egg-security/config/config.local.js",
    "start": 1572053304385,
    "end": 1572053304386,
    "duration": 1,
    "pid": 4436,
    "index": 19
  },
  {
    "name": "Require(17) node_modules/egg-watcher/config/config.local.js",
    "start": 1572053304387,
    "end": 1572053304387,
    "duration": 0,
    "pid": 4436,
    "index": 20
  },
  {
    "name": "Require(18) node_modules/egg-view/config/config.local.js",
    "start": 1572053304390,
    "end": 1572053304390,
    "duration": 0,
    "pid": 4436,
    "index": 21
  },
  {
    "name": "Require(19) node_modules/egg/config/config.local.js",
    "start": 1572053304391,
    "end": 1572053304391,
    "duration": 0,
    "pid": 4436,
    "index": 22
  },
  {
    "name": "Load extend/application.js",
    "start": 1572053304393,
    "end": 1572053304413,
    "duration": 20,
    "pid": 4436,
    "index": 23
  },
  {
    "name": "Require(20) node_modules/egg-session/app/extend/application.js",
    "start": 1572053304394,
    "end": 1572053304394,
    "duration": 0,
    "pid": 4436,
    "index": 24
  },
  {
    "name": "Require(21) node_modules/egg-security/app/extend/application.js",
    "start": 1572053304395,
    "end": 1572053304397,
    "duration": 2,
    "pid": 4436,
    "index": 25
  },
  {
    "name": "Require(22) node_modules/egg-jsonp/app/extend/application.js",
    "start": 1572053304398,
    "end": 1572053304401,
    "duration": 3,
    "pid": 4436,
    "index": 26
  },
  {
    "name": "Require(23) node_modules/egg-logrotator/app/extend/application.js",
    "start": 1572053304403,
    "end": 1572053304406,
    "duration": 3,
    "pid": 4436,
    "index": 27
  },
  {
    "name": "Require(24) node_modules/egg-view/app/extend/application.js",
    "start": 1572053304407,
    "end": 1572053304409,
    "duration": 2,
    "pid": 4436,
    "index": 28
  },
  {
    "name": "Load extend/request.js",
    "start": 1572053304413,
    "end": 1572053304426,
    "duration": 13,
    "pid": 4436,
    "index": 29
  },
  {
    "name": "Require(25) node_modules/egg/app/extend/request.js",
    "start": 1572053304418,
    "end": 1572053304422,
    "duration": 4,
    "pid": 4436,
    "index": 30
  },
  {
    "name": "Load extend/response.js",
    "start": 1572053304426,
    "end": 1572053304451,
    "duration": 25,
    "pid": 4436,
    "index": 31
  },
  {
    "name": "Require(26) node_modules/egg/app/extend/response.js",
    "start": 1572053304435,
    "end": 1572053304442,
    "duration": 7,
    "pid": 4436,
    "index": 32
  },
  {
    "name": "Load extend/context.js",
    "start": 1572053304451,
    "end": 1572053304582,
    "duration": 131,
    "pid": 4436,
    "index": 33
  },
  {
    "name": "Require(27) node_modules/egg-security/app/extend/context.js",
    "start": 1572053304452,
    "end": 1572053304475,
    "duration": 23,
    "pid": 4436,
    "index": 34
  },
  {
    "name": "Require(28) node_modules/egg-jsonp/app/extend/context.js",
    "start": 1572053304475,
    "end": 1572053304477,
    "duration": 2,
    "pid": 4436,
    "index": 35
  },
  {
    "name": "Require(29) node_modules/egg-i18n/app/extend/context.js",
    "start": 1572053304478,
    "end": 1572053304479,
    "duration": 1,
    "pid": 4436,
    "index": 36
  },
  {
    "name": "Require(30) node_modules/egg-multipart/app/extend/context.js",
    "start": 1572053304480,
    "end": 1572053304572,
    "duration": 92,
    "pid": 4436,
    "index": 37
  },
  {
    "name": "Require(31) node_modules/egg-view/app/extend/context.js",
    "start": 1572053304573,
    "end": 1572053304574,
    "duration": 1,
    "pid": 4436,
    "index": 38
  },
  {
    "name": "Require(32) node_modules/egg/app/extend/context.js",
    "start": 1572053304575,
    "end": 1572053304578,
    "duration": 3,
    "pid": 4436,
    "index": 39
  },
  {
    "name": "Load extend/helper.js",
    "start": 1572053304582,
    "end": 1572053304645,
    "duration": 63,
    "pid": 4436,
    "index": 40
  },
  {
    "name": "Require(33) node_modules/egg-security/app/extend/helper.js",
    "start": 1572053304582,
    "end": 1572053304631,
    "duration": 49,
    "pid": 4436,
    "index": 41
  },
  {
    "name": "Require(34) node_modules/egg/app/extend/helper.js",
    "start": 1572053304635,
    "end": 1572053304637,
    "duration": 2,
    "pid": 4436,
    "index": 42
  },
  {
    "name": "Load app.js",
    "start": 1572053304646,
    "end": 1572053304851,
    "duration": 205,
    "pid": 4436,
    "index": 43
  },
  {
    "name": "Require(35) node_modules/egg-session/app.js",
    "start": 1572053304646,
    "end": 1572053304647,
    "duration": 1,
    "pid": 4436,
    "index": 44
  },
  {
    "name": "Require(36) node_modules/egg-security/app.js",
    "start": 1572053304647,
    "end": 1572053304650,
    "duration": 3,
    "pid": 4436,
    "index": 45
  },
  {
    "name": "Require(37) node_modules/egg-onerror/app.js",
    "start": 1572053304651,
    "end": 1572053304675,
    "duration": 24,
    "pid": 4436,
    "index": 46
  },
  {
    "name": "Require(38) node_modules/egg-i18n/app.js",
    "start": 1572053304676,
    "end": 1572053304743,
    "duration": 67,
    "pid": 4436,
    "index": 47
  },
  {
    "name": "Require(39) node_modules/egg-watcher/app.js",
    "start": 1572053304744,
    "end": 1572053304755,
    "duration": 11,
    "pid": 4436,
    "index": 48
  },
  {
    "name": "Require(40) node_modules/egg-schedule/app.js",
    "start": 1572053304755,
    "end": 1572053304758,
    "duration": 3,
    "pid": 4436,
    "index": 49
  },
  {
    "name": "Require(41) node_modules/egg-multipart/app.js",
    "start": 1572053304759,
    "end": 1572053304767,
    "duration": 8,
    "pid": 4436,
    "index": 50
  },
  {
    "name": "Require(42) node_modules/egg-development/app.js",
    "start": 1572053304768,
    "end": 1572053304768,
    "duration": 0,
    "pid": 4436,
    "index": 51
  },
  {
    "name": "Require(43) node_modules/egg-logrotator/app.js",
    "start": 1572053304769,
    "end": 1572053304770,
    "duration": 1,
    "pid": 4436,
    "index": 52
  },
  {
    "name": "Require(44) node_modules/egg-static/app.js",
    "start": 1572053304770,
    "end": 1572053304771,
    "duration": 1,
    "pid": 4436,
    "index": 53
  },
  {
    "name": "Require(45) node_modules/egg-mysql/app.js",
    "start": 1572053304772,
    "end": 1572053304848,
    "duration": 76,
    "pid": 4436,
    "index": 54
  },
  {
    "name": "Before Start in node_modules/egg-watcher/lib/init.js:15:14",
    "start": 1572053304921,
    "end": 1572053305532,
    "duration": 611,
    "pid": 4436,
    "index": 55
  },
  {
    "name": "Before Start in node_modules/egg-mysql/lib/mysql.js:20:7",
    "start": 1572053305158,
    "end": 1572053305541,
    "duration": 383,
    "pid": 4436,
    "index": 56
  },
  {
    "name": "Load Service",
    "start": 1572053305158,
    "end": 1572053305192,
    "duration": 34,
    "pid": 4436,
    "index": 57
  },
  {
    "name": "Load \"service\" to Context",
    "start": 1572053305159,
    "end": 1572053305192,
    "duration": 33,
    "pid": 4436,
    "index": 58
  },
  {
    "name": "Load Middleware",
    "start": 1572053305192,
    "end": 1572053305399,
    "duration": 207,
    "pid": 4436,
    "index": 59
  },
  {
    "name": "Load \"middlewares\" to Application",
    "start": 1572053305193,
    "end": 1572053305385,
    "duration": 192,
    "pid": 4436,
    "index": 60
  },
  {
    "name": "Load Controller",
    "start": 1572053305400,
    "end": 1572053305486,
    "duration": 86,
    "pid": 4436,
    "index": 61
  },
  {
    "name": "Load \"controller\" to Application",
    "start": 1572053305400,
    "end": 1572053305485,
    "duration": 85,
    "pid": 4436,
    "index": 62
  },
  {
    "name": "Load Router",
    "start": 1572053305486,
    "end": 1572053305488,
    "duration": 2,
    "pid": 4436,
    "index": 63
  },
  {
    "name": "Require(46) app/router.js",
    "start": 1572053305486,
    "end": 1572053305486,
    "duration": 0,
    "pid": 4436,
    "index": 64
  },
  {
    "name": "Before Start in node_modules/egg-core/lib/egg.js:303:10",
    "start": 1572053305487,
    "end": 1572053305504,
    "duration": 17,
    "pid": 4436,
    "index": 65
  }
]