[
  {
    "name": "Application Start",
    "start": 1572055676613,
    "end": 1572055677863,
    "duration": 1250,
    "pid": 10072,
    "index": 0
  },
  {
    "name": "Load Plugin",
    "start": 1572055676624,
    "end": 1572055676676,
    "duration": 52,
    "pid": 10072,
    "index": 1
  },
  {
    "name": "Load Config",
    "start": 1572055676677,
    "end": 1572055676717,
    "duration": 40,
    "pid": 10072,
    "index": 2
  },
  {
    "name": "Require(0) config/config.default.js",
    "start": 1572055676680,
    "end": 1572055676681,
    "duration": 1,
    "pid": 10072,
    "index": 3
  },
  {
    "name": "Require(1) node_modules/egg-session/config/config.default.js",
    "start": 1572055676684,
    "end": 1572055676685,
    "duration": 1,
    "pid": 10072,
    "index": 4
  },
  {
    "name": "Require(2) node_modules/egg-security/config/config.default.js",
    "start": 1572055676685,
    "end": 1572055676686,
    "duration": 1,
    "pid": 10072,
    "index": 5
  },
  {
    "name": "Require(3) node_modules/egg-jsonp/config/config.default.js",
    "start": 1572055676687,
    "end": 1572055676687,
    "duration": 0,
    "pid": 10072,
    "index": 6
  },
  {
    "name": "Require(4) node_modules/egg-onerror/config/config.default.js",
    "start": 1572055676688,
    "end": 1572055676688,
    "duration": 0,
    "pid": 10072,
    "index": 7
  },
  {
    "name": "Require(5) node_modules/egg-i18n/config/config.default.js",
    "start": 1572055676689,
    "end": 1572055676689,
    "duration": 0,
    "pid": 10072,
    "index": 8
  },
  {
    "name": "Require(6) node_modules/egg-watcher/config/config.default.js",
    "start": 1572055676691,
    "end": 1572055676691,
    "duration": 0,
    "pid": 10072,
    "index": 9
  },
  {
    "name": "Require(7) node_modules/egg-schedule/config/config.default.js",
    "start": 1572055676692,
    "end": 1572055676692,
    "duration": 0,
    "pid": 10072,
    "index": 10
  },
  {
    "name": "Require(8) node_modules/egg-multipart/config/config.default.js",
    "start": 1572055676693,
    "end": 1572055676693,
    "duration": 0,
    "pid": 10072,
    "index": 11
  },
  {
    "name": "Require(9) node_modules/egg-development/config/config.default.js",
    "start": 1572055676694,
    "end": 1572055676695,
    "duration": 1,
    "pid": 10072,
    "index": 12
  },
  {
    "name": "Require(10) node_modules/egg-logrotator/config/config.default.js",
    "start": 1572055676695,
    "end": 1572055676698,
    "duration": 3,
    "pid": 10072,
    "index": 13
  },
  {
    "name": "Require(11) node_modules/egg-static/config/config.default.js",
    "start": 1572055676700,
    "end": 1572055676701,
    "duration": 1,
    "pid": 10072,
    "index": 14
  },
  {
    "name": "Require(12) node_modules/egg-view/config/config.default.js",
    "start": 1572055676702,
    "end": 1572055676702,
    "duration": 0,
    "pid": 10072,
    "index": 15
  },
  {
    "name": "Require(13) node_modules/egg-mysql/config/config.default.js",
    "start": 1572055676703,
    "end": 1572055676703,
    "duration": 0,
    "pid": 10072,
    "index": 16
  },
  {
    "name": "Require(14) node_modules/egg/config/config.default.js",
    "start": 1572055676704,
    "end": 1572055676704,
    "duration": 0,
    "pid": 10072,
    "index": 17
  },
  {
    "name": "Require(15) config/config.default.js",
    "start": 1572055676706,
    "end": 1572055676706,
    "duration": 0,
    "pid": 10072,
    "index": 18
  },
  {
    "name": "Require(16) node_modules/egg-security/config/config.local.js",
    "start": 1572055676707,
    "end": 1572055676707,
    "duration": 0,
    "pid": 10072,
    "index": 19
  },
  {
    "name": "Require(17) node_modules/egg-watcher/config/config.local.js",
    "start": 1572055676708,
    "end": 1572055676709,
    "duration": 1,
    "pid": 10072,
    "index": 20
  },
  {
    "name": "Require(18) node_modules/egg-view/config/config.local.js",
    "start": 1572055676714,
    "end": 1572055676714,
    "duration": 0,
    "pid": 10072,
    "index": 21
  },
  {
    "name": "Require(19) node_modules/egg/config/config.local.js",
    "start": 1572055676716,
    "end": 1572055676716,
    "duration": 0,
    "pid": 10072,
    "index": 22
  },
  {
    "name": "Load extend/application.js",
    "start": 1572055676720,
    "end": 1572055676763,
    "duration": 43,
    "pid": 10072,
    "index": 23
  },
  {
    "name": "Require(20) node_modules/egg-session/app/extend/application.js",
    "start": 1572055676736,
    "end": 1572055676738,
    "duration": 2,
    "pid": 10072,
    "index": 24
  },
  {
    "name": "Require(21) node_modules/egg-security/app/extend/application.js",
    "start": 1572055676739,
    "end": 1572055676743,
    "duration": 4,
    "pid": 10072,
    "index": 25
  },
  {
    "name": "Require(22) node_modules/egg-jsonp/app/extend/application.js",
    "start": 1572055676745,
    "end": 1572055676749,
    "duration": 4,
    "pid": 10072,
    "index": 26
  },
  {
    "name": "Require(23) node_modules/egg-logrotator/app/extend/application.js",
    "start": 1572055676752,
    "end": 1572055676755,
    "duration": 3,
    "pid": 10072,
    "index": 27
  },
  {
    "name": "Require(24) node_modules/egg-view/app/extend/application.js",
    "start": 1572055676756,
    "end": 1572055676758,
    "duration": 2,
    "pid": 10072,
    "index": 28
  },
  {
    "name": "Load extend/request.js",
    "start": 1572055676763,
    "end": 1572055676772,
    "duration": 9,
    "pid": 10072,
    "index": 29
  },
  {
    "name": "Require(25) node_modules/egg/app/extend/request.js",
    "start": 1572055676766,
    "end": 1572055676768,
    "duration": 2,
    "pid": 10072,
    "index": 30
  },
  {
    "name": "Load extend/response.js",
    "start": 1572055676772,
    "end": 1572055676784,
    "duration": 12,
    "pid": 10072,
    "index": 31
  },
  {
    "name": "Require(26) node_modules/egg/app/extend/response.js",
    "start": 1572055676775,
    "end": 1572055676778,
    "duration": 3,
    "pid": 10072,
    "index": 32
  },
  {
    "name": "Load extend/context.js",
    "start": 1572055676784,
    "end": 1572055676933,
    "duration": 149,
    "pid": 10072,
    "index": 33
  },
  {
    "name": "Require(27) node_modules/egg-security/app/extend/context.js",
    "start": 1572055676785,
    "end": 1572055676806,
    "duration": 21,
    "pid": 10072,
    "index": 34
  },
  {
    "name": "Require(28) node_modules/egg-jsonp/app/extend/context.js",
    "start": 1572055676807,
    "end": 1572055676809,
    "duration": 2,
    "pid": 10072,
    "index": 35
  },
  {
    "name": "Require(29) node_modules/egg-i18n/app/extend/context.js",
    "start": 1572055676810,
    "end": 1572055676811,
    "duration": 1,
    "pid": 10072,
    "index": 36
  },
  {
    "name": "Require(30) node_modules/egg-multipart/app/extend/context.js",
    "start": 1572055676812,
    "end": 1572055676918,
    "duration": 106,
    "pid": 10072,
    "index": 37
  },
  {
    "name": "Require(31) node_modules/egg-view/app/extend/context.js",
    "start": 1572055676919,
    "end": 1572055676921,
    "duration": 2,
    "pid": 10072,
    "index": 38
  },
  {
    "name": "Require(32) node_modules/egg/app/extend/context.js",
    "start": 1572055676923,
    "end": 1572055676929,
    "duration": 6,
    "pid": 10072,
    "index": 39
  },
  {
    "name": "Load extend/helper.js",
    "start": 1572055676933,
    "end": 1572055676967,
    "duration": 34,
    "pid": 10072,
    "index": 40
  },
  {
    "name": "Require(33) node_modules/egg-security/app/extend/helper.js",
    "start": 1572055676934,
    "end": 1572055676959,
    "duration": 25,
    "pid": 10072,
    "index": 41
  },
  {
    "name": "Require(34) node_modules/egg/app/extend/helper.js",
    "start": 1572055676963,
    "end": 1572055676964,
    "duration": 1,
    "pid": 10072,
    "index": 42
  },
  {
    "name": "Load app.js",
    "start": 1572055676968,
    "end": 1572055677108,
    "duration": 140,
    "pid": 10072,
    "index": 43
  },
  {
    "name": "Require(35) node_modules/egg-session/app.js",
    "start": 1572055676968,
    "end": 1572055676969,
    "duration": 1,
    "pid": 10072,
    "index": 44
  },
  {
    "name": "Require(36) node_modules/egg-security/app.js",
    "start": 1572055676969,
    "end": 1572055676973,
    "duration": 4,
    "pid": 10072,
    "index": 45
  },
  {
    "name": "Require(37) node_modules/egg-onerror/app.js",
    "start": 1572055676974,
    "end": 1572055676990,
    "duration": 16,
    "pid": 10072,
    "index": 46
  },
  {
    "name": "Require(38) node_modules/egg-i18n/app.js",
    "start": 1572055676991,
    "end": 1572055677037,
    "duration": 46,
    "pid": 10072,
    "index": 47
  },
  {
    "name": "Require(39) node_modules/egg-watcher/app.js",
    "start": 1572055677038,
    "end": 1572055677043,
    "duration": 5,
    "pid": 10072,
    "index": 48
  },
  {
    "name": "Require(40) node_modules/egg-schedule/app.js",
    "start": 1572055677044,
    "end": 1572055677046,
    "duration": 2,
    "pid": 10072,
    "index": 49
  },
  {
    "name": "Require(41) node_modules/egg-multipart/app.js",
    "start": 1572055677047,
    "end": 1572055677051,
    "duration": 4,
    "pid": 10072,
    "index": 50
  },
  {
    "name": "Require(42) node_modules/egg-development/app.js",
    "start": 1572055677051,
    "end": 1572055677052,
    "duration": 1,
    "pid": 10072,
    "index": 51
  },
  {
    "name": "Require(43) node_modules/egg-logrotator/app.js",
    "start": 1572055677052,
    "end": 1572055677052,
    "duration": 0,
    "pid": 10072,
    "index": 52
  },
  {
    "name": "Require(44) node_modules/egg-static/app.js",
    "start": 1572055677053,
    "end": 1572055677053,
    "duration": 0,
    "pid": 10072,
    "index": 53
  },
  {
    "name": "Require(45) node_modules/egg-mysql/app.js",
    "start": 1572055677054,
    "end": 1572055677105,
    "duration": 51,
    "pid": 10072,
    "index": 54
  },
  {
    "name": "Before Start in node_modules/egg-watcher/lib/init.js:15:14",
    "start": 1572055677133,
    "end": 1572055677854,
    "duration": 721,
    "pid": 10072,
    "index": 55
  },
  {
    "name": "Before Start in node_modules/egg-mysql/lib/mysql.js:20:7",
    "start": 1572055677407,
    "end": 1572055677862,
    "duration": 455,
    "pid": 10072,
    "index": 56
  },
  {
    "name": "Load Service",
    "start": 1572055677408,
    "end": 1572055677426,
    "duration": 18,
    "pid": 10072,
    "index": 57
  },
  {
    "name": "Load \"service\" to Context",
    "start": 1572055677408,
    "end": 1572055677426,
    "duration": 18,
    "pid": 10072,
    "index": 58
  },
  {
    "name": "Load Middleware",
    "start": 1572055677426,
    "end": 1572055677675,
    "duration": 249,
    "pid": 10072,
    "index": 59
  },
  {
    "name": "Load \"middlewares\" to Application",
    "start": 1572055677426,
    "end": 1572055677654,
    "duration": 228,
    "pid": 10072,
    "index": 60
  },
  {
    "name": "Load Controller",
    "start": 1572055677675,
    "end": 1572055677762,
    "duration": 87,
    "pid": 10072,
    "index": 61
  },
  {
    "name": "Load \"controller\" to Application",
    "start": 1572055677675,
    "end": 1572055677762,
    "duration": 87,
    "pid": 10072,
    "index": 62
  },
  {
    "name": "Load Router",
    "start": 1572055677762,
    "end": 1572055677766,
    "duration": 4,
    "pid": 10072,
    "index": 63
  },
  {
    "name": "Require(46) app/router.js",
    "start": 1572055677763,
    "end": 1572055677764,
    "duration": 1,
    "pid": 10072,
    "index": 64
  },
  {
    "name": "Before Start in node_modules/egg-core/lib/egg.js:303:10",
    "start": 1572055677764,
    "end": 1572055677794,
    "duration": 30,
    "pid": 10072,
    "index": 65
  }
]