[
  {
    "name": "Application Start",
    "start": 1572053260415,
    "end": 1572053261632,
    "duration": 1217,
    "pid": 8120,
    "index": 0
  },
  {
    "name": "Load Plugin",
    "start": 1572053260425,
    "end": 1572053260456,
    "duration": 31,
    "pid": 8120,
    "index": 1
  },
  {
    "name": "Load Config",
    "start": 1572053260456,
    "end": 1572053260506,
    "duration": 50,
    "pid": 8120,
    "index": 2
  },
  {
    "name": "Require(0) config/config.default.js",
    "start": 1572053260460,
    "end": 1572053260461,
    "duration": 1,
    "pid": 8120,
    "index": 3
  },
  {
    "name": "Require(1) node_modules/egg-session/config/config.default.js",
    "start": 1572053260464,
    "end": 1572053260464,
    "duration": 0,
    "pid": 8120,
    "index": 4
  },
  {
    "name": "Require(2) node_modules/egg-security/config/config.default.js",
    "start": 1572053260465,
    "end": 1572053260466,
    "duration": 1,
    "pid": 8120,
    "index": 5
  },
  {
    "name": "Require(3) node_modules/egg-jsonp/config/config.default.js",
    "start": 1572053260467,
    "end": 1572053260467,
    "duration": 0,
    "pid": 8120,
    "index": 6
  },
  {
    "name": "Require(4) node_modules/egg-onerror/config/config.default.js",
    "start": 1572053260468,
    "end": 1572053260468,
    "duration": 0,
    "pid": 8120,
    "index": 7
  },
  {
    "name": "Require(5) node_modules/egg-i18n/config/config.default.js",
    "start": 1572053260469,
    "end": 1572053260469,
    "duration": 0,
    "pid": 8120,
    "index": 8
  },
  {
    "name": "Require(6) node_modules/egg-watcher/config/config.default.js",
    "start": 1572053260470,
    "end": 1572053260471,
    "duration": 1,
    "pid": 8120,
    "index": 9
  },
  {
    "name": "Require(7) node_modules/egg-schedule/config/config.default.js",
    "start": 1572053260471,
    "end": 1572053260472,
    "duration": 1,
    "pid": 8120,
    "index": 10
  },
  {
    "name": "Require(8) node_modules/egg-multipart/config/config.default.js",
    "start": 1572053260472,
    "end": 1572053260473,
    "duration": 1,
    "pid": 8120,
    "index": 11
  },
  {
    "name": "Require(9) node_modules/egg-development/config/config.default.js",
    "start": 1572053260474,
    "end": 1572053260475,
    "duration": 1,
    "pid": 8120,
    "index": 12
  },
  {
    "name": "Require(10) node_modules/egg-logrotator/config/config.default.js",
    "start": 1572053260476,
    "end": 1572053260480,
    "duration": 4,
    "pid": 8120,
    "index": 13
  },
  {
    "name": "Require(11) node_modules/egg-static/config/config.default.js",
    "start": 1572053260481,
    "end": 1572053260481,
    "duration": 0,
    "pid": 8120,
    "index": 14
  },
  {
    "name": "Require(12) node_modules/egg-view/config/config.default.js",
    "start": 1572053260482,
    "end": 1572053260483,
    "duration": 1,
    "pid": 8120,
    "index": 15
  },
  {
    "name": "Require(13) node_modules/egg-mysql/config/config.default.js",
    "start": 1572053260484,
    "end": 1572053260485,
    "duration": 1,
    "pid": 8120,
    "index": 16
  },
  {
    "name": "Require(14) node_modules/egg/config/config.default.js",
    "start": 1572053260486,
    "end": 1572053260487,
    "duration": 1,
    "pid": 8120,
    "index": 17
  },
  {
    "name": "Require(15) config/config.default.js",
    "start": 1572053260489,
    "end": 1572053260489,
    "duration": 0,
    "pid": 8120,
    "index": 18
  },
  {
    "name": "Require(16) node_modules/egg-security/config/config.local.js",
    "start": 1572053260490,
    "end": 1572053260491,
    "duration": 1,
    "pid": 8120,
    "index": 19
  },
  {
    "name": "Require(17) node_modules/egg-watcher/config/config.local.js",
    "start": 1572053260494,
    "end": 1572053260495,
    "duration": 1,
    "pid": 8120,
    "index": 20
  },
  {
    "name": "Require(18) node_modules/egg-view/config/config.local.js",
    "start": 1572053260499,
    "end": 1572053260502,
    "duration": 3,
    "pid": 8120,
    "index": 21
  },
  {
    "name": "Require(19) node_modules/egg/config/config.local.js",
    "start": 1572053260503,
    "end": 1572053260504,
    "duration": 1,
    "pid": 8120,
    "index": 22
  },
  {
    "name": "Load extend/application.js",
    "start": 1572053260509,
    "end": 1572053260531,
    "duration": 22,
    "pid": 8120,
    "index": 23
  },
  {
    "name": "Require(20) node_modules/egg-session/app/extend/application.js",
    "start": 1572053260511,
    "end": 1572053260511,
    "duration": 0,
    "pid": 8120,
    "index": 24
  },
  {
    "name": "Require(21) node_modules/egg-security/app/extend/application.js",
    "start": 1572053260512,
    "end": 1572053260513,
    "duration": 1,
    "pid": 8120,
    "index": 25
  },
  {
    "name": "Require(22) node_modules/egg-jsonp/app/extend/application.js",
    "start": 1572053260514,
    "end": 1572053260519,
    "duration": 5,
    "pid": 8120,
    "index": 26
  },
  {
    "name": "Require(23) node_modules/egg-logrotator/app/extend/application.js",
    "start": 1572053260521,
    "end": 1572053260523,
    "duration": 2,
    "pid": 8120,
    "index": 27
  },
  {
    "name": "Require(24) node_modules/egg-view/app/extend/application.js",
    "start": 1572053260524,
    "end": 1572053260527,
    "duration": 3,
    "pid": 8120,
    "index": 28
  },
  {
    "name": "Load extend/request.js",
    "start": 1572053260531,
    "end": 1572053260540,
    "duration": 9,
    "pid": 8120,
    "index": 29
  },
  {
    "name": "Require(25) node_modules/egg/app/extend/request.js",
    "start": 1572053260535,
    "end": 1572053260536,
    "duration": 1,
    "pid": 8120,
    "index": 30
  },
  {
    "name": "Load extend/response.js",
    "start": 1572053260540,
    "end": 1572053260552,
    "duration": 12,
    "pid": 8120,
    "index": 31
  },
  {
    "name": "Require(26) node_modules/egg/app/extend/response.js",
    "start": 1572053260544,
    "end": 1572053260546,
    "duration": 2,
    "pid": 8120,
    "index": 32
  },
  {
    "name": "Load extend/context.js",
    "start": 1572053260552,
    "end": 1572053260705,
    "duration": 153,
    "pid": 8120,
    "index": 33
  },
  {
    "name": "Require(27) node_modules/egg-security/app/extend/context.js",
    "start": 1572053260557,
    "end": 1572053260590,
    "duration": 33,
    "pid": 8120,
    "index": 34
  },
  {
    "name": "Require(28) node_modules/egg-jsonp/app/extend/context.js",
    "start": 1572053260591,
    "end": 1572053260595,
    "duration": 4,
    "pid": 8120,
    "index": 35
  },
  {
    "name": "Require(29) node_modules/egg-i18n/app/extend/context.js",
    "start": 1572053260596,
    "end": 1572053260597,
    "duration": 1,
    "pid": 8120,
    "index": 36
  },
  {
    "name": "Require(30) node_modules/egg-multipart/app/extend/context.js",
    "start": 1572053260599,
    "end": 1572053260691,
    "duration": 92,
    "pid": 8120,
    "index": 37
  },
  {
    "name": "Require(31) node_modules/egg-view/app/extend/context.js",
    "start": 1572053260693,
    "end": 1572053260695,
    "duration": 2,
    "pid": 8120,
    "index": 38
  },
  {
    "name": "Require(32) node_modules/egg/app/extend/context.js",
    "start": 1572053260696,
    "end": 1572053260701,
    "duration": 5,
    "pid": 8120,
    "index": 39
  },
  {
    "name": "Load extend/helper.js",
    "start": 1572053260705,
    "end": 1572053260745,
    "duration": 40,
    "pid": 8120,
    "index": 40
  },
  {
    "name": "Require(33) node_modules/egg-security/app/extend/helper.js",
    "start": 1572053260706,
    "end": 1572053260738,
    "duration": 32,
    "pid": 8120,
    "index": 41
  },
  {
    "name": "Require(34) node_modules/egg/app/extend/helper.js",
    "start": 1572053260741,
    "end": 1572053260741,
    "duration": 0,
    "pid": 8120,
    "index": 42
  },
  {
    "name": "Load app.js",
    "start": 1572053260745,
    "end": 1572053260884,
    "duration": 139,
    "pid": 8120,
    "index": 43
  },
  {
    "name": "Require(35) node_modules/egg-session/app.js",
    "start": 1572053260746,
    "end": 1572053260748,
    "duration": 2,
    "pid": 8120,
    "index": 44
  },
  {
    "name": "Require(36) node_modules/egg-security/app.js",
    "start": 1572053260750,
    "end": 1572053260753,
    "duration": 3,
    "pid": 8120,
    "index": 45
  },
  {
    "name": "Require(37) node_modules/egg-onerror/app.js",
    "start": 1572053260754,
    "end": 1572053260787,
    "duration": 33,
    "pid": 8120,
    "index": 46
  },
  {
    "name": "Require(38) node_modules/egg-i18n/app.js",
    "start": 1572053260788,
    "end": 1572053260817,
    "duration": 29,
    "pid": 8120,
    "index": 47
  },
  {
    "name": "Require(39) node_modules/egg-watcher/app.js",
    "start": 1572053260817,
    "end": 1572053260823,
    "duration": 6,
    "pid": 8120,
    "index": 48
  },
  {
    "name": "Require(40) node_modules/egg-schedule/app.js",
    "start": 1572053260824,
    "end": 1572053260826,
    "duration": 2,
    "pid": 8120,
    "index": 49
  },
  {
    "name": "Require(41) node_modules/egg-multipart/app.js",
    "start": 1572053260827,
    "end": 1572053260831,
    "duration": 4,
    "pid": 8120,
    "index": 50
  },
  {
    "name": "Require(42) node_modules/egg-development/app.js",
    "start": 1572053260831,
    "end": 1572053260832,
    "duration": 1,
    "pid": 8120,
    "index": 51
  },
  {
    "name": "Require(43) node_modules/egg-logrotator/app.js",
    "start": 1572053260832,
    "end": 1572053260832,
    "duration": 0,
    "pid": 8120,
    "index": 52
  },
  {
    "name": "Require(44) node_modules/egg-static/app.js",
    "start": 1572053260833,
    "end": 1572053260833,
    "duration": 0,
    "pid": 8120,
    "index": 53
  },
  {
    "name": "Require(45) node_modules/egg-mysql/app.js",
    "start": 1572053260834,
    "end": 1572053260882,
    "duration": 48,
    "pid": 8120,
    "index": 54
  },
  {
    "name": "Before Start in node_modules/egg-watcher/lib/init.js:15:14",
    "start": 1572053260902,
    "end": 1572053261624,
    "duration": 722,
    "pid": 8120,
    "index": 55
  },
  {
    "name": "Before Start in node_modules/egg-mysql/lib/mysql.js:20:7",
    "start": 1572053261232,
    "end": 1572053261632,
    "duration": 400,
    "pid": 8120,
    "index": 56
  },
  {
    "name": "Load Service",
    "start": 1572053261232,
    "end": 1572053261264,
    "duration": 32,
    "pid": 8120,
    "index": 57
  },
  {
    "name": "Load \"service\" to Context",
    "start": 1572053261233,
    "end": 1572053261264,
    "duration": 31,
    "pid": 8120,
    "index": 58
  },
  {
    "name": "Load Middleware",
    "start": 1572053261264,
    "end": 1572053261473,
    "duration": 209,
    "pid": 8120,
    "index": 59
  },
  {
    "name": "Load \"middlewares\" to Application",
    "start": 1572053261265,
    "end": 1572053261458,
    "duration": 193,
    "pid": 8120,
    "index": 60
  },
  {
    "name": "Load Controller",
    "start": 1572053261473,
    "end": 1572053261559,
    "duration": 86,
    "pid": 8120,
    "index": 61
  },
  {
    "name": "Load \"controller\" to Application",
    "start": 1572053261473,
    "end": 1572053261559,
    "duration": 86,
    "pid": 8120,
    "index": 62
  },
  {
    "name": "Load Router",
    "start": 1572053261559,
    "end": 1572053261563,
    "duration": 4,
    "pid": 8120,
    "index": 63
  },
  {
    "name": "Require(46) app/router.js",
    "start": 1572053261560,
    "end": 1572053261561,
    "duration": 1,
    "pid": 8120,
    "index": 64
  },
  {
    "name": "Before Start in node_modules/egg-core/lib/egg.js:303:10",
    "start": 1572053261561,
    "end": 1572053261601,
    "duration": 40,
    "pid": 8120,
    "index": 65
  }
]