[
  {
    "name": "Application Start",
    "start": 1572055527008,
    "end": 1572055528160,
    "duration": 1152,
    "pid": 5500,
    "index": 0
  },
  {
    "name": "Load Plugin",
    "start": 1572055527016,
    "end": 1572055527065,
    "duration": 49,
    "pid": 5500,
    "index": 1
  },
  {
    "name": "Load Config",
    "start": 1572055527065,
    "end": 1572055527120,
    "duration": 55,
    "pid": 5500,
    "index": 2
  },
  {
    "name": "Require(0) config/config.default.js",
    "start": 1572055527066,
    "end": 1572055527066,
    "duration": 0,
    "pid": 5500,
    "index": 3
  },
  {
    "name": "Require(1) node_modules/egg-session/config/config.default.js",
    "start": 1572055527068,
    "end": 1572055527069,
    "duration": 1,
    "pid": 5500,
    "index": 4
  },
  {
    "name": "Require(2) node_modules/egg-security/config/config.default.js",
    "start": 1572055527070,
    "end": 1572055527070,
    "duration": 0,
    "pid": 5500,
    "index": 5
  },
  {
    "name": "Require(3) node_modules/egg-jsonp/config/config.default.js",
    "start": 1572055527071,
    "end": 1572055527072,
    "duration": 1,
    "pid": 5500,
    "index": 6
  },
  {
    "name": "Require(4) node_modules/egg-onerror/config/config.default.js",
    "start": 1572055527073,
    "end": 1572055527074,
    "duration": 1,
    "pid": 5500,
    "index": 7
  },
  {
    "name": "Require(5) node_modules/egg-i18n/config/config.default.js",
    "start": 1572055527074,
    "end": 1572055527075,
    "duration": 1,
    "pid": 5500,
    "index": 8
  },
  {
    "name": "Require(6) node_modules/egg-watcher/config/config.default.js",
    "start": 1572055527076,
    "end": 1572055527076,
    "duration": 0,
    "pid": 5500,
    "index": 9
  },
  {
    "name": "Require(7) node_modules/egg-schedule/config/config.default.js",
    "start": 1572055527077,
    "end": 1572055527077,
    "duration": 0,
    "pid": 5500,
    "index": 10
  },
  {
    "name": "Require(8) node_modules/egg-multipart/config/config.default.js",
    "start": 1572055527078,
    "end": 1572055527079,
    "duration": 1,
    "pid": 5500,
    "index": 11
  },
  {
    "name": "Require(9) node_modules/egg-development/config/config.default.js",
    "start": 1572055527080,
    "end": 1572055527081,
    "duration": 1,
    "pid": 5500,
    "index": 12
  },
  {
    "name": "Require(10) node_modules/egg-logrotator/config/config.default.js",
    "start": 1572055527082,
    "end": 1572055527084,
    "duration": 2,
    "pid": 5500,
    "index": 13
  },
  {
    "name": "Require(11) node_modules/egg-static/config/config.default.js",
    "start": 1572055527085,
    "end": 1572055527086,
    "duration": 1,
    "pid": 5500,
    "index": 14
  },
  {
    "name": "Require(12) node_modules/egg-view/config/config.default.js",
    "start": 1572055527087,
    "end": 1572055527087,
    "duration": 0,
    "pid": 5500,
    "index": 15
  },
  {
    "name": "Require(13) node_modules/egg-mysql/config/config.default.js",
    "start": 1572055527088,
    "end": 1572055527089,
    "duration": 1,
    "pid": 5500,
    "index": 16
  },
  {
    "name": "Require(14) node_modules/egg/config/config.default.js",
    "start": 1572055527089,
    "end": 1572055527090,
    "duration": 1,
    "pid": 5500,
    "index": 17
  },
  {
    "name": "Require(15) config/config.default.js",
    "start": 1572055527092,
    "end": 1572055527092,
    "duration": 0,
    "pid": 5500,
    "index": 18
  },
  {
    "name": "Require(16) node_modules/egg-security/config/config.local.js",
    "start": 1572055527094,
    "end": 1572055527094,
    "duration": 0,
    "pid": 5500,
    "index": 19
  },
  {
    "name": "Require(17) node_modules/egg-watcher/config/config.local.js",
    "start": 1572055527098,
    "end": 1572055527098,
    "duration": 0,
    "pid": 5500,
    "index": 20
  },
  {
    "name": "Require(18) node_modules/egg-view/config/config.local.js",
    "start": 1572055527106,
    "end": 1572055527116,
    "duration": 10,
    "pid": 5500,
    "index": 21
  },
  {
    "name": "Require(19) node_modules/egg/config/config.local.js",
    "start": 1572055527119,
    "end": 1572055527119,
    "duration": 0,
    "pid": 5500,
    "index": 22
  },
  {
    "name": "Load extend/application.js",
    "start": 1572055527123,
    "end": 1572055527148,
    "duration": 25,
    "pid": 5500,
    "index": 23
  },
  {
    "name": "Require(20) node_modules/egg-session/app/extend/application.js",
    "start": 1572055527124,
    "end": 1572055527125,
    "duration": 1,
    "pid": 5500,
    "index": 24
  },
  {
    "name": "Require(21) node_modules/egg-security/app/extend/application.js",
    "start": 1572055527125,
    "end": 1572055527129,
    "duration": 4,
    "pid": 5500,
    "index": 25
  },
  {
    "name": "Require(22) node_modules/egg-jsonp/app/extend/application.js",
    "start": 1572055527131,
    "end": 1572055527134,
    "duration": 3,
    "pid": 5500,
    "index": 26
  },
  {
    "name": "Require(23) node_modules/egg-logrotator/app/extend/application.js",
    "start": 1572055527137,
    "end": 1572055527140,
    "duration": 3,
    "pid": 5500,
    "index": 27
  },
  {
    "name": "Require(24) node_modules/egg-view/app/extend/application.js",
    "start": 1572055527141,
    "end": 1572055527143,
    "duration": 2,
    "pid": 5500,
    "index": 28
  },
  {
    "name": "Load extend/request.js",
    "start": 1572055527148,
    "end": 1572055527157,
    "duration": 9,
    "pid": 5500,
    "index": 29
  },
  {
    "name": "Require(25) node_modules/egg/app/extend/request.js",
    "start": 1572055527152,
    "end": 1572055527154,
    "duration": 2,
    "pid": 5500,
    "index": 30
  },
  {
    "name": "Load extend/response.js",
    "start": 1572055527157,
    "end": 1572055527169,
    "duration": 12,
    "pid": 5500,
    "index": 31
  },
  {
    "name": "Require(26) node_modules/egg/app/extend/response.js",
    "start": 1572055527161,
    "end": 1572055527164,
    "duration": 3,
    "pid": 5500,
    "index": 32
  },
  {
    "name": "Load extend/context.js",
    "start": 1572055527169,
    "end": 1572055527304,
    "duration": 135,
    "pid": 5500,
    "index": 33
  },
  {
    "name": "Require(27) node_modules/egg-security/app/extend/context.js",
    "start": 1572055527171,
    "end": 1572055527191,
    "duration": 20,
    "pid": 5500,
    "index": 34
  },
  {
    "name": "Require(28) node_modules/egg-jsonp/app/extend/context.js",
    "start": 1572055527191,
    "end": 1572055527193,
    "duration": 2,
    "pid": 5500,
    "index": 35
  },
  {
    "name": "Require(29) node_modules/egg-i18n/app/extend/context.js",
    "start": 1572055527194,
    "end": 1572055527195,
    "duration": 1,
    "pid": 5500,
    "index": 36
  },
  {
    "name": "Require(30) node_modules/egg-multipart/app/extend/context.js",
    "start": 1572055527196,
    "end": 1572055527285,
    "duration": 89,
    "pid": 5500,
    "index": 37
  },
  {
    "name": "Require(31) node_modules/egg-view/app/extend/context.js",
    "start": 1572055527286,
    "end": 1572055527288,
    "duration": 2,
    "pid": 5500,
    "index": 38
  },
  {
    "name": "Require(32) node_modules/egg/app/extend/context.js",
    "start": 1572055527289,
    "end": 1572055527297,
    "duration": 8,
    "pid": 5500,
    "index": 39
  },
  {
    "name": "Load extend/helper.js",
    "start": 1572055527304,
    "end": 1572055527345,
    "duration": 41,
    "pid": 5500,
    "index": 40
  },
  {
    "name": "Require(33) node_modules/egg-security/app/extend/helper.js",
    "start": 1572055527305,
    "end": 1572055527338,
    "duration": 33,
    "pid": 5500,
    "index": 41
  },
  {
    "name": "Require(34) node_modules/egg/app/extend/helper.js",
    "start": 1572055527341,
    "end": 1572055527342,
    "duration": 1,
    "pid": 5500,
    "index": 42
  },
  {
    "name": "Load app.js",
    "start": 1572055527346,
    "end": 1572055527469,
    "duration": 123,
    "pid": 5500,
    "index": 43
  },
  {
    "name": "Require(35) node_modules/egg-session/app.js",
    "start": 1572055527346,
    "end": 1572055527346,
    "duration": 0,
    "pid": 5500,
    "index": 44
  },
  {
    "name": "Require(36) node_modules/egg-security/app.js",
    "start": 1572055527347,
    "end": 1572055527350,
    "duration": 3,
    "pid": 5500,
    "index": 45
  },
  {
    "name": "Require(37) node_modules/egg-onerror/app.js",
    "start": 1572055527351,
    "end": 1572055527373,
    "duration": 22,
    "pid": 5500,
    "index": 46
  },
  {
    "name": "Require(38) node_modules/egg-i18n/app.js",
    "start": 1572055527374,
    "end": 1572055527416,
    "duration": 42,
    "pid": 5500,
    "index": 47
  },
  {
    "name": "Require(39) node_modules/egg-watcher/app.js",
    "start": 1572055527417,
    "end": 1572055527424,
    "duration": 7,
    "pid": 5500,
    "index": 48
  },
  {
    "name": "Require(40) node_modules/egg-schedule/app.js",
    "start": 1572055527425,
    "end": 1572055527427,
    "duration": 2,
    "pid": 5500,
    "index": 49
  },
  {
    "name": "Require(41) node_modules/egg-multipart/app.js",
    "start": 1572055527427,
    "end": 1572055527431,
    "duration": 4,
    "pid": 5500,
    "index": 50
  },
  {
    "name": "Require(42) node_modules/egg-development/app.js",
    "start": 1572055527432,
    "end": 1572055527432,
    "duration": 0,
    "pid": 5500,
    "index": 51
  },
  {
    "name": "Require(43) node_modules/egg-logrotator/app.js",
    "start": 1572055527433,
    "end": 1572055527433,
    "duration": 0,
    "pid": 5500,
    "index": 52
  },
  {
    "name": "Require(44) node_modules/egg-static/app.js",
    "start": 1572055527433,
    "end": 1572055527434,
    "duration": 1,
    "pid": 5500,
    "index": 53
  },
  {
    "name": "Require(45) node_modules/egg-mysql/app.js",
    "start": 1572055527435,
    "end": 1572055527465,
    "duration": 30,
    "pid": 5500,
    "index": 54
  },
  {
    "name": "Before Start in node_modules/egg-watcher/lib/init.js:15:14",
    "start": 1572055527505,
    "end": 1572055528156,
    "duration": 651,
    "pid": 5500,
    "index": 55
  },
  {
    "name": "Before Start in node_modules/egg-mysql/lib/mysql.js:20:7",
    "start": 1572055527800,
    "end": 1572055528159,
    "duration": 359,
    "pid": 5500,
    "index": 56
  },
  {
    "name": "Load Service",
    "start": 1572055527801,
    "end": 1572055527813,
    "duration": 12,
    "pid": 5500,
    "index": 57
  },
  {
    "name": "Load \"service\" to Context",
    "start": 1572055527801,
    "end": 1572055527813,
    "duration": 12,
    "pid": 5500,
    "index": 58
  },
  {
    "name": "Load Middleware",
    "start": 1572055527813,
    "end": 1572055528006,
    "duration": 193,
    "pid": 5500,
    "index": 59
  },
  {
    "name": "Load \"middlewares\" to Application",
    "start": 1572055527813,
    "end": 1572055527987,
    "duration": 174,
    "pid": 5500,
    "index": 60
  },
  {
    "name": "Load Controller",
    "start": 1572055528006,
    "end": 1572055528079,
    "duration": 73,
    "pid": 5500,
    "index": 61
  },
  {
    "name": "Load \"controller\" to Application",
    "start": 1572055528006,
    "end": 1572055528079,
    "duration": 73,
    "pid": 5500,
    "index": 62
  },
  {
    "name": "Load Router",
    "start": 1572055528079,
    "end": 1572055528082,
    "duration": 3,
    "pid": 5500,
    "index": 63
  },
  {
    "name": "Require(46) app/router.js",
    "start": 1572055528080,
    "end": 1572055528080,
    "duration": 0,
    "pid": 5500,
    "index": 64
  },
  {
    "name": "Before Start in node_modules/egg-core/lib/egg.js:303:10",
    "start": 1572055528081,
    "end": 1572055528136,
    "duration": 55,
    "pid": 5500,
    "index": 65
  }
]