[
  {
    "name": "Application Start",
    "start": 1572055707646,
    "end": 1572055709945,
    "duration": 2299,
    "pid": 7132,
    "index": 0
  },
  {
    "name": "Load Plugin",
    "start": 1572055707661,
    "end": 1572055707806,
    "duration": 145,
    "pid": 7132,
    "index": 1
  },
  {
    "name": "Load Config",
    "start": 1572055707807,
    "end": 1572055707923,
    "duration": 116,
    "pid": 7132,
    "index": 2
  },
  {
    "name": "Require(0) config/config.default.js",
    "start": 1572055707812,
    "end": 1572055707812,
    "duration": 0,
    "pid": 7132,
    "index": 3
  },
  {
    "name": "Require(1) node_modules/egg-session/config/config.default.js",
    "start": 1572055707818,
    "end": 1572055707819,
    "duration": 1,
    "pid": 7132,
    "index": 4
  },
  {
    "name": "Require(2) node_modules/egg-security/config/config.default.js",
    "start": 1572055707820,
    "end": 1572055707821,
    "duration": 1,
    "pid": 7132,
    "index": 5
  },
  {
    "name": "Require(3) node_modules/egg-jsonp/config/config.default.js",
    "start": 1572055707823,
    "end": 1572055707824,
    "duration": 1,
    "pid": 7132,
    "index": 6
  },
  {
    "name": "Require(4) node_modules/egg-onerror/config/config.default.js",
    "start": 1572055707830,
    "end": 1572055707836,
    "duration": 6,
    "pid": 7132,
    "index": 7
  },
  {
    "name": "Require(5) node_modules/egg-i18n/config/config.default.js",
    "start": 1572055707837,
    "end": 1572055707837,
    "duration": 0,
    "pid": 7132,
    "index": 8
  },
  {
    "name": "Require(6) node_modules/egg-watcher/config/config.default.js",
    "start": 1572055707839,
    "end": 1572055707839,
    "duration": 0,
    "pid": 7132,
    "index": 9
  },
  {
    "name": "Require(7) node_modules/egg-schedule/config/config.default.js",
    "start": 1572055707847,
    "end": 1572055707848,
    "duration": 1,
    "pid": 7132,
    "index": 10
  },
  {
    "name": "Require(8) node_modules/egg-multipart/config/config.default.js",
    "start": 1572055707852,
    "end": 1572055707852,
    "duration": 0,
    "pid": 7132,
    "index": 11
  },
  {
    "name": "Require(9) node_modules/egg-development/config/config.default.js",
    "start": 1572055707855,
    "end": 1572055707856,
    "duration": 1,
    "pid": 7132,
    "index": 12
  },
  {
    "name": "Require(10) node_modules/egg-logrotator/config/config.default.js",
    "start": 1572055707881,
    "end": 1572055707885,
    "duration": 4,
    "pid": 7132,
    "index": 13
  },
  {
    "name": "Require(11) node_modules/egg-static/config/config.default.js",
    "start": 1572055707889,
    "end": 1572055707890,
    "duration": 1,
    "pid": 7132,
    "index": 14
  },
  {
    "name": "Require(12) node_modules/egg-view/config/config.default.js",
    "start": 1572055707891,
    "end": 1572055707892,
    "duration": 1,
    "pid": 7132,
    "index": 15
  },
  {
    "name": "Require(13) node_modules/egg-mysql/config/config.default.js",
    "start": 1572055707898,
    "end": 1572055707899,
    "duration": 1,
    "pid": 7132,
    "index": 16
  },
  {
    "name": "Require(14) node_modules/egg/config/config.default.js",
    "start": 1572055707900,
    "end": 1572055707904,
    "duration": 4,
    "pid": 7132,
    "index": 17
  },
  {
    "name": "Require(15) config/config.default.js",
    "start": 1572055707906,
    "end": 1572055707906,
    "duration": 0,
    "pid": 7132,
    "index": 18
  },
  {
    "name": "Require(16) node_modules/egg-security/config/config.local.js",
    "start": 1572055707909,
    "end": 1572055707912,
    "duration": 3,
    "pid": 7132,
    "index": 19
  },
  {
    "name": "Require(17) node_modules/egg-watcher/config/config.local.js",
    "start": 1572055707916,
    "end": 1572055707916,
    "duration": 0,
    "pid": 7132,
    "index": 20
  },
  {
    "name": "Require(18) node_modules/egg-view/config/config.local.js",
    "start": 1572055707919,
    "end": 1572055707920,
    "duration": 1,
    "pid": 7132,
    "index": 21
  },
  {
    "name": "Require(19) node_modules/egg/config/config.local.js",
    "start": 1572055707922,
    "end": 1572055707922,
    "duration": 0,
    "pid": 7132,
    "index": 22
  },
  {
    "name": "Load extend/application.js",
    "start": 1572055707925,
    "end": 1572055708180,
    "duration": 255,
    "pid": 7132,
    "index": 23
  },
  {
    "name": "Require(20) node_modules/egg-session/app/extend/application.js",
    "start": 1572055707928,
    "end": 1572055707936,
    "duration": 8,
    "pid": 7132,
    "index": 24
  },
  {
    "name": "Require(21) node_modules/egg-security/app/extend/application.js",
    "start": 1572055707937,
    "end": 1572055707941,
    "duration": 4,
    "pid": 7132,
    "index": 25
  },
  {
    "name": "Require(22) node_modules/egg-jsonp/app/extend/application.js",
    "start": 1572055707942,
    "end": 1572055707997,
    "duration": 55,
    "pid": 7132,
    "index": 26
  },
  {
    "name": "Require(23) node_modules/egg-logrotator/app/extend/application.js",
    "start": 1572055708002,
    "end": 1572055708109,
    "duration": 107,
    "pid": 7132,
    "index": 27
  },
  {
    "name": "Require(24) node_modules/egg-view/app/extend/application.js",
    "start": 1572055708123,
    "end": 1572055708162,
    "duration": 39,
    "pid": 7132,
    "index": 28
  },
  {
    "name": "Load extend/request.js",
    "start": 1572055708180,
    "end": 1572055708249,
    "duration": 69,
    "pid": 7132,
    "index": 29
  },
  {
    "name": "Require(25) node_modules/egg/app/extend/request.js",
    "start": 1572055708187,
    "end": 1572055708190,
    "duration": 3,
    "pid": 7132,
    "index": 30
  },
  {
    "name": "Load extend/response.js",
    "start": 1572055708250,
    "end": 1572055708348,
    "duration": 98,
    "pid": 7132,
    "index": 31
  },
  {
    "name": "Require(26) node_modules/egg/app/extend/response.js",
    "start": 1572055708262,
    "end": 1572055708282,
    "duration": 20,
    "pid": 7132,
    "index": 32
  },
  {
    "name": "Load extend/context.js",
    "start": 1572055708348,
    "end": 1572055708812,
    "duration": 464,
    "pid": 7132,
    "index": 33
  },
  {
    "name": "Require(27) node_modules/egg-security/app/extend/context.js",
    "start": 1572055708356,
    "end": 1572055708463,
    "duration": 107,
    "pid": 7132,
    "index": 34
  },
  {
    "name": "Require(28) node_modules/egg-jsonp/app/extend/context.js",
    "start": 1572055708464,
    "end": 1572055708467,
    "duration": 3,
    "pid": 7132,
    "index": 35
  },
  {
    "name": "Require(29) node_modules/egg-i18n/app/extend/context.js",
    "start": 1572055708469,
    "end": 1572055708471,
    "duration": 2,
    "pid": 7132,
    "index": 36
  },
  {
    "name": "Require(30) node_modules/egg-multipart/app/extend/context.js",
    "start": 1572055708474,
    "end": 1572055708779,
    "duration": 305,
    "pid": 7132,
    "index": 37
  },
  {
    "name": "Require(31) node_modules/egg-view/app/extend/context.js",
    "start": 1572055708781,
    "end": 1572055708785,
    "duration": 4,
    "pid": 7132,
    "index": 38
  },
  {
    "name": "Require(32) node_modules/egg/app/extend/context.js",
    "start": 1572055708792,
    "end": 1572055708803,
    "duration": 11,
    "pid": 7132,
    "index": 39
  },
  {
    "name": "Load extend/helper.js",
    "start": 1572055708812,
    "end": 1572055708899,
    "duration": 87,
    "pid": 7132,
    "index": 40
  },
  {
    "name": "Require(33) node_modules/egg-security/app/extend/helper.js",
    "start": 1572055708814,
    "end": 1572055708885,
    "duration": 71,
    "pid": 7132,
    "index": 41
  },
  {
    "name": "Require(34) node_modules/egg/app/extend/helper.js",
    "start": 1572055708892,
    "end": 1572055708893,
    "duration": 1,
    "pid": 7132,
    "index": 42
  },
  {
    "name": "Load app.js",
    "start": 1572055708899,
    "end": 1572055709094,
    "duration": 195,
    "pid": 7132,
    "index": 43
  },
  {
    "name": "Require(35) node_modules/egg-session/app.js",
    "start": 1572055708900,
    "end": 1572055708900,
    "duration": 0,
    "pid": 7132,
    "index": 44
  },
  {
    "name": "Require(36) node_modules/egg-security/app.js",
    "start": 1572055708905,
    "end": 1572055708910,
    "duration": 5,
    "pid": 7132,
    "index": 45
  },
  {
    "name": "Require(37) node_modules/egg-onerror/app.js",
    "start": 1572055708912,
    "end": 1572055708932,
    "duration": 20,
    "pid": 7132,
    "index": 46
  },
  {
    "name": "Require(38) node_modules/egg-i18n/app.js",
    "start": 1572055708933,
    "end": 1572055709002,
    "duration": 69,
    "pid": 7132,
    "index": 47
  },
  {
    "name": "Require(39) node_modules/egg-watcher/app.js",
    "start": 1572055709003,
    "end": 1572055709010,
    "duration": 7,
    "pid": 7132,
    "index": 48
  },
  {
    "name": "Require(40) node_modules/egg-schedule/app.js",
    "start": 1572055709011,
    "end": 1572055709016,
    "duration": 5,
    "pid": 7132,
    "index": 49
  },
  {
    "name": "Require(41) node_modules/egg-multipart/app.js",
    "start": 1572055709016,
    "end": 1572055709021,
    "duration": 5,
    "pid": 7132,
    "index": 50
  },
  {
    "name": "Require(42) node_modules/egg-development/app.js",
    "start": 1572055709022,
    "end": 1572055709023,
    "duration": 1,
    "pid": 7132,
    "index": 51
  },
  {
    "name": "Require(43) node_modules/egg-logrotator/app.js",
    "start": 1572055709023,
    "end": 1572055709024,
    "duration": 1,
    "pid": 7132,
    "index": 52
  },
  {
    "name": "Require(44) node_modules/egg-static/app.js",
    "start": 1572055709025,
    "end": 1572055709025,
    "duration": 0,
    "pid": 7132,
    "index": 53
  },
  {
    "name": "Require(45) node_modules/egg-mysql/app.js",
    "start": 1572055709035,
    "end": 1572055709092,
    "duration": 57,
    "pid": 7132,
    "index": 54
  },
  {
    "name": "Before Start in node_modules/egg-watcher/lib/init.js:15:14",
    "start": 1572055709116,
    "end": 1572055709932,
    "duration": 816,
    "pid": 7132,
    "index": 55
  },
  {
    "name": "Before Start in node_modules/egg-mysql/lib/mysql.js:20:7",
    "start": 1572055709440,
    "end": 1572055709944,
    "duration": 504,
    "pid": 7132,
    "index": 56
  },
  {
    "name": "Load Service",
    "start": 1572055709441,
    "end": 1572055709457,
    "duration": 16,
    "pid": 7132,
    "index": 57
  },
  {
    "name": "Load \"service\" to Context",
    "start": 1572055709441,
    "end": 1572055709457,
    "duration": 16,
    "pid": 7132,
    "index": 58
  },
  {
    "name": "Load Middleware",
    "start": 1572055709458,
    "end": 1572055709748,
    "duration": 290,
    "pid": 7132,
    "index": 59
  },
  {
    "name": "Load \"middlewares\" to Application",
    "start": 1572055709458,
    "end": 1572055709726,
    "duration": 268,
    "pid": 7132,
    "index": 60
  },
  {
    "name": "Load Controller",
    "start": 1572055709748,
    "end": 1572055709841,
    "duration": 93,
    "pid": 7132,
    "index": 61
  },
  {
    "name": "Load \"controller\" to Application",
    "start": 1572055709749,
    "end": 1572055709841,
    "duration": 92,
    "pid": 7132,
    "index": 62
  },
  {
    "name": "Load Router",
    "start": 1572055709842,
    "end": 1572055709847,
    "duration": 5,
    "pid": 7132,
    "index": 63
  },
  {
    "name": "Require(46) app/router.js",
    "start": 1572055709842,
    "end": 1572055709843,
    "duration": 1,
    "pid": 7132,
    "index": 64
  },
  {
    "name": "Before Start in node_modules/egg-core/lib/egg.js:303:10",
    "start": 1572055709843,
    "end": 1572055709902,
    "duration": 59,
    "pid": 7132,
    "index": 65
  }
]