[
  {
    "name": "Application Start",
    "start": 1572055777606,
    "end": 1572055779313,
    "duration": 1707,
    "pid": 5244,
    "index": 0
  },
  {
    "name": "Load Plugin",
    "start": 1572055777619,
    "end": 1572055777704,
    "duration": 85,
    "pid": 5244,
    "index": 1
  },
  {
    "name": "Load Config",
    "start": 1572055777704,
    "end": 1572055777805,
    "duration": 101,
    "pid": 5244,
    "index": 2
  },
  {
    "name": "Require(0) config/config.default.js",
    "start": 1572055777706,
    "end": 1572055777707,
    "duration": 1,
    "pid": 5244,
    "index": 3
  },
  {
    "name": "Require(1) node_modules/egg-session/config/config.default.js",
    "start": 1572055777710,
    "end": 1572055777711,
    "duration": 1,
    "pid": 5244,
    "index": 4
  },
  {
    "name": "Require(2) node_modules/egg-security/config/config.default.js",
    "start": 1572055777715,
    "end": 1572055777716,
    "duration": 1,
    "pid": 5244,
    "index": 5
  },
  {
    "name": "Require(3) node_modules/egg-jsonp/config/config.default.js",
    "start": 1572055777719,
    "end": 1572055777719,
    "duration": 0,
    "pid": 5244,
    "index": 6
  },
  {
    "name": "Require(4) node_modules/egg-onerror/config/config.default.js",
    "start": 1572055777721,
    "end": 1572055777721,
    "duration": 0,
    "pid": 5244,
    "index": 7
  },
  {
    "name": "Require(5) node_modules/egg-i18n/config/config.default.js",
    "start": 1572055777723,
    "end": 1572055777723,
    "duration": 0,
    "pid": 5244,
    "index": 8
  },
  {
    "name": "Require(6) node_modules/egg-watcher/config/config.default.js",
    "start": 1572055777724,
    "end": 1572055777725,
    "duration": 1,
    "pid": 5244,
    "index": 9
  },
  {
    "name": "Require(7) node_modules/egg-schedule/config/config.default.js",
    "start": 1572055777732,
    "end": 1572055777733,
    "duration": 1,
    "pid": 5244,
    "index": 10
  },
  {
    "name": "Require(8) node_modules/egg-multipart/config/config.default.js",
    "start": 1572055777734,
    "end": 1572055777740,
    "duration": 6,
    "pid": 5244,
    "index": 11
  },
  {
    "name": "Require(9) node_modules/egg-development/config/config.default.js",
    "start": 1572055777767,
    "end": 1572055777768,
    "duration": 1,
    "pid": 5244,
    "index": 12
  },
  {
    "name": "Require(10) node_modules/egg-logrotator/config/config.default.js",
    "start": 1572055777772,
    "end": 1572055777779,
    "duration": 7,
    "pid": 5244,
    "index": 13
  },
  {
    "name": "Require(11) node_modules/egg-static/config/config.default.js",
    "start": 1572055777781,
    "end": 1572055777781,
    "duration": 0,
    "pid": 5244,
    "index": 14
  },
  {
    "name": "Require(12) node_modules/egg-view/config/config.default.js",
    "start": 1572055777782,
    "end": 1572055777783,
    "duration": 1,
    "pid": 5244,
    "index": 15
  },
  {
    "name": "Require(13) node_modules/egg-mysql/config/config.default.js",
    "start": 1572055777785,
    "end": 1572055777785,
    "duration": 0,
    "pid": 5244,
    "index": 16
  },
  {
    "name": "Require(14) node_modules/egg/config/config.default.js",
    "start": 1572055777787,
    "end": 1572055777788,
    "duration": 1,
    "pid": 5244,
    "index": 17
  },
  {
    "name": "Require(15) config/config.default.js",
    "start": 1572055777790,
    "end": 1572055777790,
    "duration": 0,
    "pid": 5244,
    "index": 18
  },
  {
    "name": "Require(16) node_modules/egg-security/config/config.local.js",
    "start": 1572055777792,
    "end": 1572055777793,
    "duration": 1,
    "pid": 5244,
    "index": 19
  },
  {
    "name": "Require(17) node_modules/egg-watcher/config/config.local.js",
    "start": 1572055777799,
    "end": 1572055777799,
    "duration": 0,
    "pid": 5244,
    "index": 20
  },
  {
    "name": "Require(18) node_modules/egg-view/config/config.local.js",
    "start": 1572055777803,
    "end": 1572055777803,
    "duration": 0,
    "pid": 5244,
    "index": 21
  },
  {
    "name": "Require(19) node_modules/egg/config/config.local.js",
    "start": 1572055777805,
    "end": 1572055777805,
    "duration": 0,
    "pid": 5244,
    "index": 22
  },
  {
    "name": "Load extend/application.js",
    "start": 1572055777808,
    "end": 1572055777904,
    "duration": 96,
    "pid": 5244,
    "index": 23
  },
  {
    "name": "Require(20) node_modules/egg-session/app/extend/application.js",
    "start": 1572055777810,
    "end": 1572055777812,
    "duration": 2,
    "pid": 5244,
    "index": 24
  },
  {
    "name": "Require(21) node_modules/egg-security/app/extend/application.js",
    "start": 1572055777814,
    "end": 1572055777816,
    "duration": 2,
    "pid": 5244,
    "index": 25
  },
  {
    "name": "Require(22) node_modules/egg-jsonp/app/extend/application.js",
    "start": 1572055777818,
    "end": 1572055777821,
    "duration": 3,
    "pid": 5244,
    "index": 26
  },
  {
    "name": "Require(23) node_modules/egg-logrotator/app/extend/application.js",
    "start": 1572055777824,
    "end": 1572055777868,
    "duration": 44,
    "pid": 5244,
    "index": 27
  },
  {
    "name": "Require(24) node_modules/egg-view/app/extend/application.js",
    "start": 1572055777882,
    "end": 1572055777888,
    "duration": 6,
    "pid": 5244,
    "index": 28
  },
  {
    "name": "Load extend/request.js",
    "start": 1572055777904,
    "end": 1572055777964,
    "duration": 60,
    "pid": 5244,
    "index": 29
  },
  {
    "name": "Require(25) node_modules/egg/app/extend/request.js",
    "start": 1572055777913,
    "end": 1572055777917,
    "duration": 4,
    "pid": 5244,
    "index": 30
  },
  {
    "name": "Load extend/response.js",
    "start": 1572055777964,
    "end": 1572055777998,
    "duration": 34,
    "pid": 5244,
    "index": 31
  },
  {
    "name": "Require(26) node_modules/egg/app/extend/response.js",
    "start": 1572055777973,
    "end": 1572055777978,
    "duration": 5,
    "pid": 5244,
    "index": 32
  },
  {
    "name": "Load extend/context.js",
    "start": 1572055777999,
    "end": 1572055778294,
    "duration": 295,
    "pid": 5244,
    "index": 33
  },
  {
    "name": "Require(27) node_modules/egg-security/app/extend/context.js",
    "start": 1572055778000,
    "end": 1572055778049,
    "duration": 49,
    "pid": 5244,
    "index": 34
  },
  {
    "name": "Require(28) node_modules/egg-jsonp/app/extend/context.js",
    "start": 1572055778050,
    "end": 1572055778057,
    "duration": 7,
    "pid": 5244,
    "index": 35
  },
  {
    "name": "Require(29) node_modules/egg-i18n/app/extend/context.js",
    "start": 1572055778058,
    "end": 1572055778060,
    "duration": 2,
    "pid": 5244,
    "index": 36
  },
  {
    "name": "Require(30) node_modules/egg-multipart/app/extend/context.js",
    "start": 1572055778070,
    "end": 1572055778273,
    "duration": 203,
    "pid": 5244,
    "index": 37
  },
  {
    "name": "Require(31) node_modules/egg-view/app/extend/context.js",
    "start": 1572055778274,
    "end": 1572055778278,
    "duration": 4,
    "pid": 5244,
    "index": 38
  },
  {
    "name": "Require(32) node_modules/egg/app/extend/context.js",
    "start": 1572055778279,
    "end": 1572055778288,
    "duration": 9,
    "pid": 5244,
    "index": 39
  },
  {
    "name": "Load extend/helper.js",
    "start": 1572055778294,
    "end": 1572055778349,
    "duration": 55,
    "pid": 5244,
    "index": 40
  },
  {
    "name": "Require(33) node_modules/egg-security/app/extend/helper.js",
    "start": 1572055778295,
    "end": 1572055778339,
    "duration": 44,
    "pid": 5244,
    "index": 41
  },
  {
    "name": "Require(34) node_modules/egg/app/extend/helper.js",
    "start": 1572055778345,
    "end": 1572055778346,
    "duration": 1,
    "pid": 5244,
    "index": 42
  },
  {
    "name": "Load app.js",
    "start": 1572055778349,
    "end": 1572055778475,
    "duration": 126,
    "pid": 5244,
    "index": 43
  },
  {
    "name": "Require(35) node_modules/egg-session/app.js",
    "start": 1572055778350,
    "end": 1572055778351,
    "duration": 1,
    "pid": 5244,
    "index": 44
  },
  {
    "name": "Require(36) node_modules/egg-security/app.js",
    "start": 1572055778352,
    "end": 1572055778354,
    "duration": 2,
    "pid": 5244,
    "index": 45
  },
  {
    "name": "Require(37) node_modules/egg-onerror/app.js",
    "start": 1572055778356,
    "end": 1572055778376,
    "duration": 20,
    "pid": 5244,
    "index": 46
  },
  {
    "name": "Require(38) node_modules/egg-i18n/app.js",
    "start": 1572055778377,
    "end": 1572055778420,
    "duration": 43,
    "pid": 5244,
    "index": 47
  },
  {
    "name": "Require(39) node_modules/egg-watcher/app.js",
    "start": 1572055778421,
    "end": 1572055778429,
    "duration": 8,
    "pid": 5244,
    "index": 48
  },
  {
    "name": "Require(40) node_modules/egg-schedule/app.js",
    "start": 1572055778429,
    "end": 1572055778432,
    "duration": 3,
    "pid": 5244,
    "index": 49
  },
  {
    "name": "Require(41) node_modules/egg-multipart/app.js",
    "start": 1572055778433,
    "end": 1572055778436,
    "duration": 3,
    "pid": 5244,
    "index": 50
  },
  {
    "name": "Require(42) node_modules/egg-development/app.js",
    "start": 1572055778437,
    "end": 1572055778437,
    "duration": 0,
    "pid": 5244,
    "index": 51
  },
  {
    "name": "Require(43) node_modules/egg-logrotator/app.js",
    "start": 1572055778438,
    "end": 1572055778438,
    "duration": 0,
    "pid": 5244,
    "index": 52
  },
  {
    "name": "Require(44) node_modules/egg-static/app.js",
    "start": 1572055778439,
    "end": 1572055778439,
    "duration": 0,
    "pid": 5244,
    "index": 53
  },
  {
    "name": "Require(45) node_modules/egg-mysql/app.js",
    "start": 1572055778440,
    "end": 1572055778472,
    "duration": 32,
    "pid": 5244,
    "index": 54
  },
  {
    "name": "Before Start in node_modules/egg-watcher/lib/init.js:15:14",
    "start": 1572055778511,
    "end": 1572055779268,
    "duration": 757,
    "pid": 5244,
    "index": 55
  },
  {
    "name": "Before Start in node_modules/egg-mysql/lib/mysql.js:20:7",
    "start": 1572055778697,
    "end": 1572055779312,
    "duration": 615,
    "pid": 5244,
    "index": 56
  },
  {
    "name": "Load Service",
    "start": 1572055778698,
    "end": 1572055778709,
    "duration": 11,
    "pid": 5244,
    "index": 57
  },
  {
    "name": "Load \"service\" to Context",
    "start": 1572055778698,
    "end": 1572055778709,
    "duration": 11,
    "pid": 5244,
    "index": 58
  },
  {
    "name": "Load Middleware",
    "start": 1572055778709,
    "end": 1572055779082,
    "duration": 373,
    "pid": 5244,
    "index": 59
  },
  {
    "name": "Load \"middlewares\" to Application",
    "start": 1572055778709,
    "end": 1572055779025,
    "duration": 316,
    "pid": 5244,
    "index": 60
  },
  {
    "name": "Load Controller",
    "start": 1572055779082,
    "end": 1572055779187,
    "duration": 105,
    "pid": 5244,
    "index": 61
  },
  {
    "name": "Load \"controller\" to Application",
    "start": 1572055779082,
    "end": 1572055779187,
    "duration": 105,
    "pid": 5244,
    "index": 62
  },
  {
    "name": "Load Router",
    "start": 1572055779187,
    "end": 1572055779197,
    "duration": 10,
    "pid": 5244,
    "index": 63
  },
  {
    "name": "Require(46) app/router.js",
    "start": 1572055779188,
    "end": 1572055779188,
    "duration": 0,
    "pid": 5244,
    "index": 64
  },
  {
    "name": "Before Start in node_modules/egg-core/lib/egg.js:303:10",
    "start": 1572055779189,
    "end": 1572055779240,
    "duration": 51,
    "pid": 5244,
    "index": 65
  }
]