[
  {
    "name": "Application Start",
    "start": 1572055519064,
    "end": 1572055520631,
    "duration": 1567,
    "pid": 616,
    "index": 0
  },
  {
    "name": "Load Plugin",
    "start": 1572055519072,
    "end": 1572055519130,
    "duration": 58,
    "pid": 616,
    "index": 1
  },
  {
    "name": "Load Config",
    "start": 1572055519131,
    "end": 1572055519174,
    "duration": 43,
    "pid": 616,
    "index": 2
  },
  {
    "name": "Require(0) config/config.default.js",
    "start": 1572055519132,
    "end": 1572055519132,
    "duration": 0,
    "pid": 616,
    "index": 3
  },
  {
    "name": "Require(1) node_modules/egg-session/config/config.default.js",
    "start": 1572055519134,
    "end": 1572055519135,
    "duration": 1,
    "pid": 616,
    "index": 4
  },
  {
    "name": "Require(2) node_modules/egg-security/config/config.default.js",
    "start": 1572055519136,
    "end": 1572055519137,
    "duration": 1,
    "pid": 616,
    "index": 5
  },
  {
    "name": "Require(3) node_modules/egg-jsonp/config/config.default.js",
    "start": 1572055519138,
    "end": 1572055519139,
    "duration": 1,
    "pid": 616,
    "index": 6
  },
  {
    "name": "Require(4) node_modules/egg-onerror/config/config.default.js",
    "start": 1572055519140,
    "end": 1572055519140,
    "duration": 0,
    "pid": 616,
    "index": 7
  },
  {
    "name": "Require(5) node_modules/egg-i18n/config/config.default.js",
    "start": 1572055519141,
    "end": 1572055519142,
    "duration": 1,
    "pid": 616,
    "index": 8
  },
  {
    "name": "Require(6) node_modules/egg-watcher/config/config.default.js",
    "start": 1572055519143,
    "end": 1572055519144,
    "duration": 1,
    "pid": 616,
    "index": 9
  },
  {
    "name": "Require(7) node_modules/egg-schedule/config/config.default.js",
    "start": 1572055519145,
    "end": 1572055519145,
    "duration": 0,
    "pid": 616,
    "index": 10
  },
  {
    "name": "Require(8) node_modules/egg-multipart/config/config.default.js",
    "start": 1572055519146,
    "end": 1572055519146,
    "duration": 0,
    "pid": 616,
    "index": 11
  },
  {
    "name": "Require(9) node_modules/egg-development/config/config.default.js",
    "start": 1572055519147,
    "end": 1572055519147,
    "duration": 0,
    "pid": 616,
    "index": 12
  },
  {
    "name": "Require(10) node_modules/egg-logrotator/config/config.default.js",
    "start": 1572055519148,
    "end": 1572055519151,
    "duration": 3,
    "pid": 616,
    "index": 13
  },
  {
    "name": "Require(11) node_modules/egg-static/config/config.default.js",
    "start": 1572055519152,
    "end": 1572055519154,
    "duration": 2,
    "pid": 616,
    "index": 14
  },
  {
    "name": "Require(12) node_modules/egg-view/config/config.default.js",
    "start": 1572055519155,
    "end": 1572055519155,
    "duration": 0,
    "pid": 616,
    "index": 15
  },
  {
    "name": "Require(13) node_modules/egg-mysql/config/config.default.js",
    "start": 1572055519156,
    "end": 1572055519157,
    "duration": 1,
    "pid": 616,
    "index": 16
  },
  {
    "name": "Require(14) node_modules/egg/config/config.default.js",
    "start": 1572055519158,
    "end": 1572055519158,
    "duration": 0,
    "pid": 616,
    "index": 17
  },
  {
    "name": "Require(15) config/config.default.js",
    "start": 1572055519160,
    "end": 1572055519160,
    "duration": 0,
    "pid": 616,
    "index": 18
  },
  {
    "name": "Require(16) node_modules/egg-security/config/config.local.js",
    "start": 1572055519162,
    "end": 1572055519162,
    "duration": 0,
    "pid": 616,
    "index": 19
  },
  {
    "name": "Require(17) node_modules/egg-watcher/config/config.local.js",
    "start": 1572055519164,
    "end": 1572055519164,
    "duration": 0,
    "pid": 616,
    "index": 20
  },
  {
    "name": "Require(18) node_modules/egg-view/config/config.local.js",
    "start": 1572055519166,
    "end": 1572055519166,
    "duration": 0,
    "pid": 616,
    "index": 21
  },
  {
    "name": "Require(19) node_modules/egg/config/config.local.js",
    "start": 1572055519173,
    "end": 1572055519174,
    "duration": 1,
    "pid": 616,
    "index": 22
  },
  {
    "name": "Load extend/application.js",
    "start": 1572055519176,
    "end": 1572055519223,
    "duration": 47,
    "pid": 616,
    "index": 23
  },
  {
    "name": "Require(20) node_modules/egg-session/app/extend/application.js",
    "start": 1572055519178,
    "end": 1572055519178,
    "duration": 0,
    "pid": 616,
    "index": 24
  },
  {
    "name": "Require(21) node_modules/egg-security/app/extend/application.js",
    "start": 1572055519180,
    "end": 1572055519188,
    "duration": 8,
    "pid": 616,
    "index": 25
  },
  {
    "name": "Require(22) node_modules/egg-jsonp/app/extend/application.js",
    "start": 1572055519190,
    "end": 1572055519194,
    "duration": 4,
    "pid": 616,
    "index": 26
  },
  {
    "name": "Require(23) node_modules/egg-logrotator/app/extend/application.js",
    "start": 1572055519202,
    "end": 1572055519210,
    "duration": 8,
    "pid": 616,
    "index": 27
  },
  {
    "name": "Require(24) node_modules/egg-view/app/extend/application.js",
    "start": 1572055519212,
    "end": 1572055519216,
    "duration": 4,
    "pid": 616,
    "index": 28
  },
  {
    "name": "Load extend/request.js",
    "start": 1572055519223,
    "end": 1572055519235,
    "duration": 12,
    "pid": 616,
    "index": 29
  },
  {
    "name": "Require(25) node_modules/egg/app/extend/request.js",
    "start": 1572055519227,
    "end": 1572055519230,
    "duration": 3,
    "pid": 616,
    "index": 30
  },
  {
    "name": "Load extend/response.js",
    "start": 1572055519235,
    "end": 1572055519258,
    "duration": 23,
    "pid": 616,
    "index": 31
  },
  {
    "name": "Require(26) node_modules/egg/app/extend/response.js",
    "start": 1572055519241,
    "end": 1572055519244,
    "duration": 3,
    "pid": 616,
    "index": 32
  },
  {
    "name": "Load extend/context.js",
    "start": 1572055519258,
    "end": 1572055519484,
    "duration": 226,
    "pid": 616,
    "index": 33
  },
  {
    "name": "Require(27) node_modules/egg-security/app/extend/context.js",
    "start": 1572055519263,
    "end": 1572055519323,
    "duration": 60,
    "pid": 616,
    "index": 34
  },
  {
    "name": "Require(28) node_modules/egg-jsonp/app/extend/context.js",
    "start": 1572055519324,
    "end": 1572055519327,
    "duration": 3,
    "pid": 616,
    "index": 35
  },
  {
    "name": "Require(29) node_modules/egg-i18n/app/extend/context.js",
    "start": 1572055519328,
    "end": 1572055519329,
    "duration": 1,
    "pid": 616,
    "index": 36
  },
  {
    "name": "Require(30) node_modules/egg-multipart/app/extend/context.js",
    "start": 1572055519330,
    "end": 1572055519429,
    "duration": 99,
    "pid": 616,
    "index": 37
  },
  {
    "name": "Require(31) node_modules/egg-view/app/extend/context.js",
    "start": 1572055519430,
    "end": 1572055519432,
    "duration": 2,
    "pid": 616,
    "index": 38
  },
  {
    "name": "Require(32) node_modules/egg/app/extend/context.js",
    "start": 1572055519433,
    "end": 1572055519438,
    "duration": 5,
    "pid": 616,
    "index": 39
  },
  {
    "name": "Load extend/helper.js",
    "start": 1572055519485,
    "end": 1572055519571,
    "duration": 86,
    "pid": 616,
    "index": 40
  },
  {
    "name": "Require(33) node_modules/egg-security/app/extend/helper.js",
    "start": 1572055519486,
    "end": 1572055519553,
    "duration": 67,
    "pid": 616,
    "index": 41
  },
  {
    "name": "Require(34) node_modules/egg/app/extend/helper.js",
    "start": 1572055519558,
    "end": 1572055519558,
    "duration": 0,
    "pid": 616,
    "index": 42
  },
  {
    "name": "Load app.js",
    "start": 1572055519572,
    "end": 1572055519875,
    "duration": 303,
    "pid": 616,
    "index": 43
  },
  {
    "name": "Require(35) node_modules/egg-session/app.js",
    "start": 1572055519573,
    "end": 1572055519574,
    "duration": 1,
    "pid": 616,
    "index": 44
  },
  {
    "name": "Require(36) node_modules/egg-security/app.js",
    "start": 1572055519576,
    "end": 1572055519598,
    "duration": 22,
    "pid": 616,
    "index": 45
  },
  {
    "name": "Require(37) node_modules/egg-onerror/app.js",
    "start": 1572055519600,
    "end": 1572055519630,
    "duration": 30,
    "pid": 616,
    "index": 46
  },
  {
    "name": "Require(38) node_modules/egg-i18n/app.js",
    "start": 1572055519631,
    "end": 1572055519720,
    "duration": 89,
    "pid": 616,
    "index": 47
  },
  {
    "name": "Require(39) node_modules/egg-watcher/app.js",
    "start": 1572055519721,
    "end": 1572055519728,
    "duration": 7,
    "pid": 616,
    "index": 48
  },
  {
    "name": "Require(40) node_modules/egg-schedule/app.js",
    "start": 1572055519735,
    "end": 1572055519741,
    "duration": 6,
    "pid": 616,
    "index": 49
  },
  {
    "name": "Require(41) node_modules/egg-multipart/app.js",
    "start": 1572055519745,
    "end": 1572055519756,
    "duration": 11,
    "pid": 616,
    "index": 50
  },
  {
    "name": "Require(42) node_modules/egg-development/app.js",
    "start": 1572055519757,
    "end": 1572055519758,
    "duration": 1,
    "pid": 616,
    "index": 51
  },
  {
    "name": "Require(43) node_modules/egg-logrotator/app.js",
    "start": 1572055519758,
    "end": 1572055519759,
    "duration": 1,
    "pid": 616,
    "index": 52
  },
  {
    "name": "Require(44) node_modules/egg-static/app.js",
    "start": 1572055519761,
    "end": 1572055519764,
    "duration": 3,
    "pid": 616,
    "index": 53
  },
  {
    "name": "Require(45) node_modules/egg-mysql/app.js",
    "start": 1572055519766,
    "end": 1572055519868,
    "duration": 102,
    "pid": 616,
    "index": 54
  },
  {
    "name": "Before Start in node_modules/egg-watcher/lib/init.js:15:14",
    "start": 1572055519927,
    "end": 1572055520621,
    "duration": 694,
    "pid": 616,
    "index": 55
  },
  {
    "name": "Before Start in node_modules/egg-mysql/lib/mysql.js:20:7",
    "start": 1572055520226,
    "end": 1572055520630,
    "duration": 404,
    "pid": 616,
    "index": 56
  },
  {
    "name": "Load Service",
    "start": 1572055520227,
    "end": 1572055520241,
    "duration": 14,
    "pid": 616,
    "index": 57
  },
  {
    "name": "Load \"service\" to Context",
    "start": 1572055520227,
    "end": 1572055520241,
    "duration": 14,
    "pid": 616,
    "index": 58
  },
  {
    "name": "Load Middleware",
    "start": 1572055520241,
    "end": 1572055520452,
    "duration": 211,
    "pid": 616,
    "index": 59
  },
  {
    "name": "Load \"middlewares\" to Application",
    "start": 1572055520241,
    "end": 1572055520434,
    "duration": 193,
    "pid": 616,
    "index": 60
  },
  {
    "name": "Load Controller",
    "start": 1572055520453,
    "end": 1572055520519,
    "duration": 66,
    "pid": 616,
    "index": 61
  },
  {
    "name": "Load \"controller\" to Application",
    "start": 1572055520453,
    "end": 1572055520519,
    "duration": 66,
    "pid": 616,
    "index": 62
  },
  {
    "name": "Load Router",
    "start": 1572055520519,
    "end": 1572055520522,
    "duration": 3,
    "pid": 616,
    "index": 63
  },
  {
    "name": "Require(46) app/router.js",
    "start": 1572055520520,
    "end": 1572055520520,
    "duration": 0,
    "pid": 616,
    "index": 64
  },
  {
    "name": "Before Start in node_modules/egg-core/lib/egg.js:303:10",
    "start": 1572055520521,
    "end": 1572055520559,
    "duration": 38,
    "pid": 616,
    "index": 65
  }
]