[
  {
    "name": "Application Start",
    "start": 1572056505764,
    "end": 1572056507329,
    "duration": 1565,
    "pid": 9776,
    "index": 0
  },
  {
    "name": "Load Plugin",
    "start": 1572056505771,
    "end": 1572056505823,
    "duration": 52,
    "pid": 9776,
    "index": 1
  },
  {
    "name": "Load Config",
    "start": 1572056505824,
    "end": 1572056505857,
    "duration": 33,
    "pid": 9776,
    "index": 2
  },
  {
    "name": "Require(0) config/config.default.js",
    "start": 1572056505825,
    "end": 1572056505826,
    "duration": 1,
    "pid": 9776,
    "index": 3
  },
  {
    "name": "Require(1) node_modules/egg-session/config/config.default.js",
    "start": 1572056505828,
    "end": 1572056505828,
    "duration": 0,
    "pid": 9776,
    "index": 4
  },
  {
    "name": "Require(2) node_modules/egg-security/config/config.default.js",
    "start": 1572056505829,
    "end": 1572056505829,
    "duration": 0,
    "pid": 9776,
    "index": 5
  },
  {
    "name": "Require(3) node_modules/egg-jsonp/config/config.default.js",
    "start": 1572056505830,
    "end": 1572056505831,
    "duration": 1,
    "pid": 9776,
    "index": 6
  },
  {
    "name": "Require(4) node_modules/egg-onerror/config/config.default.js",
    "start": 1572056505831,
    "end": 1572056505832,
    "duration": 1,
    "pid": 9776,
    "index": 7
  },
  {
    "name": "Require(5) node_modules/egg-i18n/config/config.default.js",
    "start": 1572056505833,
    "end": 1572056505833,
    "duration": 0,
    "pid": 9776,
    "index": 8
  },
  {
    "name": "Require(6) node_modules/egg-watcher/config/config.default.js",
    "start": 1572056505834,
    "end": 1572056505834,
    "duration": 0,
    "pid": 9776,
    "index": 9
  },
  {
    "name": "Require(7) node_modules/egg-schedule/config/config.default.js",
    "start": 1572056505835,
    "end": 1572056505835,
    "duration": 0,
    "pid": 9776,
    "index": 10
  },
  {
    "name": "Require(8) node_modules/egg-multipart/config/config.default.js",
    "start": 1572056505836,
    "end": 1572056505836,
    "duration": 0,
    "pid": 9776,
    "index": 11
  },
  {
    "name": "Require(9) node_modules/egg-development/config/config.default.js",
    "start": 1572056505837,
    "end": 1572056505838,
    "duration": 1,
    "pid": 9776,
    "index": 12
  },
  {
    "name": "Require(10) node_modules/egg-logrotator/config/config.default.js",
    "start": 1572056505838,
    "end": 1572056505841,
    "duration": 3,
    "pid": 9776,
    "index": 13
  },
  {
    "name": "Require(11) node_modules/egg-static/config/config.default.js",
    "start": 1572056505842,
    "end": 1572056505843,
    "duration": 1,
    "pid": 9776,
    "index": 14
  },
  {
    "name": "Require(12) node_modules/egg-view/config/config.default.js",
    "start": 1572056505843,
    "end": 1572056505844,
    "duration": 1,
    "pid": 9776,
    "index": 15
  },
  {
    "name": "Require(13) node_modules/egg-mysql/config/config.default.js",
    "start": 1572056505844,
    "end": 1572056505845,
    "duration": 1,
    "pid": 9776,
    "index": 16
  },
  {
    "name": "Require(14) node_modules/egg/config/config.default.js",
    "start": 1572056505845,
    "end": 1572056505846,
    "duration": 1,
    "pid": 9776,
    "index": 17
  },
  {
    "name": "Require(15) config/config.default.js",
    "start": 1572056505847,
    "end": 1572056505847,
    "duration": 0,
    "pid": 9776,
    "index": 18
  },
  {
    "name": "Require(16) node_modules/egg-security/config/config.local.js",
    "start": 1572056505848,
    "end": 1572056505849,
    "duration": 1,
    "pid": 9776,
    "index": 19
  },
  {
    "name": "Require(17) node_modules/egg-watcher/config/config.local.js",
    "start": 1572056505850,
    "end": 1572056505850,
    "duration": 0,
    "pid": 9776,
    "index": 20
  },
  {
    "name": "Require(18) node_modules/egg-view/config/config.local.js",
    "start": 1572056505853,
    "end": 1572056505853,
    "duration": 0,
    "pid": 9776,
    "index": 21
  },
  {
    "name": "Require(19) node_modules/egg/config/config.local.js",
    "start": 1572056505856,
    "end": 1572056505856,
    "duration": 0,
    "pid": 9776,
    "index": 22
  },
  {
    "name": "Load extend/application.js",
    "start": 1572056505860,
    "end": 1572056505910,
    "duration": 50,
    "pid": 9776,
    "index": 23
  },
  {
    "name": "Require(20) node_modules/egg-session/app/extend/application.js",
    "start": 1572056505861,
    "end": 1572056505862,
    "duration": 1,
    "pid": 9776,
    "index": 24
  },
  {
    "name": "Require(21) node_modules/egg-security/app/extend/application.js",
    "start": 1572056505863,
    "end": 1572056505865,
    "duration": 2,
    "pid": 9776,
    "index": 25
  },
  {
    "name": "Require(22) node_modules/egg-jsonp/app/extend/application.js",
    "start": 1572056505866,
    "end": 1572056505868,
    "duration": 2,
    "pid": 9776,
    "index": 26
  },
  {
    "name": "Require(23) node_modules/egg-logrotator/app/extend/application.js",
    "start": 1572056505873,
    "end": 1572056505880,
    "duration": 7,
    "pid": 9776,
    "index": 27
  },
  {
    "name": "Require(24) node_modules/egg-view/app/extend/application.js",
    "start": 1572056505882,
    "end": 1572056505894,
    "duration": 12,
    "pid": 9776,
    "index": 28
  },
  {
    "name": "Load extend/request.js",
    "start": 1572056505911,
    "end": 1572056505928,
    "duration": 17,
    "pid": 9776,
    "index": 29
  },
  {
    "name": "Require(25) node_modules/egg/app/extend/request.js",
    "start": 1572056505918,
    "end": 1572056505924,
    "duration": 6,
    "pid": 9776,
    "index": 30
  },
  {
    "name": "Load extend/response.js",
    "start": 1572056505928,
    "end": 1572056505940,
    "duration": 12,
    "pid": 9776,
    "index": 31
  },
  {
    "name": "Require(26) node_modules/egg/app/extend/response.js",
    "start": 1572056505932,
    "end": 1572056505935,
    "duration": 3,
    "pid": 9776,
    "index": 32
  },
  {
    "name": "Load extend/context.js",
    "start": 1572056505940,
    "end": 1572056506141,
    "duration": 201,
    "pid": 9776,
    "index": 33
  },
  {
    "name": "Require(27) node_modules/egg-security/app/extend/context.js",
    "start": 1572056505942,
    "end": 1572056505959,
    "duration": 17,
    "pid": 9776,
    "index": 34
  },
  {
    "name": "Require(28) node_modules/egg-jsonp/app/extend/context.js",
    "start": 1572056505959,
    "end": 1572056505962,
    "duration": 3,
    "pid": 9776,
    "index": 35
  },
  {
    "name": "Require(29) node_modules/egg-i18n/app/extend/context.js",
    "start": 1572056505967,
    "end": 1572056505967,
    "duration": 0,
    "pid": 9776,
    "index": 36
  },
  {
    "name": "Require(30) node_modules/egg-multipart/app/extend/context.js",
    "start": 1572056505969,
    "end": 1572056506123,
    "duration": 154,
    "pid": 9776,
    "index": 37
  },
  {
    "name": "Require(31) node_modules/egg-view/app/extend/context.js",
    "start": 1572056506124,
    "end": 1572056506126,
    "duration": 2,
    "pid": 9776,
    "index": 38
  },
  {
    "name": "Require(32) node_modules/egg/app/extend/context.js",
    "start": 1572056506129,
    "end": 1572056506134,
    "duration": 5,
    "pid": 9776,
    "index": 39
  },
  {
    "name": "Load extend/helper.js",
    "start": 1572056506142,
    "end": 1572056506230,
    "duration": 88,
    "pid": 9776,
    "index": 40
  },
  {
    "name": "Require(33) node_modules/egg-security/app/extend/helper.js",
    "start": 1572056506170,
    "end": 1572056506219,
    "duration": 49,
    "pid": 9776,
    "index": 41
  },
  {
    "name": "Require(34) node_modules/egg/app/extend/helper.js",
    "start": 1572056506224,
    "end": 1572056506225,
    "duration": 1,
    "pid": 9776,
    "index": 42
  },
  {
    "name": "Load app.js",
    "start": 1572056506230,
    "end": 1572056506416,
    "duration": 186,
    "pid": 9776,
    "index": 43
  },
  {
    "name": "Require(35) node_modules/egg-session/app.js",
    "start": 1572056506232,
    "end": 1572056506232,
    "duration": 0,
    "pid": 9776,
    "index": 44
  },
  {
    "name": "Require(36) node_modules/egg-security/app.js",
    "start": 1572056506233,
    "end": 1572056506238,
    "duration": 5,
    "pid": 9776,
    "index": 45
  },
  {
    "name": "Require(37) node_modules/egg-onerror/app.js",
    "start": 1572056506240,
    "end": 1572056506276,
    "duration": 36,
    "pid": 9776,
    "index": 46
  },
  {
    "name": "Require(38) node_modules/egg-i18n/app.js",
    "start": 1572056506277,
    "end": 1572056506331,
    "duration": 54,
    "pid": 9776,
    "index": 47
  },
  {
    "name": "Require(39) node_modules/egg-watcher/app.js",
    "start": 1572056506332,
    "end": 1572056506359,
    "duration": 27,
    "pid": 9776,
    "index": 48
  },
  {
    "name": "Require(40) node_modules/egg-schedule/app.js",
    "start": 1572056506360,
    "end": 1572056506368,
    "duration": 8,
    "pid": 9776,
    "index": 49
  },
  {
    "name": "Require(41) node_modules/egg-multipart/app.js",
    "start": 1572056506369,
    "end": 1572056506374,
    "duration": 5,
    "pid": 9776,
    "index": 50
  },
  {
    "name": "Require(42) node_modules/egg-development/app.js",
    "start": 1572056506374,
    "end": 1572056506375,
    "duration": 1,
    "pid": 9776,
    "index": 51
  },
  {
    "name": "Require(43) node_modules/egg-logrotator/app.js",
    "start": 1572056506376,
    "end": 1572056506376,
    "duration": 0,
    "pid": 9776,
    "index": 52
  },
  {
    "name": "Require(44) node_modules/egg-static/app.js",
    "start": 1572056506377,
    "end": 1572056506378,
    "duration": 1,
    "pid": 9776,
    "index": 53
  },
  {
    "name": "Require(45) node_modules/egg-mysql/app.js",
    "start": 1572056506379,
    "end": 1572056506414,
    "duration": 35,
    "pid": 9776,
    "index": 54
  },
  {
    "name": "Before Start in node_modules/egg-watcher/lib/init.js:15:14",
    "start": 1572056506457,
    "end": 1572056507310,
    "duration": 853,
    "pid": 9776,
    "index": 55
  },
  {
    "name": "Before Start in node_modules/egg-mysql/lib/mysql.js:20:7",
    "start": 1572056506739,
    "end": 1572056507328,
    "duration": 589,
    "pid": 9776,
    "index": 56
  },
  {
    "name": "Load Service",
    "start": 1572056506740,
    "end": 1572056506758,
    "duration": 18,
    "pid": 9776,
    "index": 57
  },
  {
    "name": "Load \"service\" to Context",
    "start": 1572056506740,
    "end": 1572056506758,
    "duration": 18,
    "pid": 9776,
    "index": 58
  },
  {
    "name": "Load Middleware",
    "start": 1572056506759,
    "end": 1572056507120,
    "duration": 361,
    "pid": 9776,
    "index": 59
  },
  {
    "name": "Load \"middlewares\" to Application",
    "start": 1572056506759,
    "end": 1572056507094,
    "duration": 335,
    "pid": 9776,
    "index": 60
  },
  {
    "name": "Load Controller",
    "start": 1572056507120,
    "end": 1572056507223,
    "duration": 103,
    "pid": 9776,
    "index": 61
  },
  {
    "name": "Load \"controller\" to Application",
    "start": 1572056507120,
    "end": 1572056507223,
    "duration": 103,
    "pid": 9776,
    "index": 62
  },
  {
    "name": "Load Router",
    "start": 1572056507223,
    "end": 1572056507227,
    "duration": 4,
    "pid": 9776,
    "index": 63
  },
  {
    "name": "Require(46) app/router.js",
    "start": 1572056507224,
    "end": 1572056507224,
    "duration": 0,
    "pid": 9776,
    "index": 64
  },
  {
    "name": "Before Start in node_modules/egg-core/lib/egg.js:303:10",
    "start": 1572056507225,
    "end": 1572056507284,
    "duration": 59,
    "pid": 9776,
    "index": 65
  }
]