[
  {
    "name": "Application Start",
    "start": 1572058797181,
    "end": 1572058798842,
    "duration": 1661,
    "pid": 9848,
    "index": 0
  },
  {
    "name": "Load Plugin",
    "start": 1572058797199,
    "end": 1572058797289,
    "duration": 90,
    "pid": 9848,
    "index": 1
  },
  {
    "name": "Load Config",
    "start": 1572058797289,
    "end": 1572058797385,
    "duration": 96,
    "pid": 9848,
    "index": 2
  },
  {
    "name": "Require(0) config/config.default.js",
    "start": 1572058797300,
    "end": 1572058797300,
    "duration": 0,
    "pid": 9848,
    "index": 3
  },
  {
    "name": "Require(1) node_modules/egg-session/config/config.default.js",
    "start": 1572058797304,
    "end": 1572058797306,
    "duration": 2,
    "pid": 9848,
    "index": 4
  },
  {
    "name": "Require(2) node_modules/egg-security/config/config.default.js",
    "start": 1572058797307,
    "end": 1572058797308,
    "duration": 1,
    "pid": 9848,
    "index": 5
  },
  {
    "name": "Require(3) node_modules/egg-jsonp/config/config.default.js",
    "start": 1572058797311,
    "end": 1572058797312,
    "duration": 1,
    "pid": 9848,
    "index": 6
  },
  {
    "name": "Require(4) node_modules/egg-onerror/config/config.default.js",
    "start": 1572058797314,
    "end": 1572058797315,
    "duration": 1,
    "pid": 9848,
    "index": 7
  },
  {
    "name": "Require(5) node_modules/egg-i18n/config/config.default.js",
    "start": 1572058797317,
    "end": 1572058797317,
    "duration": 0,
    "pid": 9848,
    "index": 8
  },
  {
    "name": "Require(6) node_modules/egg-watcher/config/config.default.js",
    "start": 1572058797319,
    "end": 1572058797319,
    "duration": 0,
    "pid": 9848,
    "index": 9
  },
  {
    "name": "Require(7) node_modules/egg-schedule/config/config.default.js",
    "start": 1572058797321,
    "end": 1572058797321,
    "duration": 0,
    "pid": 9848,
    "index": 10
  },
  {
    "name": "Require(8) node_modules/egg-multipart/config/config.default.js",
    "start": 1572058797322,
    "end": 1572058797323,
    "duration": 1,
    "pid": 9848,
    "index": 11
  },
  {
    "name": "Require(9) node_modules/egg-development/config/config.default.js",
    "start": 1572058797324,
    "end": 1572058797325,
    "duration": 1,
    "pid": 9848,
    "index": 12
  },
  {
    "name": "Require(10) node_modules/egg-logrotator/config/config.default.js",
    "start": 1572058797331,
    "end": 1572058797350,
    "duration": 19,
    "pid": 9848,
    "index": 13
  },
  {
    "name": "Require(11) node_modules/egg-static/config/config.default.js",
    "start": 1572058797351,
    "end": 1572058797352,
    "duration": 1,
    "pid": 9848,
    "index": 14
  },
  {
    "name": "Require(12) node_modules/egg-view/config/config.default.js",
    "start": 1572058797359,
    "end": 1572058797359,
    "duration": 0,
    "pid": 9848,
    "index": 15
  },
  {
    "name": "Require(13) node_modules/egg-mysql/config/config.default.js",
    "start": 1572058797361,
    "end": 1572058797364,
    "duration": 3,
    "pid": 9848,
    "index": 16
  },
  {
    "name": "Require(14) node_modules/egg/config/config.default.js",
    "start": 1572058797366,
    "end": 1572058797367,
    "duration": 1,
    "pid": 9848,
    "index": 17
  },
  {
    "name": "Require(15) config/config.default.js",
    "start": 1572058797369,
    "end": 1572058797369,
    "duration": 0,
    "pid": 9848,
    "index": 18
  },
  {
    "name": "Require(16) node_modules/egg-security/config/config.local.js",
    "start": 1572058797370,
    "end": 1572058797371,
    "duration": 1,
    "pid": 9848,
    "index": 19
  },
  {
    "name": "Require(17) node_modules/egg-watcher/config/config.local.js",
    "start": 1572058797373,
    "end": 1572058797373,
    "duration": 0,
    "pid": 9848,
    "index": 20
  },
  {
    "name": "Require(18) node_modules/egg-view/config/config.local.js",
    "start": 1572058797381,
    "end": 1572058797382,
    "duration": 1,
    "pid": 9848,
    "index": 21
  },
  {
    "name": "Require(19) node_modules/egg/config/config.local.js",
    "start": 1572058797383,
    "end": 1572058797384,
    "duration": 1,
    "pid": 9848,
    "index": 22
  },
  {
    "name": "Load extend/application.js",
    "start": 1572058797388,
    "end": 1572058797482,
    "duration": 94,
    "pid": 9848,
    "index": 23
  },
  {
    "name": "Require(20) node_modules/egg-session/app/extend/application.js",
    "start": 1572058797389,
    "end": 1572058797389,
    "duration": 0,
    "pid": 9848,
    "index": 24
  },
  {
    "name": "Require(21) node_modules/egg-security/app/extend/application.js",
    "start": 1572058797390,
    "end": 1572058797451,
    "duration": 61,
    "pid": 9848,
    "index": 25
  },
  {
    "name": "Require(22) node_modules/egg-jsonp/app/extend/application.js",
    "start": 1572058797452,
    "end": 1572058797456,
    "duration": 4,
    "pid": 9848,
    "index": 26
  },
  {
    "name": "Require(23) node_modules/egg-logrotator/app/extend/application.js",
    "start": 1572058797462,
    "end": 1572058797469,
    "duration": 7,
    "pid": 9848,
    "index": 27
  },
  {
    "name": "Require(24) node_modules/egg-view/app/extend/application.js",
    "start": 1572058797471,
    "end": 1572058797474,
    "duration": 3,
    "pid": 9848,
    "index": 28
  },
  {
    "name": "Load extend/request.js",
    "start": 1572058797482,
    "end": 1572058797514,
    "duration": 32,
    "pid": 9848,
    "index": 29
  },
  {
    "name": "Require(25) node_modules/egg/app/extend/request.js",
    "start": 1572058797499,
    "end": 1572058797503,
    "duration": 4,
    "pid": 9848,
    "index": 30
  },
  {
    "name": "Load extend/response.js",
    "start": 1572058797515,
    "end": 1572058797545,
    "duration": 30,
    "pid": 9848,
    "index": 31
  },
  {
    "name": "Require(26) node_modules/egg/app/extend/response.js",
    "start": 1572058797528,
    "end": 1572058797532,
    "duration": 4,
    "pid": 9848,
    "index": 32
  },
  {
    "name": "Load extend/context.js",
    "start": 1572058797546,
    "end": 1572058797848,
    "duration": 302,
    "pid": 9848,
    "index": 33
  },
  {
    "name": "Require(27) node_modules/egg-security/app/extend/context.js",
    "start": 1572058797547,
    "end": 1572058797633,
    "duration": 86,
    "pid": 9848,
    "index": 34
  },
  {
    "name": "Require(28) node_modules/egg-jsonp/app/extend/context.js",
    "start": 1572058797634,
    "end": 1572058797637,
    "duration": 3,
    "pid": 9848,
    "index": 35
  },
  {
    "name": "Require(29) node_modules/egg-i18n/app/extend/context.js",
    "start": 1572058797638,
    "end": 1572058797639,
    "duration": 1,
    "pid": 9848,
    "index": 36
  },
  {
    "name": "Require(30) node_modules/egg-multipart/app/extend/context.js",
    "start": 1572058797641,
    "end": 1572058797832,
    "duration": 191,
    "pid": 9848,
    "index": 37
  },
  {
    "name": "Require(31) node_modules/egg-view/app/extend/context.js",
    "start": 1572058797834,
    "end": 1572058797836,
    "duration": 2,
    "pid": 9848,
    "index": 38
  },
  {
    "name": "Require(32) node_modules/egg/app/extend/context.js",
    "start": 1572058797837,
    "end": 1572058797841,
    "duration": 4,
    "pid": 9848,
    "index": 39
  },
  {
    "name": "Load extend/helper.js",
    "start": 1572058797848,
    "end": 1572058797919,
    "duration": 71,
    "pid": 9848,
    "index": 40
  },
  {
    "name": "Require(33) node_modules/egg-security/app/extend/helper.js",
    "start": 1572058797849,
    "end": 1572058797907,
    "duration": 58,
    "pid": 9848,
    "index": 41
  },
  {
    "name": "Require(34) node_modules/egg/app/extend/helper.js",
    "start": 1572058797912,
    "end": 1572058797913,
    "duration": 1,
    "pid": 9848,
    "index": 42
  },
  {
    "name": "Load app.js",
    "start": 1572058797920,
    "end": 1572058798099,
    "duration": 179,
    "pid": 9848,
    "index": 43
  },
  {
    "name": "Require(35) node_modules/egg-session/app.js",
    "start": 1572058797920,
    "end": 1572058797921,
    "duration": 1,
    "pid": 9848,
    "index": 44
  },
  {
    "name": "Require(36) node_modules/egg-security/app.js",
    "start": 1572058797922,
    "end": 1572058797926,
    "duration": 4,
    "pid": 9848,
    "index": 45
  },
  {
    "name": "Require(37) node_modules/egg-onerror/app.js",
    "start": 1572058797928,
    "end": 1572058797946,
    "duration": 18,
    "pid": 9848,
    "index": 46
  },
  {
    "name": "Require(38) node_modules/egg-i18n/app.js",
    "start": 1572058797947,
    "end": 1572058798010,
    "duration": 63,
    "pid": 9848,
    "index": 47
  },
  {
    "name": "Require(39) node_modules/egg-watcher/app.js",
    "start": 1572058798010,
    "end": 1572058798018,
    "duration": 8,
    "pid": 9848,
    "index": 48
  },
  {
    "name": "Require(40) node_modules/egg-schedule/app.js",
    "start": 1572058798019,
    "end": 1572058798022,
    "duration": 3,
    "pid": 9848,
    "index": 49
  },
  {
    "name": "Require(41) node_modules/egg-multipart/app.js",
    "start": 1572058798023,
    "end": 1572058798028,
    "duration": 5,
    "pid": 9848,
    "index": 50
  },
  {
    "name": "Require(42) node_modules/egg-development/app.js",
    "start": 1572058798029,
    "end": 1572058798030,
    "duration": 1,
    "pid": 9848,
    "index": 51
  },
  {
    "name": "Require(43) node_modules/egg-logrotator/app.js",
    "start": 1572058798031,
    "end": 1572058798031,
    "duration": 0,
    "pid": 9848,
    "index": 52
  },
  {
    "name": "Require(44) node_modules/egg-static/app.js",
    "start": 1572058798032,
    "end": 1572058798032,
    "duration": 0,
    "pid": 9848,
    "index": 53
  },
  {
    "name": "Require(45) node_modules/egg-mysql/app.js",
    "start": 1572058798034,
    "end": 1572058798096,
    "duration": 62,
    "pid": 9848,
    "index": 54
  },
  {
    "name": "Before Start in node_modules/egg-watcher/lib/init.js:15:14",
    "start": 1572058798126,
    "end": 1572058798835,
    "duration": 709,
    "pid": 9848,
    "index": 55
  },
  {
    "name": "Before Start in node_modules/egg-mysql/lib/mysql.js:20:7",
    "start": 1572058798394,
    "end": 1572058798840,
    "duration": 446,
    "pid": 9848,
    "index": 56
  },
  {
    "name": "Load Service",
    "start": 1572058798395,
    "end": 1572058798432,
    "duration": 37,
    "pid": 9848,
    "index": 57
  },
  {
    "name": "Load \"service\" to Context",
    "start": 1572058798395,
    "end": 1572058798432,
    "duration": 37,
    "pid": 9848,
    "index": 58
  },
  {
    "name": "Load Middleware",
    "start": 1572058798433,
    "end": 1572058798667,
    "duration": 234,
    "pid": 9848,
    "index": 59
  },
  {
    "name": "Load \"middlewares\" to Application",
    "start": 1572058798434,
    "end": 1572058798649,
    "duration": 215,
    "pid": 9848,
    "index": 60
  },
  {
    "name": "Load Controller",
    "start": 1572058798667,
    "end": 1572058798762,
    "duration": 95,
    "pid": 9848,
    "index": 61
  },
  {
    "name": "Load \"controller\" to Application",
    "start": 1572058798667,
    "end": 1572058798762,
    "duration": 95,
    "pid": 9848,
    "index": 62
  },
  {
    "name": "Load Router",
    "start": 1572058798762,
    "end": 1572058798764,
    "duration": 2,
    "pid": 9848,
    "index": 63
  },
  {
    "name": "Require(46) app/router.js",
    "start": 1572058798762,
    "end": 1572058798763,
    "duration": 1,
    "pid": 9848,
    "index": 64
  },
  {
    "name": "Before Start in node_modules/egg-core/lib/egg.js:303:10",
    "start": 1572058798763,
    "end": 1572058798809,
    "duration": 46,
    "pid": 9848,
    "index": 65
  }
]