[
  {
    "name": "Application Start",
    "start": 1572053313807,
    "end": 1572053314806,
    "duration": 999,
    "pid": 5836,
    "index": 0
  },
  {
    "name": "Load Plugin",
    "start": 1572053313827,
    "end": 1572053313863,
    "duration": 36,
    "pid": 5836,
    "index": 1
  },
  {
    "name": "Load Config",
    "start": 1572053313863,
    "end": 1572053313912,
    "duration": 49,
    "pid": 5836,
    "index": 2
  },
  {
    "name": "Require(0) config/config.default.js",
    "start": 1572053313864,
    "end": 1572053313864,
    "duration": 0,
    "pid": 5836,
    "index": 3
  },
  {
    "name": "Require(1) node_modules/egg-session/config/config.default.js",
    "start": 1572053313866,
    "end": 1572053313866,
    "duration": 0,
    "pid": 5836,
    "index": 4
  },
  {
    "name": "Require(2) node_modules/egg-security/config/config.default.js",
    "start": 1572053313867,
    "end": 1572053313867,
    "duration": 0,
    "pid": 5836,
    "index": 5
  },
  {
    "name": "Require(3) node_modules/egg-jsonp/config/config.default.js",
    "start": 1572053313869,
    "end": 1572053313869,
    "duration": 0,
    "pid": 5836,
    "index": 6
  },
  {
    "name": "Require(4) node_modules/egg-onerror/config/config.default.js",
    "start": 1572053313870,
    "end": 1572053313870,
    "duration": 0,
    "pid": 5836,
    "index": 7
  },
  {
    "name": "Require(5) node_modules/egg-i18n/config/config.default.js",
    "start": 1572053313871,
    "end": 1572053313872,
    "duration": 1,
    "pid": 5836,
    "index": 8
  },
  {
    "name": "Require(6) node_modules/egg-watcher/config/config.default.js",
    "start": 1572053313873,
    "end": 1572053313873,
    "duration": 0,
    "pid": 5836,
    "index": 9
  },
  {
    "name": "Require(7) node_modules/egg-schedule/config/config.default.js",
    "start": 1572053313874,
    "end": 1572053313874,
    "duration": 0,
    "pid": 5836,
    "index": 10
  },
  {
    "name": "Require(8) node_modules/egg-multipart/config/config.default.js",
    "start": 1572053313875,
    "end": 1572053313875,
    "duration": 0,
    "pid": 5836,
    "index": 11
  },
  {
    "name": "Require(9) node_modules/egg-development/config/config.default.js",
    "start": 1572053313876,
    "end": 1572053313876,
    "duration": 0,
    "pid": 5836,
    "index": 12
  },
  {
    "name": "Require(10) node_modules/egg-logrotator/config/config.default.js",
    "start": 1572053313878,
    "end": 1572053313880,
    "duration": 2,
    "pid": 5836,
    "index": 13
  },
  {
    "name": "Require(11) node_modules/egg-static/config/config.default.js",
    "start": 1572053313881,
    "end": 1572053313882,
    "duration": 1,
    "pid": 5836,
    "index": 14
  },
  {
    "name": "Require(12) node_modules/egg-view/config/config.default.js",
    "start": 1572053313883,
    "end": 1572053313883,
    "duration": 0,
    "pid": 5836,
    "index": 15
  },
  {
    "name": "Require(13) node_modules/egg-mysql/config/config.default.js",
    "start": 1572053313884,
    "end": 1572053313884,
    "duration": 0,
    "pid": 5836,
    "index": 16
  },
  {
    "name": "Require(14) node_modules/egg/config/config.default.js",
    "start": 1572053313885,
    "end": 1572053313886,
    "duration": 1,
    "pid": 5836,
    "index": 17
  },
  {
    "name": "Require(15) config/config.default.js",
    "start": 1572053313890,
    "end": 1572053313890,
    "duration": 0,
    "pid": 5836,
    "index": 18
  },
  {
    "name": "Require(16) node_modules/egg-security/config/config.local.js",
    "start": 1572053313892,
    "end": 1572053313892,
    "duration": 0,
    "pid": 5836,
    "index": 19
  },
  {
    "name": "Require(17) node_modules/egg-watcher/config/config.local.js",
    "start": 1572053313894,
    "end": 1572053313895,
    "duration": 1,
    "pid": 5836,
    "index": 20
  },
  {
    "name": "Require(18) node_modules/egg-view/config/config.local.js",
    "start": 1572053313909,
    "end": 1572053313910,
    "duration": 1,
    "pid": 5836,
    "index": 21
  },
  {
    "name": "Require(19) node_modules/egg/config/config.local.js",
    "start": 1572053313912,
    "end": 1572053313912,
    "duration": 0,
    "pid": 5836,
    "index": 22
  },
  {
    "name": "Load extend/application.js",
    "start": 1572053313914,
    "end": 1572053313938,
    "duration": 24,
    "pid": 5836,
    "index": 23
  },
  {
    "name": "Require(20) node_modules/egg-session/app/extend/application.js",
    "start": 1572053313915,
    "end": 1572053313916,
    "duration": 1,
    "pid": 5836,
    "index": 24
  },
  {
    "name": "Require(21) node_modules/egg-security/app/extend/application.js",
    "start": 1572053313917,
    "end": 1572053313920,
    "duration": 3,
    "pid": 5836,
    "index": 25
  },
  {
    "name": "Require(22) node_modules/egg-jsonp/app/extend/application.js",
    "start": 1572053313922,
    "end": 1572053313925,
    "duration": 3,
    "pid": 5836,
    "index": 26
  },
  {
    "name": "Require(23) node_modules/egg-logrotator/app/extend/application.js",
    "start": 1572053313927,
    "end": 1572053313930,
    "duration": 3,
    "pid": 5836,
    "index": 27
  },
  {
    "name": "Require(24) node_modules/egg-view/app/extend/application.js",
    "start": 1572053313931,
    "end": 1572053313933,
    "duration": 2,
    "pid": 5836,
    "index": 28
  },
  {
    "name": "Load extend/request.js",
    "start": 1572053313938,
    "end": 1572053313949,
    "duration": 11,
    "pid": 5836,
    "index": 29
  },
  {
    "name": "Require(25) node_modules/egg/app/extend/request.js",
    "start": 1572053313943,
    "end": 1572053313945,
    "duration": 2,
    "pid": 5836,
    "index": 30
  },
  {
    "name": "Load extend/response.js",
    "start": 1572053313950,
    "end": 1572053313963,
    "duration": 13,
    "pid": 5836,
    "index": 31
  },
  {
    "name": "Require(26) node_modules/egg/app/extend/response.js",
    "start": 1572053313954,
    "end": 1572053313957,
    "duration": 3,
    "pid": 5836,
    "index": 32
  },
  {
    "name": "Load extend/context.js",
    "start": 1572053313963,
    "end": 1572053314109,
    "duration": 146,
    "pid": 5836,
    "index": 33
  },
  {
    "name": "Require(27) node_modules/egg-security/app/extend/context.js",
    "start": 1572053313964,
    "end": 1572053313988,
    "duration": 24,
    "pid": 5836,
    "index": 34
  },
  {
    "name": "Require(28) node_modules/egg-jsonp/app/extend/context.js",
    "start": 1572053313989,
    "end": 1572053313992,
    "duration": 3,
    "pid": 5836,
    "index": 35
  },
  {
    "name": "Require(29) node_modules/egg-i18n/app/extend/context.js",
    "start": 1572053313993,
    "end": 1572053313993,
    "duration": 0,
    "pid": 5836,
    "index": 36
  },
  {
    "name": "Require(30) node_modules/egg-multipart/app/extend/context.js",
    "start": 1572053313998,
    "end": 1572053314095,
    "duration": 97,
    "pid": 5836,
    "index": 37
  },
  {
    "name": "Require(31) node_modules/egg-view/app/extend/context.js",
    "start": 1572053314096,
    "end": 1572053314099,
    "duration": 3,
    "pid": 5836,
    "index": 38
  },
  {
    "name": "Require(32) node_modules/egg/app/extend/context.js",
    "start": 1572053314099,
    "end": 1572053314104,
    "duration": 5,
    "pid": 5836,
    "index": 39
  },
  {
    "name": "Load extend/helper.js",
    "start": 1572053314109,
    "end": 1572053314144,
    "duration": 35,
    "pid": 5836,
    "index": 40
  },
  {
    "name": "Require(33) node_modules/egg-security/app/extend/helper.js",
    "start": 1572053314110,
    "end": 1572053314136,
    "duration": 26,
    "pid": 5836,
    "index": 41
  },
  {
    "name": "Require(34) node_modules/egg/app/extend/helper.js",
    "start": 1572053314139,
    "end": 1572053314140,
    "duration": 1,
    "pid": 5836,
    "index": 42
  },
  {
    "name": "Load app.js",
    "start": 1572053314144,
    "end": 1572053314277,
    "duration": 133,
    "pid": 5836,
    "index": 43
  },
  {
    "name": "Require(35) node_modules/egg-session/app.js",
    "start": 1572053314144,
    "end": 1572053314145,
    "duration": 1,
    "pid": 5836,
    "index": 44
  },
  {
    "name": "Require(36) node_modules/egg-security/app.js",
    "start": 1572053314146,
    "end": 1572053314149,
    "duration": 3,
    "pid": 5836,
    "index": 45
  },
  {
    "name": "Require(37) node_modules/egg-onerror/app.js",
    "start": 1572053314150,
    "end": 1572053314167,
    "duration": 17,
    "pid": 5836,
    "index": 46
  },
  {
    "name": "Require(38) node_modules/egg-i18n/app.js",
    "start": 1572053314169,
    "end": 1572053314214,
    "duration": 45,
    "pid": 5836,
    "index": 47
  },
  {
    "name": "Require(39) node_modules/egg-watcher/app.js",
    "start": 1572053314215,
    "end": 1572053314221,
    "duration": 6,
    "pid": 5836,
    "index": 48
  },
  {
    "name": "Require(40) node_modules/egg-schedule/app.js",
    "start": 1572053314222,
    "end": 1572053314224,
    "duration": 2,
    "pid": 5836,
    "index": 49
  },
  {
    "name": "Require(41) node_modules/egg-multipart/app.js",
    "start": 1572053314224,
    "end": 1572053314228,
    "duration": 4,
    "pid": 5836,
    "index": 50
  },
  {
    "name": "Require(42) node_modules/egg-development/app.js",
    "start": 1572053314229,
    "end": 1572053314229,
    "duration": 0,
    "pid": 5836,
    "index": 51
  },
  {
    "name": "Require(43) node_modules/egg-logrotator/app.js",
    "start": 1572053314230,
    "end": 1572053314230,
    "duration": 0,
    "pid": 5836,
    "index": 52
  },
  {
    "name": "Require(44) node_modules/egg-static/app.js",
    "start": 1572053314231,
    "end": 1572053314231,
    "duration": 0,
    "pid": 5836,
    "index": 53
  },
  {
    "name": "Require(45) node_modules/egg-mysql/app.js",
    "start": 1572053314232,
    "end": 1572053314276,
    "duration": 44,
    "pid": 5836,
    "index": 54
  },
  {
    "name": "Before Start in node_modules/egg-watcher/lib/init.js:15:14",
    "start": 1572053314298,
    "end": 1572053314801,
    "duration": 503,
    "pid": 5836,
    "index": 55
  },
  {
    "name": "Before Start in node_modules/egg-mysql/lib/mysql.js:20:7",
    "start": 1572053314484,
    "end": 1572053314806,
    "duration": 322,
    "pid": 5836,
    "index": 56
  },
  {
    "name": "Load Service",
    "start": 1572053314484,
    "end": 1572053314501,
    "duration": 17,
    "pid": 5836,
    "index": 57
  },
  {
    "name": "Load \"service\" to Context",
    "start": 1572053314484,
    "end": 1572053314501,
    "duration": 17,
    "pid": 5836,
    "index": 58
  },
  {
    "name": "Load Middleware",
    "start": 1572053314501,
    "end": 1572053314676,
    "duration": 175,
    "pid": 5836,
    "index": 59
  },
  {
    "name": "Load \"middlewares\" to Application",
    "start": 1572053314501,
    "end": 1572053314661,
    "duration": 160,
    "pid": 5836,
    "index": 60
  },
  {
    "name": "Load Controller",
    "start": 1572053314676,
    "end": 1572053314753,
    "duration": 77,
    "pid": 5836,
    "index": 61
  },
  {
    "name": "Load \"controller\" to Application",
    "start": 1572053314676,
    "end": 1572053314753,
    "duration": 77,
    "pid": 5836,
    "index": 62
  },
  {
    "name": "Load Router",
    "start": 1572053314753,
    "end": 1572053314755,
    "duration": 2,
    "pid": 5836,
    "index": 63
  },
  {
    "name": "Require(46) app/router.js",
    "start": 1572053314753,
    "end": 1572053314754,
    "duration": 1,
    "pid": 5836,
    "index": 64
  },
  {
    "name": "Before Start in node_modules/egg-core/lib/egg.js:303:10",
    "start": 1572053314754,
    "end": 1572053314772,
    "duration": 18,
    "pid": 5836,
    "index": 65
  }
]