[
  {
    "name": "Application Start",
    "start": 1572053002646,
    "end": 1572053003736,
    "duration": 1090,
    "pid": 9088,
    "index": 0
  },
  {
    "name": "Load Plugin",
    "start": 1572053002656,
    "end": 1572053002706,
    "duration": 50,
    "pid": 9088,
    "index": 1
  },
  {
    "name": "Load Config",
    "start": 1572053002706,
    "end": 1572053002740,
    "duration": 34,
    "pid": 9088,
    "index": 2
  },
  {
    "name": "Require(0) config/config.default.js",
    "start": 1572053002707,
    "end": 1572053002708,
    "duration": 1,
    "pid": 9088,
    "index": 3
  },
  {
    "name": "Require(1) node_modules/egg-session/config/config.default.js",
    "start": 1572053002710,
    "end": 1572053002710,
    "duration": 0,
    "pid": 9088,
    "index": 4
  },
  {
    "name": "Require(2) node_modules/egg-security/config/config.default.js",
    "start": 1572053002711,
    "end": 1572053002711,
    "duration": 0,
    "pid": 9088,
    "index": 5
  },
  {
    "name": "Require(3) node_modules/egg-jsonp/config/config.default.js",
    "start": 1572053002712,
    "end": 1572053002713,
    "duration": 1,
    "pid": 9088,
    "index": 6
  },
  {
    "name": "Require(4) node_modules/egg-onerror/config/config.default.js",
    "start": 1572053002713,
    "end": 1572053002714,
    "duration": 1,
    "pid": 9088,
    "index": 7
  },
  {
    "name": "Require(5) node_modules/egg-i18n/config/config.default.js",
    "start": 1572053002715,
    "end": 1572053002716,
    "duration": 1,
    "pid": 9088,
    "index": 8
  },
  {
    "name": "Require(6) node_modules/egg-watcher/config/config.default.js",
    "start": 1572053002718,
    "end": 1572053002718,
    "duration": 0,
    "pid": 9088,
    "index": 9
  },
  {
    "name": "Require(7) node_modules/egg-schedule/config/config.default.js",
    "start": 1572053002719,
    "end": 1572053002720,
    "duration": 1,
    "pid": 9088,
    "index": 10
  },
  {
    "name": "Require(8) node_modules/egg-multipart/config/config.default.js",
    "start": 1572053002721,
    "end": 1572053002721,
    "duration": 0,
    "pid": 9088,
    "index": 11
  },
  {
    "name": "Require(9) node_modules/egg-development/config/config.default.js",
    "start": 1572053002722,
    "end": 1572053002723,
    "duration": 1,
    "pid": 9088,
    "index": 12
  },
  {
    "name": "Require(10) node_modules/egg-logrotator/config/config.default.js",
    "start": 1572053002723,
    "end": 1572053002726,
    "duration": 3,
    "pid": 9088,
    "index": 13
  },
  {
    "name": "Require(11) node_modules/egg-static/config/config.default.js",
    "start": 1572053002727,
    "end": 1572053002728,
    "duration": 1,
    "pid": 9088,
    "index": 14
  },
  {
    "name": "Require(12) node_modules/egg-view/config/config.default.js",
    "start": 1572053002728,
    "end": 1572053002729,
    "duration": 1,
    "pid": 9088,
    "index": 15
  },
  {
    "name": "Require(13) node_modules/egg-mysql/config/config.default.js",
    "start": 1572053002730,
    "end": 1572053002730,
    "duration": 0,
    "pid": 9088,
    "index": 16
  },
  {
    "name": "Require(14) node_modules/egg/config/config.default.js",
    "start": 1572053002731,
    "end": 1572053002731,
    "duration": 0,
    "pid": 9088,
    "index": 17
  },
  {
    "name": "Require(15) config/config.default.js",
    "start": 1572053002733,
    "end": 1572053002733,
    "duration": 0,
    "pid": 9088,
    "index": 18
  },
  {
    "name": "Require(16) node_modules/egg-security/config/config.local.js",
    "start": 1572053002734,
    "end": 1572053002734,
    "duration": 0,
    "pid": 9088,
    "index": 19
  },
  {
    "name": "Require(17) node_modules/egg-watcher/config/config.local.js",
    "start": 1572053002735,
    "end": 1572053002735,
    "duration": 0,
    "pid": 9088,
    "index": 20
  },
  {
    "name": "Require(18) node_modules/egg-view/config/config.local.js",
    "start": 1572053002738,
    "end": 1572053002738,
    "duration": 0,
    "pid": 9088,
    "index": 21
  },
  {
    "name": "Require(19) node_modules/egg/config/config.local.js",
    "start": 1572053002739,
    "end": 1572053002739,
    "duration": 0,
    "pid": 9088,
    "index": 22
  },
  {
    "name": "Load extend/application.js",
    "start": 1572053002741,
    "end": 1572053002785,
    "duration": 44,
    "pid": 9088,
    "index": 23
  },
  {
    "name": "Require(20) node_modules/egg-session/app/extend/application.js",
    "start": 1572053002743,
    "end": 1572053002744,
    "duration": 1,
    "pid": 9088,
    "index": 24
  },
  {
    "name": "Require(21) node_modules/egg-security/app/extend/application.js",
    "start": 1572053002746,
    "end": 1572053002750,
    "duration": 4,
    "pid": 9088,
    "index": 25
  },
  {
    "name": "Require(22) node_modules/egg-jsonp/app/extend/application.js",
    "start": 1572053002751,
    "end": 1572053002755,
    "duration": 4,
    "pid": 9088,
    "index": 26
  },
  {
    "name": "Require(23) node_modules/egg-logrotator/app/extend/application.js",
    "start": 1572053002770,
    "end": 1572053002774,
    "duration": 4,
    "pid": 9088,
    "index": 27
  },
  {
    "name": "Require(24) node_modules/egg-view/app/extend/application.js",
    "start": 1572053002776,
    "end": 1572053002781,
    "duration": 5,
    "pid": 9088,
    "index": 28
  },
  {
    "name": "Load extend/request.js",
    "start": 1572053002785,
    "end": 1572053002795,
    "duration": 10,
    "pid": 9088,
    "index": 29
  },
  {
    "name": "Require(25) node_modules/egg/app/extend/request.js",
    "start": 1572053002789,
    "end": 1572053002791,
    "duration": 2,
    "pid": 9088,
    "index": 30
  },
  {
    "name": "Load extend/response.js",
    "start": 1572053002795,
    "end": 1572053002806,
    "duration": 11,
    "pid": 9088,
    "index": 31
  },
  {
    "name": "Require(26) node_modules/egg/app/extend/response.js",
    "start": 1572053002799,
    "end": 1572053002802,
    "duration": 3,
    "pid": 9088,
    "index": 32
  },
  {
    "name": "Load extend/context.js",
    "start": 1572053002806,
    "end": 1572053002954,
    "duration": 148,
    "pid": 9088,
    "index": 33
  },
  {
    "name": "Require(27) node_modules/egg-security/app/extend/context.js",
    "start": 1572053002807,
    "end": 1572053002824,
    "duration": 17,
    "pid": 9088,
    "index": 34
  },
  {
    "name": "Require(28) node_modules/egg-jsonp/app/extend/context.js",
    "start": 1572053002824,
    "end": 1572053002826,
    "duration": 2,
    "pid": 9088,
    "index": 35
  },
  {
    "name": "Require(29) node_modules/egg-i18n/app/extend/context.js",
    "start": 1572053002827,
    "end": 1572053002828,
    "duration": 1,
    "pid": 9088,
    "index": 36
  },
  {
    "name": "Require(30) node_modules/egg-multipart/app/extend/context.js",
    "start": 1572053002829,
    "end": 1572053002926,
    "duration": 97,
    "pid": 9088,
    "index": 37
  },
  {
    "name": "Require(31) node_modules/egg-view/app/extend/context.js",
    "start": 1572053002929,
    "end": 1572053002931,
    "duration": 2,
    "pid": 9088,
    "index": 38
  },
  {
    "name": "Require(32) node_modules/egg/app/extend/context.js",
    "start": 1572053002932,
    "end": 1572053002946,
    "duration": 14,
    "pid": 9088,
    "index": 39
  },
  {
    "name": "Load extend/helper.js",
    "start": 1572053002954,
    "end": 1572053002995,
    "duration": 41,
    "pid": 9088,
    "index": 40
  },
  {
    "name": "Require(33) node_modules/egg-security/app/extend/helper.js",
    "start": 1572053002956,
    "end": 1572053002986,
    "duration": 30,
    "pid": 9088,
    "index": 41
  },
  {
    "name": "Require(34) node_modules/egg/app/extend/helper.js",
    "start": 1572053002990,
    "end": 1572053002991,
    "duration": 1,
    "pid": 9088,
    "index": 42
  },
  {
    "name": "Load app.js",
    "start": 1572053002996,
    "end": 1572053003139,
    "duration": 143,
    "pid": 9088,
    "index": 43
  },
  {
    "name": "Require(35) node_modules/egg-session/app.js",
    "start": 1572053002996,
    "end": 1572053002997,
    "duration": 1,
    "pid": 9088,
    "index": 44
  },
  {
    "name": "Require(36) node_modules/egg-security/app.js",
    "start": 1572053002998,
    "end": 1572053003002,
    "duration": 4,
    "pid": 9088,
    "index": 45
  },
  {
    "name": "Require(37) node_modules/egg-onerror/app.js",
    "start": 1572053003003,
    "end": 1572053003024,
    "duration": 21,
    "pid": 9088,
    "index": 46
  },
  {
    "name": "Require(38) node_modules/egg-i18n/app.js",
    "start": 1572053003024,
    "end": 1572053003067,
    "duration": 43,
    "pid": 9088,
    "index": 47
  },
  {
    "name": "Require(39) node_modules/egg-watcher/app.js",
    "start": 1572053003068,
    "end": 1572053003075,
    "duration": 7,
    "pid": 9088,
    "index": 48
  },
  {
    "name": "Require(40) node_modules/egg-schedule/app.js",
    "start": 1572053003075,
    "end": 1572053003079,
    "duration": 4,
    "pid": 9088,
    "index": 49
  },
  {
    "name": "Require(41) node_modules/egg-multipart/app.js",
    "start": 1572053003079,
    "end": 1572053003083,
    "duration": 4,
    "pid": 9088,
    "index": 50
  },
  {
    "name": "Require(42) node_modules/egg-development/app.js",
    "start": 1572053003084,
    "end": 1572053003084,
    "duration": 0,
    "pid": 9088,
    "index": 51
  },
  {
    "name": "Require(43) node_modules/egg-logrotator/app.js",
    "start": 1572053003085,
    "end": 1572053003085,
    "duration": 0,
    "pid": 9088,
    "index": 52
  },
  {
    "name": "Require(44) node_modules/egg-static/app.js",
    "start": 1572053003086,
    "end": 1572053003086,
    "duration": 0,
    "pid": 9088,
    "index": 53
  },
  {
    "name": "Require(45) node_modules/egg-mysql/app.js",
    "start": 1572053003088,
    "end": 1572053003134,
    "duration": 46,
    "pid": 9088,
    "index": 54
  },
  {
    "name": "Before Start in node_modules/egg-watcher/lib/init.js:15:14",
    "start": 1572053003163,
    "end": 1572053003731,
    "duration": 568,
    "pid": 9088,
    "index": 55
  },
  {
    "name": "Before Start in node_modules/egg-mysql/lib/mysql.js:20:7",
    "start": 1572053003356,
    "end": 1572053003735,
    "duration": 379,
    "pid": 9088,
    "index": 56
  },
  {
    "name": "Load Service",
    "start": 1572053003356,
    "end": 1572053003375,
    "duration": 19,
    "pid": 9088,
    "index": 57
  },
  {
    "name": "Load \"service\" to Context",
    "start": 1572053003356,
    "end": 1572053003375,
    "duration": 19,
    "pid": 9088,
    "index": 58
  },
  {
    "name": "Load Middleware",
    "start": 1572053003376,
    "end": 1572053003550,
    "duration": 174,
    "pid": 9088,
    "index": 59
  },
  {
    "name": "Load \"middlewares\" to Application",
    "start": 1572053003376,
    "end": 1572053003536,
    "duration": 160,
    "pid": 9088,
    "index": 60
  },
  {
    "name": "Load Controller",
    "start": 1572053003550,
    "end": 1572053003631,
    "duration": 81,
    "pid": 9088,
    "index": 61
  },
  {
    "name": "Load \"controller\" to Application",
    "start": 1572053003550,
    "end": 1572053003631,
    "duration": 81,
    "pid": 9088,
    "index": 62
  },
  {
    "name": "Load Router",
    "start": 1572053003631,
    "end": 1572053003634,
    "duration": 3,
    "pid": 9088,
    "index": 63
  },
  {
    "name": "Require(46) app/router.js",
    "start": 1572053003632,
    "end": 1572053003632,
    "duration": 0,
    "pid": 9088,
    "index": 64
  },
  {
    "name": "Before Start in node_modules/egg-core/lib/egg.js:303:10",
    "start": 1572053003633,
    "end": 1572053003695,
    "duration": 62,
    "pid": 9088,
    "index": 65
  }
]