[
  {
    "name": "Application Start",
    "start": 1572053099676,
    "end": 1572053101084,
    "duration": 1408,
    "pid": 6504,
    "index": 0
  },
  {
    "name": "Load Plugin",
    "start": 1572053099685,
    "end": 1572053099725,
    "duration": 40,
    "pid": 6504,
    "index": 1
  },
  {
    "name": "Load Config",
    "start": 1572053099725,
    "end": 1572053099761,
    "duration": 36,
    "pid": 6504,
    "index": 2
  },
  {
    "name": "Require(0) config/config.default.js",
    "start": 1572053099726,
    "end": 1572053099727,
    "duration": 1,
    "pid": 6504,
    "index": 3
  },
  {
    "name": "Require(1) node_modules/egg-session/config/config.default.js",
    "start": 1572053099729,
    "end": 1572053099730,
    "duration": 1,
    "pid": 6504,
    "index": 4
  },
  {
    "name": "Require(2) node_modules/egg-security/config/config.default.js",
    "start": 1572053099730,
    "end": 1572053099731,
    "duration": 1,
    "pid": 6504,
    "index": 5
  },
  {
    "name": "Require(3) node_modules/egg-jsonp/config/config.default.js",
    "start": 1572053099732,
    "end": 1572053099732,
    "duration": 0,
    "pid": 6504,
    "index": 6
  },
  {
    "name": "Require(4) node_modules/egg-onerror/config/config.default.js",
    "start": 1572053099733,
    "end": 1572053099733,
    "duration": 0,
    "pid": 6504,
    "index": 7
  },
  {
    "name": "Require(5) node_modules/egg-i18n/config/config.default.js",
    "start": 1572053099734,
    "end": 1572053099734,
    "duration": 0,
    "pid": 6504,
    "index": 8
  },
  {
    "name": "Require(6) node_modules/egg-watcher/config/config.default.js",
    "start": 1572053099735,
    "end": 1572053099735,
    "duration": 0,
    "pid": 6504,
    "index": 9
  },
  {
    "name": "Require(7) node_modules/egg-schedule/config/config.default.js",
    "start": 1572053099736,
    "end": 1572053099736,
    "duration": 0,
    "pid": 6504,
    "index": 10
  },
  {
    "name": "Require(8) node_modules/egg-multipart/config/config.default.js",
    "start": 1572053099737,
    "end": 1572053099738,
    "duration": 1,
    "pid": 6504,
    "index": 11
  },
  {
    "name": "Require(9) node_modules/egg-development/config/config.default.js",
    "start": 1572053099739,
    "end": 1572053099739,
    "duration": 0,
    "pid": 6504,
    "index": 12
  },
  {
    "name": "Require(10) node_modules/egg-logrotator/config/config.default.js",
    "start": 1572053099740,
    "end": 1572053099743,
    "duration": 3,
    "pid": 6504,
    "index": 13
  },
  {
    "name": "Require(11) node_modules/egg-static/config/config.default.js",
    "start": 1572053099743,
    "end": 1572053099744,
    "duration": 1,
    "pid": 6504,
    "index": 14
  },
  {
    "name": "Require(12) node_modules/egg-view/config/config.default.js",
    "start": 1572053099745,
    "end": 1572053099745,
    "duration": 0,
    "pid": 6504,
    "index": 15
  },
  {
    "name": "Require(13) node_modules/egg-mysql/config/config.default.js",
    "start": 1572053099746,
    "end": 1572053099746,
    "duration": 0,
    "pid": 6504,
    "index": 16
  },
  {
    "name": "Require(14) node_modules/egg/config/config.default.js",
    "start": 1572053099747,
    "end": 1572053099747,
    "duration": 0,
    "pid": 6504,
    "index": 17
  },
  {
    "name": "Require(15) config/config.default.js",
    "start": 1572053099749,
    "end": 1572053099749,
    "duration": 0,
    "pid": 6504,
    "index": 18
  },
  {
    "name": "Require(16) node_modules/egg-security/config/config.local.js",
    "start": 1572053099750,
    "end": 1572053099751,
    "duration": 1,
    "pid": 6504,
    "index": 19
  },
  {
    "name": "Require(17) node_modules/egg-watcher/config/config.local.js",
    "start": 1572053099755,
    "end": 1572053099755,
    "duration": 0,
    "pid": 6504,
    "index": 20
  },
  {
    "name": "Require(18) node_modules/egg-view/config/config.local.js",
    "start": 1572053099759,
    "end": 1572053099759,
    "duration": 0,
    "pid": 6504,
    "index": 21
  },
  {
    "name": "Require(19) node_modules/egg/config/config.local.js",
    "start": 1572053099760,
    "end": 1572053099760,
    "duration": 0,
    "pid": 6504,
    "index": 22
  },
  {
    "name": "Load extend/application.js",
    "start": 1572053099775,
    "end": 1572053099800,
    "duration": 25,
    "pid": 6504,
    "index": 23
  },
  {
    "name": "Require(20) node_modules/egg-session/app/extend/application.js",
    "start": 1572053099776,
    "end": 1572053099779,
    "duration": 3,
    "pid": 6504,
    "index": 24
  },
  {
    "name": "Require(21) node_modules/egg-security/app/extend/application.js",
    "start": 1572053099780,
    "end": 1572053099781,
    "duration": 1,
    "pid": 6504,
    "index": 25
  },
  {
    "name": "Require(22) node_modules/egg-jsonp/app/extend/application.js",
    "start": 1572053099782,
    "end": 1572053099785,
    "duration": 3,
    "pid": 6504,
    "index": 26
  },
  {
    "name": "Require(23) node_modules/egg-logrotator/app/extend/application.js",
    "start": 1572053099789,
    "end": 1572053099792,
    "duration": 3,
    "pid": 6504,
    "index": 27
  },
  {
    "name": "Require(24) node_modules/egg-view/app/extend/application.js",
    "start": 1572053099793,
    "end": 1572053099795,
    "duration": 2,
    "pid": 6504,
    "index": 28
  },
  {
    "name": "Load extend/request.js",
    "start": 1572053099800,
    "end": 1572053099810,
    "duration": 10,
    "pid": 6504,
    "index": 29
  },
  {
    "name": "Require(25) node_modules/egg/app/extend/request.js",
    "start": 1572053099804,
    "end": 1572053099806,
    "duration": 2,
    "pid": 6504,
    "index": 30
  },
  {
    "name": "Load extend/response.js",
    "start": 1572053099810,
    "end": 1572053099821,
    "duration": 11,
    "pid": 6504,
    "index": 31
  },
  {
    "name": "Require(26) node_modules/egg/app/extend/response.js",
    "start": 1572053099814,
    "end": 1572053099816,
    "duration": 2,
    "pid": 6504,
    "index": 32
  },
  {
    "name": "Load extend/context.js",
    "start": 1572053099821,
    "end": 1572053099969,
    "duration": 148,
    "pid": 6504,
    "index": 33
  },
  {
    "name": "Require(27) node_modules/egg-security/app/extend/context.js",
    "start": 1572053099822,
    "end": 1572053099837,
    "duration": 15,
    "pid": 6504,
    "index": 34
  },
  {
    "name": "Require(28) node_modules/egg-jsonp/app/extend/context.js",
    "start": 1572053099839,
    "end": 1572053099842,
    "duration": 3,
    "pid": 6504,
    "index": 35
  },
  {
    "name": "Require(29) node_modules/egg-i18n/app/extend/context.js",
    "start": 1572053099845,
    "end": 1572053099846,
    "duration": 1,
    "pid": 6504,
    "index": 36
  },
  {
    "name": "Require(30) node_modules/egg-multipart/app/extend/context.js",
    "start": 1572053099847,
    "end": 1572053099935,
    "duration": 88,
    "pid": 6504,
    "index": 37
  },
  {
    "name": "Require(31) node_modules/egg-view/app/extend/context.js",
    "start": 1572053099937,
    "end": 1572053099940,
    "duration": 3,
    "pid": 6504,
    "index": 38
  },
  {
    "name": "Require(32) node_modules/egg/app/extend/context.js",
    "start": 1572053099941,
    "end": 1572053099949,
    "duration": 8,
    "pid": 6504,
    "index": 39
  },
  {
    "name": "Load extend/helper.js",
    "start": 1572053099970,
    "end": 1572053100017,
    "duration": 47,
    "pid": 6504,
    "index": 40
  },
  {
    "name": "Require(33) node_modules/egg-security/app/extend/helper.js",
    "start": 1572053099971,
    "end": 1572053100004,
    "duration": 33,
    "pid": 6504,
    "index": 41
  },
  {
    "name": "Require(34) node_modules/egg/app/extend/helper.js",
    "start": 1572053100008,
    "end": 1572053100009,
    "duration": 1,
    "pid": 6504,
    "index": 42
  },
  {
    "name": "Load app.js",
    "start": 1572053100017,
    "end": 1572053100199,
    "duration": 182,
    "pid": 6504,
    "index": 43
  },
  {
    "name": "Require(35) node_modules/egg-session/app.js",
    "start": 1572053100018,
    "end": 1572053100019,
    "duration": 1,
    "pid": 6504,
    "index": 44
  },
  {
    "name": "Require(36) node_modules/egg-security/app.js",
    "start": 1572053100019,
    "end": 1572053100022,
    "duration": 3,
    "pid": 6504,
    "index": 45
  },
  {
    "name": "Require(37) node_modules/egg-onerror/app.js",
    "start": 1572053100024,
    "end": 1572053100069,
    "duration": 45,
    "pid": 6504,
    "index": 46
  },
  {
    "name": "Require(38) node_modules/egg-i18n/app.js",
    "start": 1572053100070,
    "end": 1572053100096,
    "duration": 26,
    "pid": 6504,
    "index": 47
  },
  {
    "name": "Require(39) node_modules/egg-watcher/app.js",
    "start": 1572053100097,
    "end": 1572053100103,
    "duration": 6,
    "pid": 6504,
    "index": 48
  },
  {
    "name": "Require(40) node_modules/egg-schedule/app.js",
    "start": 1572053100103,
    "end": 1572053100106,
    "duration": 3,
    "pid": 6504,
    "index": 49
  },
  {
    "name": "Require(41) node_modules/egg-multipart/app.js",
    "start": 1572053100107,
    "end": 1572053100111,
    "duration": 4,
    "pid": 6504,
    "index": 50
  },
  {
    "name": "Require(42) node_modules/egg-development/app.js",
    "start": 1572053100112,
    "end": 1572053100113,
    "duration": 1,
    "pid": 6504,
    "index": 51
  },
  {
    "name": "Require(43) node_modules/egg-logrotator/app.js",
    "start": 1572053100114,
    "end": 1572053100116,
    "duration": 2,
    "pid": 6504,
    "index": 52
  },
  {
    "name": "Require(44) node_modules/egg-static/app.js",
    "start": 1572053100117,
    "end": 1572053100118,
    "duration": 1,
    "pid": 6504,
    "index": 53
  },
  {
    "name": "Require(45) node_modules/egg-mysql/app.js",
    "start": 1572053100120,
    "end": 1572053100197,
    "duration": 77,
    "pid": 6504,
    "index": 54
  },
  {
    "name": "Before Start in node_modules/egg-watcher/lib/init.js:15:14",
    "start": 1572053100241,
    "end": 1572053101078,
    "duration": 837,
    "pid": 6504,
    "index": 55
  },
  {
    "name": "Before Start in node_modules/egg-mysql/lib/mysql.js:20:7",
    "start": 1572053100623,
    "end": 1572053101083,
    "duration": 460,
    "pid": 6504,
    "index": 56
  },
  {
    "name": "Load Service",
    "start": 1572053100624,
    "end": 1572053100637,
    "duration": 13,
    "pid": 6504,
    "index": 57
  },
  {
    "name": "Load \"service\" to Context",
    "start": 1572053100624,
    "end": 1572053100637,
    "duration": 13,
    "pid": 6504,
    "index": 58
  },
  {
    "name": "Load Middleware",
    "start": 1572053100638,
    "end": 1572053100905,
    "duration": 267,
    "pid": 6504,
    "index": 59
  },
  {
    "name": "Load \"middlewares\" to Application",
    "start": 1572053100638,
    "end": 1572053100885,
    "duration": 247,
    "pid": 6504,
    "index": 60
  },
  {
    "name": "Load Controller",
    "start": 1572053100905,
    "end": 1572053100994,
    "duration": 89,
    "pid": 6504,
    "index": 61
  },
  {
    "name": "Load \"controller\" to Application",
    "start": 1572053100906,
    "end": 1572053100994,
    "duration": 88,
    "pid": 6504,
    "index": 62
  },
  {
    "name": "Load Router",
    "start": 1572053100994,
    "end": 1572053101001,
    "duration": 7,
    "pid": 6504,
    "index": 63
  },
  {
    "name": "Require(46) app/router.js",
    "start": 1572053100998,
    "end": 1572053100999,
    "duration": 1,
    "pid": 6504,
    "index": 64
  },
  {
    "name": "Before Start in node_modules/egg-core/lib/egg.js:303:10",
    "start": 1572053101000,
    "end": 1572053101037,
    "duration": 37,
    "pid": 6504,
    "index": 65
  }
]