[
  {
    "name": "Application Start",
    "start": 1572056543422,
    "end": 1572056544616,
    "duration": 1194,
    "pid": 560,
    "index": 0
  },
  {
    "name": "Load Plugin",
    "start": 1572056543432,
    "end": 1572056543469,
    "duration": 37,
    "pid": 560,
    "index": 1
  },
  {
    "name": "Load Config",
    "start": 1572056543469,
    "end": 1572056543519,
    "duration": 50,
    "pid": 560,
    "index": 2
  },
  {
    "name": "Require(0) config/config.default.js",
    "start": 1572056543470,
    "end": 1572056543471,
    "duration": 1,
    "pid": 560,
    "index": 3
  },
  {
    "name": "Require(1) node_modules/egg-session/config/config.default.js",
    "start": 1572056543474,
    "end": 1572056543474,
    "duration": 0,
    "pid": 560,
    "index": 4
  },
  {
    "name": "Require(2) node_modules/egg-security/config/config.default.js",
    "start": 1572056543475,
    "end": 1572056543475,
    "duration": 0,
    "pid": 560,
    "index": 5
  },
  {
    "name": "Require(3) node_modules/egg-jsonp/config/config.default.js",
    "start": 1572056543477,
    "end": 1572056543478,
    "duration": 1,
    "pid": 560,
    "index": 6
  },
  {
    "name": "Require(4) node_modules/egg-onerror/config/config.default.js",
    "start": 1572056543484,
    "end": 1572056543487,
    "duration": 3,
    "pid": 560,
    "index": 7
  },
  {
    "name": "Require(5) node_modules/egg-i18n/config/config.default.js",
    "start": 1572056543489,
    "end": 1572056543490,
    "duration": 1,
    "pid": 560,
    "index": 8
  },
  {
    "name": "Require(6) node_modules/egg-watcher/config/config.default.js",
    "start": 1572056543492,
    "end": 1572056543493,
    "duration": 1,
    "pid": 560,
    "index": 9
  },
  {
    "name": "Require(7) node_modules/egg-schedule/config/config.default.js",
    "start": 1572056543495,
    "end": 1572056543495,
    "duration": 0,
    "pid": 560,
    "index": 10
  },
  {
    "name": "Require(8) node_modules/egg-multipart/config/config.default.js",
    "start": 1572056543496,
    "end": 1572056543496,
    "duration": 0,
    "pid": 560,
    "index": 11
  },
  {
    "name": "Require(9) node_modules/egg-development/config/config.default.js",
    "start": 1572056543497,
    "end": 1572056543498,
    "duration": 1,
    "pid": 560,
    "index": 12
  },
  {
    "name": "Require(10) node_modules/egg-logrotator/config/config.default.js",
    "start": 1572056543498,
    "end": 1572056543502,
    "duration": 4,
    "pid": 560,
    "index": 13
  },
  {
    "name": "Require(11) node_modules/egg-static/config/config.default.js",
    "start": 1572056543504,
    "end": 1572056543505,
    "duration": 1,
    "pid": 560,
    "index": 14
  },
  {
    "name": "Require(12) node_modules/egg-view/config/config.default.js",
    "start": 1572056543507,
    "end": 1572056543507,
    "duration": 0,
    "pid": 560,
    "index": 15
  },
  {
    "name": "Require(13) node_modules/egg-mysql/config/config.default.js",
    "start": 1572056543508,
    "end": 1572056543508,
    "duration": 0,
    "pid": 560,
    "index": 16
  },
  {
    "name": "Require(14) node_modules/egg/config/config.default.js",
    "start": 1572056543509,
    "end": 1572056543509,
    "duration": 0,
    "pid": 560,
    "index": 17
  },
  {
    "name": "Require(15) config/config.default.js",
    "start": 1572056543512,
    "end": 1572056543512,
    "duration": 0,
    "pid": 560,
    "index": 18
  },
  {
    "name": "Require(16) node_modules/egg-security/config/config.local.js",
    "start": 1572056543513,
    "end": 1572056543513,
    "duration": 0,
    "pid": 560,
    "index": 19
  },
  {
    "name": "Require(17) node_modules/egg-watcher/config/config.local.js",
    "start": 1572056543515,
    "end": 1572056543515,
    "duration": 0,
    "pid": 560,
    "index": 20
  },
  {
    "name": "Require(18) node_modules/egg-view/config/config.local.js",
    "start": 1572056543517,
    "end": 1572056543517,
    "duration": 0,
    "pid": 560,
    "index": 21
  },
  {
    "name": "Require(19) node_modules/egg/config/config.local.js",
    "start": 1572056543518,
    "end": 1572056543519,
    "duration": 1,
    "pid": 560,
    "index": 22
  },
  {
    "name": "Load extend/application.js",
    "start": 1572056543520,
    "end": 1572056543539,
    "duration": 19,
    "pid": 560,
    "index": 23
  },
  {
    "name": "Require(20) node_modules/egg-session/app/extend/application.js",
    "start": 1572056543521,
    "end": 1572056543522,
    "duration": 1,
    "pid": 560,
    "index": 24
  },
  {
    "name": "Require(21) node_modules/egg-security/app/extend/application.js",
    "start": 1572056543523,
    "end": 1572056543524,
    "duration": 1,
    "pid": 560,
    "index": 25
  },
  {
    "name": "Require(22) node_modules/egg-jsonp/app/extend/application.js",
    "start": 1572056543525,
    "end": 1572056543527,
    "duration": 2,
    "pid": 560,
    "index": 26
  },
  {
    "name": "Require(23) node_modules/egg-logrotator/app/extend/application.js",
    "start": 1572056543529,
    "end": 1572056543532,
    "duration": 3,
    "pid": 560,
    "index": 27
  },
  {
    "name": "Require(24) node_modules/egg-view/app/extend/application.js",
    "start": 1572056543533,
    "end": 1572056543535,
    "duration": 2,
    "pid": 560,
    "index": 28
  },
  {
    "name": "Load extend/request.js",
    "start": 1572056543540,
    "end": 1572056543551,
    "duration": 11,
    "pid": 560,
    "index": 29
  },
  {
    "name": "Require(25) node_modules/egg/app/extend/request.js",
    "start": 1572056543544,
    "end": 1572056543546,
    "duration": 2,
    "pid": 560,
    "index": 30
  },
  {
    "name": "Load extend/response.js",
    "start": 1572056543551,
    "end": 1572056543588,
    "duration": 37,
    "pid": 560,
    "index": 31
  },
  {
    "name": "Require(26) node_modules/egg/app/extend/response.js",
    "start": 1572056543559,
    "end": 1572056543563,
    "duration": 4,
    "pid": 560,
    "index": 32
  },
  {
    "name": "Load extend/context.js",
    "start": 1572056543588,
    "end": 1572056543787,
    "duration": 199,
    "pid": 560,
    "index": 33
  },
  {
    "name": "Require(27) node_modules/egg-security/app/extend/context.js",
    "start": 1572056543590,
    "end": 1572056543616,
    "duration": 26,
    "pid": 560,
    "index": 34
  },
  {
    "name": "Require(28) node_modules/egg-jsonp/app/extend/context.js",
    "start": 1572056543617,
    "end": 1572056543620,
    "duration": 3,
    "pid": 560,
    "index": 35
  },
  {
    "name": "Require(29) node_modules/egg-i18n/app/extend/context.js",
    "start": 1572056543621,
    "end": 1572056543622,
    "duration": 1,
    "pid": 560,
    "index": 36
  },
  {
    "name": "Require(30) node_modules/egg-multipart/app/extend/context.js",
    "start": 1572056543623,
    "end": 1572056543767,
    "duration": 144,
    "pid": 560,
    "index": 37
  },
  {
    "name": "Require(31) node_modules/egg-view/app/extend/context.js",
    "start": 1572056543770,
    "end": 1572056543774,
    "duration": 4,
    "pid": 560,
    "index": 38
  },
  {
    "name": "Require(32) node_modules/egg/app/extend/context.js",
    "start": 1572056543778,
    "end": 1572056543782,
    "duration": 4,
    "pid": 560,
    "index": 39
  },
  {
    "name": "Load extend/helper.js",
    "start": 1572056543787,
    "end": 1572056543836,
    "duration": 49,
    "pid": 560,
    "index": 40
  },
  {
    "name": "Require(33) node_modules/egg-security/app/extend/helper.js",
    "start": 1572056543791,
    "end": 1572056543825,
    "duration": 34,
    "pid": 560,
    "index": 41
  },
  {
    "name": "Require(34) node_modules/egg/app/extend/helper.js",
    "start": 1572056543830,
    "end": 1572056543831,
    "duration": 1,
    "pid": 560,
    "index": 42
  },
  {
    "name": "Load app.js",
    "start": 1572056543836,
    "end": 1572056543985,
    "duration": 149,
    "pid": 560,
    "index": 43
  },
  {
    "name": "Require(35) node_modules/egg-session/app.js",
    "start": 1572056543837,
    "end": 1572056543838,
    "duration": 1,
    "pid": 560,
    "index": 44
  },
  {
    "name": "Require(36) node_modules/egg-security/app.js",
    "start": 1572056543839,
    "end": 1572056543847,
    "duration": 8,
    "pid": 560,
    "index": 45
  },
  {
    "name": "Require(37) node_modules/egg-onerror/app.js",
    "start": 1572056543849,
    "end": 1572056543872,
    "duration": 23,
    "pid": 560,
    "index": 46
  },
  {
    "name": "Require(38) node_modules/egg-i18n/app.js",
    "start": 1572056543873,
    "end": 1572056543900,
    "duration": 27,
    "pid": 560,
    "index": 47
  },
  {
    "name": "Require(39) node_modules/egg-watcher/app.js",
    "start": 1572056543900,
    "end": 1572056543906,
    "duration": 6,
    "pid": 560,
    "index": 48
  },
  {
    "name": "Require(40) node_modules/egg-schedule/app.js",
    "start": 1572056543907,
    "end": 1572056543910,
    "duration": 3,
    "pid": 560,
    "index": 49
  },
  {
    "name": "Require(41) node_modules/egg-multipart/app.js",
    "start": 1572056543910,
    "end": 1572056543915,
    "duration": 5,
    "pid": 560,
    "index": 50
  },
  {
    "name": "Require(42) node_modules/egg-development/app.js",
    "start": 1572056543915,
    "end": 1572056543916,
    "duration": 1,
    "pid": 560,
    "index": 51
  },
  {
    "name": "Require(43) node_modules/egg-logrotator/app.js",
    "start": 1572056543916,
    "end": 1572056543917,
    "duration": 1,
    "pid": 560,
    "index": 52
  },
  {
    "name": "Require(44) node_modules/egg-static/app.js",
    "start": 1572056543917,
    "end": 1572056543918,
    "duration": 1,
    "pid": 560,
    "index": 53
  },
  {
    "name": "Require(45) node_modules/egg-mysql/app.js",
    "start": 1572056543919,
    "end": 1572056543983,
    "duration": 64,
    "pid": 560,
    "index": 54
  },
  {
    "name": "Before Start in node_modules/egg-watcher/lib/init.js:15:14",
    "start": 1572056544035,
    "end": 1572056544610,
    "duration": 575,
    "pid": 560,
    "index": 55
  },
  {
    "name": "Before Start in node_modules/egg-mysql/lib/mysql.js:20:7",
    "start": 1572056544246,
    "end": 1572056544616,
    "duration": 370,
    "pid": 560,
    "index": 56
  },
  {
    "name": "Load Service",
    "start": 1572056544246,
    "end": 1572056544260,
    "duration": 14,
    "pid": 560,
    "index": 57
  },
  {
    "name": "Load \"service\" to Context",
    "start": 1572056544246,
    "end": 1572056544260,
    "duration": 14,
    "pid": 560,
    "index": 58
  },
  {
    "name": "Load Middleware",
    "start": 1572056544261,
    "end": 1572056544469,
    "duration": 208,
    "pid": 560,
    "index": 59
  },
  {
    "name": "Load \"middlewares\" to Application",
    "start": 1572056544261,
    "end": 1572056544449,
    "duration": 188,
    "pid": 560,
    "index": 60
  },
  {
    "name": "Load Controller",
    "start": 1572056544469,
    "end": 1572056544548,
    "duration": 79,
    "pid": 560,
    "index": 61
  },
  {
    "name": "Load \"controller\" to Application",
    "start": 1572056544469,
    "end": 1572056544548,
    "duration": 79,
    "pid": 560,
    "index": 62
  },
  {
    "name": "Load Router",
    "start": 1572056544548,
    "end": 1572056544551,
    "duration": 3,
    "pid": 560,
    "index": 63
  },
  {
    "name": "Require(46) app/router.js",
    "start": 1572056544548,
    "end": 1572056544549,
    "duration": 1,
    "pid": 560,
    "index": 64
  },
  {
    "name": "Before Start in node_modules/egg-core/lib/egg.js:303:10",
    "start": 1572056544549,
    "end": 1572056544592,
    "duration": 43,
    "pid": 560,
    "index": 65
  }
]