[
  {
    "name": "Application Start",
    "start": 1572053275812,
    "end": 1572053277302,
    "duration": 1490,
    "pid": 2504,
    "index": 0
  },
  {
    "name": "Load Plugin",
    "start": 1572053275827,
    "end": 1572053275930,
    "duration": 103,
    "pid": 2504,
    "index": 1
  },
  {
    "name": "Load Config",
    "start": 1572053275930,
    "end": 1572053276069,
    "duration": 139,
    "pid": 2504,
    "index": 2
  },
  {
    "name": "Require(0) config/config.default.js",
    "start": 1572053275932,
    "end": 1572053275932,
    "duration": 0,
    "pid": 2504,
    "index": 3
  },
  {
    "name": "Require(1) node_modules/egg-session/config/config.default.js",
    "start": 1572053275934,
    "end": 1572053275935,
    "duration": 1,
    "pid": 2504,
    "index": 4
  },
  {
    "name": "Require(2) node_modules/egg-security/config/config.default.js",
    "start": 1572053275936,
    "end": 1572053275940,
    "duration": 4,
    "pid": 2504,
    "index": 5
  },
  {
    "name": "Require(3) node_modules/egg-jsonp/config/config.default.js",
    "start": 1572053275946,
    "end": 1572053275947,
    "duration": 1,
    "pid": 2504,
    "index": 6
  },
  {
    "name": "Require(4) node_modules/egg-onerror/config/config.default.js",
    "start": 1572053275949,
    "end": 1572053275950,
    "duration": 1,
    "pid": 2504,
    "index": 7
  },
  {
    "name": "Require(5) node_modules/egg-i18n/config/config.default.js",
    "start": 1572053275951,
    "end": 1572053275951,
    "duration": 0,
    "pid": 2504,
    "index": 8
  },
  {
    "name": "Require(6) node_modules/egg-watcher/config/config.default.js",
    "start": 1572053275985,
    "end": 1572053275986,
    "duration": 1,
    "pid": 2504,
    "index": 9
  },
  {
    "name": "Require(7) node_modules/egg-schedule/config/config.default.js",
    "start": 1572053275997,
    "end": 1572053275998,
    "duration": 1,
    "pid": 2504,
    "index": 10
  },
  {
    "name": "Require(8) node_modules/egg-multipart/config/config.default.js",
    "start": 1572053276000,
    "end": 1572053276001,
    "duration": 1,
    "pid": 2504,
    "index": 11
  },
  {
    "name": "Require(9) node_modules/egg-development/config/config.default.js",
    "start": 1572053276002,
    "end": 1572053276003,
    "duration": 1,
    "pid": 2504,
    "index": 12
  },
  {
    "name": "Require(10) node_modules/egg-logrotator/config/config.default.js",
    "start": 1572053276005,
    "end": 1572053276013,
    "duration": 8,
    "pid": 2504,
    "index": 13
  },
  {
    "name": "Require(11) node_modules/egg-static/config/config.default.js",
    "start": 1572053276014,
    "end": 1572053276014,
    "duration": 0,
    "pid": 2504,
    "index": 14
  },
  {
    "name": "Require(12) node_modules/egg-view/config/config.default.js",
    "start": 1572053276015,
    "end": 1572053276016,
    "duration": 1,
    "pid": 2504,
    "index": 15
  },
  {
    "name": "Require(13) node_modules/egg-mysql/config/config.default.js",
    "start": 1572053276024,
    "end": 1572053276025,
    "duration": 1,
    "pid": 2504,
    "index": 16
  },
  {
    "name": "Require(14) node_modules/egg/config/config.default.js",
    "start": 1572053276030,
    "end": 1572053276031,
    "duration": 1,
    "pid": 2504,
    "index": 17
  },
  {
    "name": "Require(15) config/config.default.js",
    "start": 1572053276033,
    "end": 1572053276033,
    "duration": 0,
    "pid": 2504,
    "index": 18
  },
  {
    "name": "Require(16) node_modules/egg-security/config/config.local.js",
    "start": 1572053276035,
    "end": 1572053276047,
    "duration": 12,
    "pid": 2504,
    "index": 19
  },
  {
    "name": "Require(17) node_modules/egg-watcher/config/config.local.js",
    "start": 1572053276050,
    "end": 1572053276051,
    "duration": 1,
    "pid": 2504,
    "index": 20
  },
  {
    "name": "Require(18) node_modules/egg-view/config/config.local.js",
    "start": 1572053276065,
    "end": 1572053276065,
    "duration": 0,
    "pid": 2504,
    "index": 21
  },
  {
    "name": "Require(19) node_modules/egg/config/config.local.js",
    "start": 1572053276067,
    "end": 1572053276067,
    "duration": 0,
    "pid": 2504,
    "index": 22
  },
  {
    "name": "Load extend/application.js",
    "start": 1572053276072,
    "end": 1572053276203,
    "duration": 131,
    "pid": 2504,
    "index": 23
  },
  {
    "name": "Require(20) node_modules/egg-session/app/extend/application.js",
    "start": 1572053276073,
    "end": 1572053276074,
    "duration": 1,
    "pid": 2504,
    "index": 24
  },
  {
    "name": "Require(21) node_modules/egg-security/app/extend/application.js",
    "start": 1572053276075,
    "end": 1572053276078,
    "duration": 3,
    "pid": 2504,
    "index": 25
  },
  {
    "name": "Require(22) node_modules/egg-jsonp/app/extend/application.js",
    "start": 1572053276079,
    "end": 1572053276083,
    "duration": 4,
    "pid": 2504,
    "index": 26
  },
  {
    "name": "Require(23) node_modules/egg-logrotator/app/extend/application.js",
    "start": 1572053276115,
    "end": 1572053276134,
    "duration": 19,
    "pid": 2504,
    "index": 27
  },
  {
    "name": "Require(24) node_modules/egg-view/app/extend/application.js",
    "start": 1572053276150,
    "end": 1572053276196,
    "duration": 46,
    "pid": 2504,
    "index": 28
  },
  {
    "name": "Load extend/request.js",
    "start": 1572053276203,
    "end": 1572053276230,
    "duration": 27,
    "pid": 2504,
    "index": 29
  },
  {
    "name": "Require(25) node_modules/egg/app/extend/request.js",
    "start": 1572053276214,
    "end": 1572053276216,
    "duration": 2,
    "pid": 2504,
    "index": 30
  },
  {
    "name": "Load extend/response.js",
    "start": 1572053276230,
    "end": 1572053276290,
    "duration": 60,
    "pid": 2504,
    "index": 31
  },
  {
    "name": "Require(26) node_modules/egg/app/extend/response.js",
    "start": 1572053276260,
    "end": 1572053276273,
    "duration": 13,
    "pid": 2504,
    "index": 32
  },
  {
    "name": "Load extend/context.js",
    "start": 1572053276290,
    "end": 1572053276577,
    "duration": 287,
    "pid": 2504,
    "index": 33
  },
  {
    "name": "Require(27) node_modules/egg-security/app/extend/context.js",
    "start": 1572053276293,
    "end": 1572053276355,
    "duration": 62,
    "pid": 2504,
    "index": 34
  },
  {
    "name": "Require(28) node_modules/egg-jsonp/app/extend/context.js",
    "start": 1572053276356,
    "end": 1572053276374,
    "duration": 18,
    "pid": 2504,
    "index": 35
  },
  {
    "name": "Require(29) node_modules/egg-i18n/app/extend/context.js",
    "start": 1572053276378,
    "end": 1572053276380,
    "duration": 2,
    "pid": 2504,
    "index": 36
  },
  {
    "name": "Require(30) node_modules/egg-multipart/app/extend/context.js",
    "start": 1572053276382,
    "end": 1572053276566,
    "duration": 184,
    "pid": 2504,
    "index": 37
  },
  {
    "name": "Require(31) node_modules/egg-view/app/extend/context.js",
    "start": 1572053276568,
    "end": 1572053276569,
    "duration": 1,
    "pid": 2504,
    "index": 38
  },
  {
    "name": "Require(32) node_modules/egg/app/extend/context.js",
    "start": 1572053276570,
    "end": 1572053276574,
    "duration": 4,
    "pid": 2504,
    "index": 39
  },
  {
    "name": "Load extend/helper.js",
    "start": 1572053276577,
    "end": 1572053276636,
    "duration": 59,
    "pid": 2504,
    "index": 40
  },
  {
    "name": "Require(33) node_modules/egg-security/app/extend/helper.js",
    "start": 1572053276578,
    "end": 1572053276627,
    "duration": 49,
    "pid": 2504,
    "index": 41
  },
  {
    "name": "Require(34) node_modules/egg/app/extend/helper.js",
    "start": 1572053276632,
    "end": 1572053276633,
    "duration": 1,
    "pid": 2504,
    "index": 42
  },
  {
    "name": "Load app.js",
    "start": 1572053276636,
    "end": 1572053276759,
    "duration": 123,
    "pid": 2504,
    "index": 43
  },
  {
    "name": "Require(35) node_modules/egg-session/app.js",
    "start": 1572053276637,
    "end": 1572053276637,
    "duration": 0,
    "pid": 2504,
    "index": 44
  },
  {
    "name": "Require(36) node_modules/egg-security/app.js",
    "start": 1572053276638,
    "end": 1572053276642,
    "duration": 4,
    "pid": 2504,
    "index": 45
  },
  {
    "name": "Require(37) node_modules/egg-onerror/app.js",
    "start": 1572053276643,
    "end": 1572053276657,
    "duration": 14,
    "pid": 2504,
    "index": 46
  },
  {
    "name": "Require(38) node_modules/egg-i18n/app.js",
    "start": 1572053276658,
    "end": 1572053276688,
    "duration": 30,
    "pid": 2504,
    "index": 47
  },
  {
    "name": "Require(39) node_modules/egg-watcher/app.js",
    "start": 1572053276689,
    "end": 1572053276702,
    "duration": 13,
    "pid": 2504,
    "index": 48
  },
  {
    "name": "Require(40) node_modules/egg-schedule/app.js",
    "start": 1572053276703,
    "end": 1572053276707,
    "duration": 4,
    "pid": 2504,
    "index": 49
  },
  {
    "name": "Require(41) node_modules/egg-multipart/app.js",
    "start": 1572053276708,
    "end": 1572053276715,
    "duration": 7,
    "pid": 2504,
    "index": 50
  },
  {
    "name": "Require(42) node_modules/egg-development/app.js",
    "start": 1572053276716,
    "end": 1572053276716,
    "duration": 0,
    "pid": 2504,
    "index": 51
  },
  {
    "name": "Require(43) node_modules/egg-logrotator/app.js",
    "start": 1572053276717,
    "end": 1572053276717,
    "duration": 0,
    "pid": 2504,
    "index": 52
  },
  {
    "name": "Require(44) node_modules/egg-static/app.js",
    "start": 1572053276718,
    "end": 1572053276719,
    "duration": 1,
    "pid": 2504,
    "index": 53
  },
  {
    "name": "Require(45) node_modules/egg-mysql/app.js",
    "start": 1572053276720,
    "end": 1572053276755,
    "duration": 35,
    "pid": 2504,
    "index": 54
  },
  {
    "name": "Before Start in node_modules/egg-watcher/lib/init.js:15:14",
    "start": 1572053276785,
    "end": 1572053277297,
    "duration": 512,
    "pid": 2504,
    "index": 55
  },
  {
    "name": "Before Start in node_modules/egg-mysql/lib/mysql.js:20:7",
    "start": 1572053276994,
    "end": 1572053277302,
    "duration": 308,
    "pid": 2504,
    "index": 56
  },
  {
    "name": "Load Service",
    "start": 1572053276995,
    "end": 1572053277005,
    "duration": 10,
    "pid": 2504,
    "index": 57
  },
  {
    "name": "Load \"service\" to Context",
    "start": 1572053276995,
    "end": 1572053277005,
    "duration": 10,
    "pid": 2504,
    "index": 58
  },
  {
    "name": "Load Middleware",
    "start": 1572053277005,
    "end": 1572053277183,
    "duration": 178,
    "pid": 2504,
    "index": 59
  },
  {
    "name": "Load \"middlewares\" to Application",
    "start": 1572053277006,
    "end": 1572053277165,
    "duration": 159,
    "pid": 2504,
    "index": 60
  },
  {
    "name": "Load Controller",
    "start": 1572053277183,
    "end": 1572053277240,
    "duration": 57,
    "pid": 2504,
    "index": 61
  },
  {
    "name": "Load \"controller\" to Application",
    "start": 1572053277183,
    "end": 1572053277240,
    "duration": 57,
    "pid": 2504,
    "index": 62
  },
  {
    "name": "Load Router",
    "start": 1572053277241,
    "end": 1572053277253,
    "duration": 12,
    "pid": 2504,
    "index": 63
  },
  {
    "name": "Require(46) app/router.js",
    "start": 1572053277241,
    "end": 1572053277248,
    "duration": 7,
    "pid": 2504,
    "index": 64
  },
  {
    "name": "Before Start in node_modules/egg-core/lib/egg.js:303:10",
    "start": 1572053277249,
    "end": 1572053277280,
    "duration": 31,
    "pid": 2504,
    "index": 65
  }
]