[
  {
    "name": "Application Start",
    "start": 1572052195253,
    "end": 1572052196469,
    "duration": 1216,
    "pid": 3064,
    "index": 0
  },
  {
    "name": "Load Plugin",
    "start": 1572052195268,
    "end": 1572052195375,
    "duration": 107,
    "pid": 3064,
    "index": 1
  },
  {
    "name": "Load Config",
    "start": 1572052195375,
    "end": 1572052195464,
    "duration": 89,
    "pid": 3064,
    "index": 2
  },
  {
    "name": "Require(0) config/config.default.js",
    "start": 1572052195377,
    "end": 1572052195377,
    "duration": 0,
    "pid": 3064,
    "index": 3
  },
  {
    "name": "Require(1) node_modules/egg-session/config/config.default.js",
    "start": 1572052195380,
    "end": 1572052195381,
    "duration": 1,
    "pid": 3064,
    "index": 4
  },
  {
    "name": "Require(2) node_modules/egg-security/config/config.default.js",
    "start": 1572052195382,
    "end": 1572052195383,
    "duration": 1,
    "pid": 3064,
    "index": 5
  },
  {
    "name": "Require(3) node_modules/egg-jsonp/config/config.default.js",
    "start": 1572052195384,
    "end": 1572052195385,
    "duration": 1,
    "pid": 3064,
    "index": 6
  },
  {
    "name": "Require(4) node_modules/egg-onerror/config/config.default.js",
    "start": 1572052195386,
    "end": 1572052195387,
    "duration": 1,
    "pid": 3064,
    "index": 7
  },
  {
    "name": "Require(5) node_modules/egg-i18n/config/config.default.js",
    "start": 1572052195391,
    "end": 1572052195394,
    "duration": 3,
    "pid": 3064,
    "index": 8
  },
  {
    "name": "Require(6) node_modules/egg-watcher/config/config.default.js",
    "start": 1572052195396,
    "end": 1572052195396,
    "duration": 0,
    "pid": 3064,
    "index": 9
  },
  {
    "name": "Require(7) node_modules/egg-schedule/config/config.default.js",
    "start": 1572052195398,
    "end": 1572052195398,
    "duration": 0,
    "pid": 3064,
    "index": 10
  },
  {
    "name": "Require(8) node_modules/egg-multipart/config/config.default.js",
    "start": 1572052195400,
    "end": 1572052195400,
    "duration": 0,
    "pid": 3064,
    "index": 11
  },
  {
    "name": "Require(9) node_modules/egg-development/config/config.default.js",
    "start": 1572052195402,
    "end": 1572052195403,
    "duration": 1,
    "pid": 3064,
    "index": 12
  },
  {
    "name": "Require(10) node_modules/egg-logrotator/config/config.default.js",
    "start": 1572052195404,
    "end": 1572052195407,
    "duration": 3,
    "pid": 3064,
    "index": 13
  },
  {
    "name": "Require(11) node_modules/egg-static/config/config.default.js",
    "start": 1572052195408,
    "end": 1572052195432,
    "duration": 24,
    "pid": 3064,
    "index": 14
  },
  {
    "name": "Require(12) node_modules/egg-view/config/config.default.js",
    "start": 1572052195435,
    "end": 1572052195435,
    "duration": 0,
    "pid": 3064,
    "index": 15
  },
  {
    "name": "Require(13) node_modules/egg-mysql/config/config.default.js",
    "start": 1572052195438,
    "end": 1572052195440,
    "duration": 2,
    "pid": 3064,
    "index": 16
  },
  {
    "name": "Require(14) node_modules/egg/config/config.default.js",
    "start": 1572052195443,
    "end": 1572052195447,
    "duration": 4,
    "pid": 3064,
    "index": 17
  },
  {
    "name": "Require(15) config/config.default.js",
    "start": 1572052195450,
    "end": 1572052195450,
    "duration": 0,
    "pid": 3064,
    "index": 18
  },
  {
    "name": "Require(16) node_modules/egg-security/config/config.local.js",
    "start": 1572052195452,
    "end": 1572052195452,
    "duration": 0,
    "pid": 3064,
    "index": 19
  },
  {
    "name": "Require(17) node_modules/egg-watcher/config/config.local.js",
    "start": 1572052195455,
    "end": 1572052195456,
    "duration": 1,
    "pid": 3064,
    "index": 20
  },
  {
    "name": "Require(18) node_modules/egg-view/config/config.local.js",
    "start": 1572052195459,
    "end": 1572052195460,
    "duration": 1,
    "pid": 3064,
    "index": 21
  },
  {
    "name": "Require(19) node_modules/egg/config/config.local.js",
    "start": 1572052195463,
    "end": 1572052195463,
    "duration": 0,
    "pid": 3064,
    "index": 22
  },
  {
    "name": "Load extend/application.js",
    "start": 1572052195467,
    "end": 1572052195510,
    "duration": 43,
    "pid": 3064,
    "index": 23
  },
  {
    "name": "Require(20) node_modules/egg-session/app/extend/application.js",
    "start": 1572052195468,
    "end": 1572052195470,
    "duration": 2,
    "pid": 3064,
    "index": 24
  },
  {
    "name": "Require(21) node_modules/egg-security/app/extend/application.js",
    "start": 1572052195471,
    "end": 1572052195474,
    "duration": 3,
    "pid": 3064,
    "index": 25
  },
  {
    "name": "Require(22) node_modules/egg-jsonp/app/extend/application.js",
    "start": 1572052195475,
    "end": 1572052195479,
    "duration": 4,
    "pid": 3064,
    "index": 26
  },
  {
    "name": "Require(23) node_modules/egg-logrotator/app/extend/application.js",
    "start": 1572052195482,
    "end": 1572052195487,
    "duration": 5,
    "pid": 3064,
    "index": 27
  },
  {
    "name": "Require(24) node_modules/egg-view/app/extend/application.js",
    "start": 1572052195488,
    "end": 1572052195492,
    "duration": 4,
    "pid": 3064,
    "index": 28
  },
  {
    "name": "Load extend/request.js",
    "start": 1572052195510,
    "end": 1572052195528,
    "duration": 18,
    "pid": 3064,
    "index": 29
  },
  {
    "name": "Require(25) node_modules/egg/app/extend/request.js",
    "start": 1572052195518,
    "end": 1572052195522,
    "duration": 4,
    "pid": 3064,
    "index": 30
  },
  {
    "name": "Load extend/response.js",
    "start": 1572052195528,
    "end": 1572052195542,
    "duration": 14,
    "pid": 3064,
    "index": 31
  },
  {
    "name": "Require(26) node_modules/egg/app/extend/response.js",
    "start": 1572052195533,
    "end": 1572052195536,
    "duration": 3,
    "pid": 3064,
    "index": 32
  },
  {
    "name": "Load extend/context.js",
    "start": 1572052195542,
    "end": 1572052195751,
    "duration": 209,
    "pid": 3064,
    "index": 33
  },
  {
    "name": "Require(27) node_modules/egg-security/app/extend/context.js",
    "start": 1572052195544,
    "end": 1572052195569,
    "duration": 25,
    "pid": 3064,
    "index": 34
  },
  {
    "name": "Require(28) node_modules/egg-jsonp/app/extend/context.js",
    "start": 1572052195570,
    "end": 1572052195573,
    "duration": 3,
    "pid": 3064,
    "index": 35
  },
  {
    "name": "Require(29) node_modules/egg-i18n/app/extend/context.js",
    "start": 1572052195577,
    "end": 1572052195578,
    "duration": 1,
    "pid": 3064,
    "index": 36
  },
  {
    "name": "Require(30) node_modules/egg-multipart/app/extend/context.js",
    "start": 1572052195580,
    "end": 1572052195729,
    "duration": 149,
    "pid": 3064,
    "index": 37
  },
  {
    "name": "Require(31) node_modules/egg-view/app/extend/context.js",
    "start": 1572052195731,
    "end": 1572052195734,
    "duration": 3,
    "pid": 3064,
    "index": 38
  },
  {
    "name": "Require(32) node_modules/egg/app/extend/context.js",
    "start": 1572052195735,
    "end": 1572052195739,
    "duration": 4,
    "pid": 3064,
    "index": 39
  },
  {
    "name": "Load extend/helper.js",
    "start": 1572052195751,
    "end": 1572052195823,
    "duration": 72,
    "pid": 3064,
    "index": 40
  },
  {
    "name": "Require(33) node_modules/egg-security/app/extend/helper.js",
    "start": 1572052195753,
    "end": 1572052195816,
    "duration": 63,
    "pid": 3064,
    "index": 41
  },
  {
    "name": "Require(34) node_modules/egg/app/extend/helper.js",
    "start": 1572052195819,
    "end": 1572052195820,
    "duration": 1,
    "pid": 3064,
    "index": 42
  },
  {
    "name": "Load app.js",
    "start": 1572052195824,
    "end": 1572052195948,
    "duration": 124,
    "pid": 3064,
    "index": 43
  },
  {
    "name": "Require(35) node_modules/egg-session/app.js",
    "start": 1572052195824,
    "end": 1572052195825,
    "duration": 1,
    "pid": 3064,
    "index": 44
  },
  {
    "name": "Require(36) node_modules/egg-security/app.js",
    "start": 1572052195826,
    "end": 1572052195829,
    "duration": 3,
    "pid": 3064,
    "index": 45
  },
  {
    "name": "Require(37) node_modules/egg-onerror/app.js",
    "start": 1572052195830,
    "end": 1572052195842,
    "duration": 12,
    "pid": 3064,
    "index": 46
  },
  {
    "name": "Require(38) node_modules/egg-i18n/app.js",
    "start": 1572052195843,
    "end": 1572052195892,
    "duration": 49,
    "pid": 3064,
    "index": 47
  },
  {
    "name": "Require(39) node_modules/egg-watcher/app.js",
    "start": 1572052195893,
    "end": 1572052195899,
    "duration": 6,
    "pid": 3064,
    "index": 48
  },
  {
    "name": "Require(40) node_modules/egg-schedule/app.js",
    "start": 1572052195900,
    "end": 1572052195902,
    "duration": 2,
    "pid": 3064,
    "index": 49
  },
  {
    "name": "Require(41) node_modules/egg-multipart/app.js",
    "start": 1572052195903,
    "end": 1572052195908,
    "duration": 5,
    "pid": 3064,
    "index": 50
  },
  {
    "name": "Require(42) node_modules/egg-development/app.js",
    "start": 1572052195908,
    "end": 1572052195909,
    "duration": 1,
    "pid": 3064,
    "index": 51
  },
  {
    "name": "Require(43) node_modules/egg-logrotator/app.js",
    "start": 1572052195910,
    "end": 1572052195910,
    "duration": 0,
    "pid": 3064,
    "index": 52
  },
  {
    "name": "Require(44) node_modules/egg-static/app.js",
    "start": 1572052195911,
    "end": 1572052195911,
    "duration": 0,
    "pid": 3064,
    "index": 53
  },
  {
    "name": "Require(45) node_modules/egg-mysql/app.js",
    "start": 1572052195912,
    "end": 1572052195946,
    "duration": 34,
    "pid": 3064,
    "index": 54
  },
  {
    "name": "Before Start in node_modules/egg-watcher/lib/init.js:15:14",
    "start": 1572052195984,
    "end": 1572052196458,
    "duration": 474,
    "pid": 3064,
    "index": 55
  },
  {
    "name": "Before Start in node_modules/egg-mysql/lib/mysql.js:20:7",
    "start": 1572052196203,
    "end": 1572052196468,
    "duration": 265,
    "pid": 3064,
    "index": 56
  },
  {
    "name": "Load Service",
    "start": 1572052196203,
    "end": 1572052196220,
    "duration": 17,
    "pid": 3064,
    "index": 57
  },
  {
    "name": "Load \"service\" to Context",
    "start": 1572052196203,
    "end": 1572052196220,
    "duration": 17,
    "pid": 3064,
    "index": 58
  },
  {
    "name": "Load Middleware",
    "start": 1572052196220,
    "end": 1572052196399,
    "duration": 179,
    "pid": 3064,
    "index": 59
  },
  {
    "name": "Load \"middlewares\" to Application",
    "start": 1572052196220,
    "end": 1572052196381,
    "duration": 161,
    "pid": 3064,
    "index": 60
  },
  {
    "name": "Load Controller",
    "start": 1572052196399,
    "end": 1572052196409,
    "duration": 10,
    "pid": 3064,
    "index": 61
  },
  {
    "name": "Load \"controller\" to Application",
    "start": 1572052196399,
    "end": 1572052196409,
    "duration": 10,
    "pid": 3064,
    "index": 62
  },
  {
    "name": "Load Router",
    "start": 1572052196409,
    "end": 1572052196412,
    "duration": 3,
    "pid": 3064,
    "index": 63
  },
  {
    "name": "Require(46) app/router.js",
    "start": 1572052196410,
    "end": 1572052196410,
    "duration": 0,
    "pid": 3064,
    "index": 64
  },
  {
    "name": "Before Start in node_modules/egg-core/lib/egg.js:303:10",
    "start": 1572052196411,
    "end": 1572052196442,
    "duration": 31,
    "pid": 3064,
    "index": 65
  }
]