[
  {
    "name": "Application Start",
    "start": 1572059360584,
    "end": 1572059361717,
    "duration": 1133,
    "pid": 7852,
    "index": 0
  },
  {
    "name": "Load Plugin",
    "start": 1572059360596,
    "end": 1572059360630,
    "duration": 34,
    "pid": 7852,
    "index": 1
  },
  {
    "name": "Load Config",
    "start": 1572059360630,
    "end": 1572059360683,
    "duration": 53,
    "pid": 7852,
    "index": 2
  },
  {
    "name": "Require(0) config/config.default.js",
    "start": 1572059360633,
    "end": 1572059360634,
    "duration": 1,
    "pid": 7852,
    "index": 3
  },
  {
    "name": "Require(1) node_modules/egg-session/config/config.default.js",
    "start": 1572059360636,
    "end": 1572059360636,
    "duration": 0,
    "pid": 7852,
    "index": 4
  },
  {
    "name": "Require(2) node_modules/egg-security/config/config.default.js",
    "start": 1572059360637,
    "end": 1572059360638,
    "duration": 1,
    "pid": 7852,
    "index": 5
  },
  {
    "name": "Require(3) node_modules/egg-jsonp/config/config.default.js",
    "start": 1572059360639,
    "end": 1572059360639,
    "duration": 0,
    "pid": 7852,
    "index": 6
  },
  {
    "name": "Require(4) node_modules/egg-onerror/config/config.default.js",
    "start": 1572059360640,
    "end": 1572059360640,
    "duration": 0,
    "pid": 7852,
    "index": 7
  },
  {
    "name": "Require(5) node_modules/egg-i18n/config/config.default.js",
    "start": 1572059360641,
    "end": 1572059360641,
    "duration": 0,
    "pid": 7852,
    "index": 8
  },
  {
    "name": "Require(6) node_modules/egg-watcher/config/config.default.js",
    "start": 1572059360642,
    "end": 1572059360643,
    "duration": 1,
    "pid": 7852,
    "index": 9
  },
  {
    "name": "Require(7) node_modules/egg-schedule/config/config.default.js",
    "start": 1572059360643,
    "end": 1572059360644,
    "duration": 1,
    "pid": 7852,
    "index": 10
  },
  {
    "name": "Require(8) node_modules/egg-multipart/config/config.default.js",
    "start": 1572059360644,
    "end": 1572059360645,
    "duration": 1,
    "pid": 7852,
    "index": 11
  },
  {
    "name": "Require(9) node_modules/egg-development/config/config.default.js",
    "start": 1572059360646,
    "end": 1572059360647,
    "duration": 1,
    "pid": 7852,
    "index": 12
  },
  {
    "name": "Require(10) node_modules/egg-logrotator/config/config.default.js",
    "start": 1572059360648,
    "end": 1572059360651,
    "duration": 3,
    "pid": 7852,
    "index": 13
  },
  {
    "name": "Require(11) node_modules/egg-static/config/config.default.js",
    "start": 1572059360652,
    "end": 1572059360653,
    "duration": 1,
    "pid": 7852,
    "index": 14
  },
  {
    "name": "Require(12) node_modules/egg-view/config/config.default.js",
    "start": 1572059360654,
    "end": 1572059360655,
    "duration": 1,
    "pid": 7852,
    "index": 15
  },
  {
    "name": "Require(13) node_modules/egg-mysql/config/config.default.js",
    "start": 1572059360656,
    "end": 1572059360657,
    "duration": 1,
    "pid": 7852,
    "index": 16
  },
  {
    "name": "Require(14) node_modules/egg/config/config.default.js",
    "start": 1572059360658,
    "end": 1572059360659,
    "duration": 1,
    "pid": 7852,
    "index": 17
  },
  {
    "name": "Require(15) config/config.default.js",
    "start": 1572059360661,
    "end": 1572059360661,
    "duration": 0,
    "pid": 7852,
    "index": 18
  },
  {
    "name": "Require(16) node_modules/egg-security/config/config.local.js",
    "start": 1572059360663,
    "end": 1572059360675,
    "duration": 12,
    "pid": 7852,
    "index": 19
  },
  {
    "name": "Require(17) node_modules/egg-watcher/config/config.local.js",
    "start": 1572059360678,
    "end": 1572059360678,
    "duration": 0,
    "pid": 7852,
    "index": 20
  },
  {
    "name": "Require(18) node_modules/egg-view/config/config.local.js",
    "start": 1572059360680,
    "end": 1572059360680,
    "duration": 0,
    "pid": 7852,
    "index": 21
  },
  {
    "name": "Require(19) node_modules/egg/config/config.local.js",
    "start": 1572059360682,
    "end": 1572059360682,
    "duration": 0,
    "pid": 7852,
    "index": 22
  },
  {
    "name": "Load extend/application.js",
    "start": 1572059360686,
    "end": 1572059360706,
    "duration": 20,
    "pid": 7852,
    "index": 23
  },
  {
    "name": "Require(20) node_modules/egg-session/app/extend/application.js",
    "start": 1572059360687,
    "end": 1572059360688,
    "duration": 1,
    "pid": 7852,
    "index": 24
  },
  {
    "name": "Require(21) node_modules/egg-security/app/extend/application.js",
    "start": 1572059360689,
    "end": 1572059360690,
    "duration": 1,
    "pid": 7852,
    "index": 25
  },
  {
    "name": "Require(22) node_modules/egg-jsonp/app/extend/application.js",
    "start": 1572059360691,
    "end": 1572059360693,
    "duration": 2,
    "pid": 7852,
    "index": 26
  },
  {
    "name": "Require(23) node_modules/egg-logrotator/app/extend/application.js",
    "start": 1572059360695,
    "end": 1572059360698,
    "duration": 3,
    "pid": 7852,
    "index": 27
  },
  {
    "name": "Require(24) node_modules/egg-view/app/extend/application.js",
    "start": 1572059360699,
    "end": 1572059360701,
    "duration": 2,
    "pid": 7852,
    "index": 28
  },
  {
    "name": "Load extend/request.js",
    "start": 1572059360706,
    "end": 1572059360722,
    "duration": 16,
    "pid": 7852,
    "index": 29
  },
  {
    "name": "Require(25) node_modules/egg/app/extend/request.js",
    "start": 1572059360713,
    "end": 1572059360718,
    "duration": 5,
    "pid": 7852,
    "index": 30
  },
  {
    "name": "Load extend/response.js",
    "start": 1572059360722,
    "end": 1572059360738,
    "duration": 16,
    "pid": 7852,
    "index": 31
  },
  {
    "name": "Require(26) node_modules/egg/app/extend/response.js",
    "start": 1572059360729,
    "end": 1572059360732,
    "duration": 3,
    "pid": 7852,
    "index": 32
  },
  {
    "name": "Load extend/context.js",
    "start": 1572059360739,
    "end": 1572059360959,
    "duration": 220,
    "pid": 7852,
    "index": 33
  },
  {
    "name": "Require(27) node_modules/egg-security/app/extend/context.js",
    "start": 1572059360740,
    "end": 1572059360793,
    "duration": 53,
    "pid": 7852,
    "index": 34
  },
  {
    "name": "Require(28) node_modules/egg-jsonp/app/extend/context.js",
    "start": 1572059360793,
    "end": 1572059360797,
    "duration": 4,
    "pid": 7852,
    "index": 35
  },
  {
    "name": "Require(29) node_modules/egg-i18n/app/extend/context.js",
    "start": 1572059360799,
    "end": 1572059360800,
    "duration": 1,
    "pid": 7852,
    "index": 36
  },
  {
    "name": "Require(30) node_modules/egg-multipart/app/extend/context.js",
    "start": 1572059360801,
    "end": 1572059360933,
    "duration": 132,
    "pid": 7852,
    "index": 37
  },
  {
    "name": "Require(31) node_modules/egg-view/app/extend/context.js",
    "start": 1572059360935,
    "end": 1572059360939,
    "duration": 4,
    "pid": 7852,
    "index": 38
  },
  {
    "name": "Require(32) node_modules/egg/app/extend/context.js",
    "start": 1572059360940,
    "end": 1572059360949,
    "duration": 9,
    "pid": 7852,
    "index": 39
  },
  {
    "name": "Load extend/helper.js",
    "start": 1572059360959,
    "end": 1572059360997,
    "duration": 38,
    "pid": 7852,
    "index": 40
  },
  {
    "name": "Require(33) node_modules/egg-security/app/extend/helper.js",
    "start": 1572059360960,
    "end": 1572059360990,
    "duration": 30,
    "pid": 7852,
    "index": 41
  },
  {
    "name": "Require(34) node_modules/egg/app/extend/helper.js",
    "start": 1572059360993,
    "end": 1572059360993,
    "duration": 0,
    "pid": 7852,
    "index": 42
  },
  {
    "name": "Load app.js",
    "start": 1572059360998,
    "end": 1572059361163,
    "duration": 165,
    "pid": 7852,
    "index": 43
  },
  {
    "name": "Require(35) node_modules/egg-session/app.js",
    "start": 1572059360998,
    "end": 1572059360999,
    "duration": 1,
    "pid": 7852,
    "index": 44
  },
  {
    "name": "Require(36) node_modules/egg-security/app.js",
    "start": 1572059360999,
    "end": 1572059361002,
    "duration": 3,
    "pid": 7852,
    "index": 45
  },
  {
    "name": "Require(37) node_modules/egg-onerror/app.js",
    "start": 1572059361003,
    "end": 1572059361021,
    "duration": 18,
    "pid": 7852,
    "index": 46
  },
  {
    "name": "Require(38) node_modules/egg-i18n/app.js",
    "start": 1572059361022,
    "end": 1572059361083,
    "duration": 61,
    "pid": 7852,
    "index": 47
  },
  {
    "name": "Require(39) node_modules/egg-watcher/app.js",
    "start": 1572059361083,
    "end": 1572059361092,
    "duration": 9,
    "pid": 7852,
    "index": 48
  },
  {
    "name": "Require(40) node_modules/egg-schedule/app.js",
    "start": 1572059361093,
    "end": 1572059361097,
    "duration": 4,
    "pid": 7852,
    "index": 49
  },
  {
    "name": "Require(41) node_modules/egg-multipart/app.js",
    "start": 1572059361097,
    "end": 1572059361101,
    "duration": 4,
    "pid": 7852,
    "index": 50
  },
  {
    "name": "Require(42) node_modules/egg-development/app.js",
    "start": 1572059361101,
    "end": 1572059361101,
    "duration": 0,
    "pid": 7852,
    "index": 51
  },
  {
    "name": "Require(43) node_modules/egg-logrotator/app.js",
    "start": 1572059361102,
    "end": 1572059361103,
    "duration": 1,
    "pid": 7852,
    "index": 52
  },
  {
    "name": "Require(44) node_modules/egg-static/app.js",
    "start": 1572059361103,
    "end": 1572059361104,
    "duration": 1,
    "pid": 7852,
    "index": 53
  },
  {
    "name": "Require(45) node_modules/egg-mysql/app.js",
    "start": 1572059361110,
    "end": 1572059361162,
    "duration": 52,
    "pid": 7852,
    "index": 54
  },
  {
    "name": "Before Start in node_modules/egg-watcher/lib/init.js:15:14",
    "start": 1572059361180,
    "end": 1572059361712,
    "duration": 532,
    "pid": 7852,
    "index": 55
  },
  {
    "name": "Before Start in node_modules/egg-mysql/lib/mysql.js:20:7",
    "start": 1572059361402,
    "end": 1572059361716,
    "duration": 314,
    "pid": 7852,
    "index": 56
  },
  {
    "name": "Load Service",
    "start": 1572059361403,
    "end": 1572059361422,
    "duration": 19,
    "pid": 7852,
    "index": 57
  },
  {
    "name": "Load \"service\" to Context",
    "start": 1572059361404,
    "end": 1572059361422,
    "duration": 18,
    "pid": 7852,
    "index": 58
  },
  {
    "name": "Load Middleware",
    "start": 1572059361422,
    "end": 1572059361599,
    "duration": 177,
    "pid": 7852,
    "index": 59
  },
  {
    "name": "Load \"middlewares\" to Application",
    "start": 1572059361422,
    "end": 1572059361569,
    "duration": 147,
    "pid": 7852,
    "index": 60
  },
  {
    "name": "Load Controller",
    "start": 1572059361599,
    "end": 1572059361649,
    "duration": 50,
    "pid": 7852,
    "index": 61
  },
  {
    "name": "Load \"controller\" to Application",
    "start": 1572059361599,
    "end": 1572059361649,
    "duration": 50,
    "pid": 7852,
    "index": 62
  },
  {
    "name": "Load Router",
    "start": 1572059361649,
    "end": 1572059361653,
    "duration": 4,
    "pid": 7852,
    "index": 63
  },
  {
    "name": "Require(46) app/router.js",
    "start": 1572059361650,
    "end": 1572059361650,
    "duration": 0,
    "pid": 7852,
    "index": 64
  },
  {
    "name": "Before Start in node_modules/egg-core/lib/egg.js:303:10",
    "start": 1572059361651,
    "end": 1572059361693,
    "duration": 42,
    "pid": 7852,
    "index": 65
  }
]