[
  {
    "name": "Application Start",
    "start": 1572055432749,
    "end": 1572055434321,
    "duration": 1572,
    "pid": 8588,
    "index": 0
  },
  {
    "name": "Load Plugin",
    "start": 1572055432757,
    "end": 1572055432788,
    "duration": 31,
    "pid": 8588,
    "index": 1
  },
  {
    "name": "Load Config",
    "start": 1572055432788,
    "end": 1572055432852,
    "duration": 64,
    "pid": 8588,
    "index": 2
  },
  {
    "name": "Require(0) config/config.default.js",
    "start": 1572055432789,
    "end": 1572055432790,
    "duration": 1,
    "pid": 8588,
    "index": 3
  },
  {
    "name": "Require(1) node_modules/egg-session/config/config.default.js",
    "start": 1572055432792,
    "end": 1572055432792,
    "duration": 0,
    "pid": 8588,
    "index": 4
  },
  {
    "name": "Require(2) node_modules/egg-security/config/config.default.js",
    "start": 1572055432793,
    "end": 1572055432794,
    "duration": 1,
    "pid": 8588,
    "index": 5
  },
  {
    "name": "Require(3) node_modules/egg-jsonp/config/config.default.js",
    "start": 1572055432795,
    "end": 1572055432795,
    "duration": 0,
    "pid": 8588,
    "index": 6
  },
  {
    "name": "Require(4) node_modules/egg-onerror/config/config.default.js",
    "start": 1572055432796,
    "end": 1572055432797,
    "duration": 1,
    "pid": 8588,
    "index": 7
  },
  {
    "name": "Require(5) node_modules/egg-i18n/config/config.default.js",
    "start": 1572055432798,
    "end": 1572055432798,
    "duration": 0,
    "pid": 8588,
    "index": 8
  },
  {
    "name": "Require(6) node_modules/egg-watcher/config/config.default.js",
    "start": 1572055432801,
    "end": 1572055432802,
    "duration": 1,
    "pid": 8588,
    "index": 9
  },
  {
    "name": "Require(7) node_modules/egg-schedule/config/config.default.js",
    "start": 1572055432804,
    "end": 1572055432804,
    "duration": 0,
    "pid": 8588,
    "index": 10
  },
  {
    "name": "Require(8) node_modules/egg-multipart/config/config.default.js",
    "start": 1572055432805,
    "end": 1572055432806,
    "duration": 1,
    "pid": 8588,
    "index": 11
  },
  {
    "name": "Require(9) node_modules/egg-development/config/config.default.js",
    "start": 1572055432807,
    "end": 1572055432808,
    "duration": 1,
    "pid": 8588,
    "index": 12
  },
  {
    "name": "Require(10) node_modules/egg-logrotator/config/config.default.js",
    "start": 1572055432810,
    "end": 1572055432814,
    "duration": 4,
    "pid": 8588,
    "index": 13
  },
  {
    "name": "Require(11) node_modules/egg-static/config/config.default.js",
    "start": 1572055432820,
    "end": 1572055432826,
    "duration": 6,
    "pid": 8588,
    "index": 14
  },
  {
    "name": "Require(12) node_modules/egg-view/config/config.default.js",
    "start": 1572055432827,
    "end": 1572055432828,
    "duration": 1,
    "pid": 8588,
    "index": 15
  },
  {
    "name": "Require(13) node_modules/egg-mysql/config/config.default.js",
    "start": 1572055432834,
    "end": 1572055432837,
    "duration": 3,
    "pid": 8588,
    "index": 16
  },
  {
    "name": "Require(14) node_modules/egg/config/config.default.js",
    "start": 1572055432838,
    "end": 1572055432839,
    "duration": 1,
    "pid": 8588,
    "index": 17
  },
  {
    "name": "Require(15) config/config.default.js",
    "start": 1572055432843,
    "end": 1572055432844,
    "duration": 1,
    "pid": 8588,
    "index": 18
  },
  {
    "name": "Require(16) node_modules/egg-security/config/config.local.js",
    "start": 1572055432845,
    "end": 1572055432845,
    "duration": 0,
    "pid": 8588,
    "index": 19
  },
  {
    "name": "Require(17) node_modules/egg-watcher/config/config.local.js",
    "start": 1572055432847,
    "end": 1572055432848,
    "duration": 1,
    "pid": 8588,
    "index": 20
  },
  {
    "name": "Require(18) node_modules/egg-view/config/config.local.js",
    "start": 1572055432850,
    "end": 1572055432851,
    "duration": 1,
    "pid": 8588,
    "index": 21
  },
  {
    "name": "Require(19) node_modules/egg/config/config.local.js",
    "start": 1572055432852,
    "end": 1572055432852,
    "duration": 0,
    "pid": 8588,
    "index": 22
  },
  {
    "name": "Load extend/application.js",
    "start": 1572055432854,
    "end": 1572055432875,
    "duration": 21,
    "pid": 8588,
    "index": 23
  },
  {
    "name": "Require(20) node_modules/egg-session/app/extend/application.js",
    "start": 1572055432855,
    "end": 1572055432855,
    "duration": 0,
    "pid": 8588,
    "index": 24
  },
  {
    "name": "Require(21) node_modules/egg-security/app/extend/application.js",
    "start": 1572055432856,
    "end": 1572055432860,
    "duration": 4,
    "pid": 8588,
    "index": 25
  },
  {
    "name": "Require(22) node_modules/egg-jsonp/app/extend/application.js",
    "start": 1572055432861,
    "end": 1572055432863,
    "duration": 2,
    "pid": 8588,
    "index": 26
  },
  {
    "name": "Require(23) node_modules/egg-logrotator/app/extend/application.js",
    "start": 1572055432865,
    "end": 1572055432868,
    "duration": 3,
    "pid": 8588,
    "index": 27
  },
  {
    "name": "Require(24) node_modules/egg-view/app/extend/application.js",
    "start": 1572055432869,
    "end": 1572055432871,
    "duration": 2,
    "pid": 8588,
    "index": 28
  },
  {
    "name": "Load extend/request.js",
    "start": 1572055432876,
    "end": 1572055432885,
    "duration": 9,
    "pid": 8588,
    "index": 29
  },
  {
    "name": "Require(25) node_modules/egg/app/extend/request.js",
    "start": 1572055432879,
    "end": 1572055432881,
    "duration": 2,
    "pid": 8588,
    "index": 30
  },
  {
    "name": "Load extend/response.js",
    "start": 1572055432885,
    "end": 1572055432901,
    "duration": 16,
    "pid": 8588,
    "index": 31
  },
  {
    "name": "Require(26) node_modules/egg/app/extend/response.js",
    "start": 1572055432889,
    "end": 1572055432895,
    "duration": 6,
    "pid": 8588,
    "index": 32
  },
  {
    "name": "Load extend/context.js",
    "start": 1572055432902,
    "end": 1572055433063,
    "duration": 161,
    "pid": 8588,
    "index": 33
  },
  {
    "name": "Require(27) node_modules/egg-security/app/extend/context.js",
    "start": 1572055432903,
    "end": 1572055432936,
    "duration": 33,
    "pid": 8588,
    "index": 34
  },
  {
    "name": "Require(28) node_modules/egg-jsonp/app/extend/context.js",
    "start": 1572055432937,
    "end": 1572055432939,
    "duration": 2,
    "pid": 8588,
    "index": 35
  },
  {
    "name": "Require(29) node_modules/egg-i18n/app/extend/context.js",
    "start": 1572055432940,
    "end": 1572055432941,
    "duration": 1,
    "pid": 8588,
    "index": 36
  },
  {
    "name": "Require(30) node_modules/egg-multipart/app/extend/context.js",
    "start": 1572055432942,
    "end": 1572055433036,
    "duration": 94,
    "pid": 8588,
    "index": 37
  },
  {
    "name": "Require(31) node_modules/egg-view/app/extend/context.js",
    "start": 1572055433044,
    "end": 1572055433047,
    "duration": 3,
    "pid": 8588,
    "index": 38
  },
  {
    "name": "Require(32) node_modules/egg/app/extend/context.js",
    "start": 1572055433048,
    "end": 1572055433052,
    "duration": 4,
    "pid": 8588,
    "index": 39
  },
  {
    "name": "Load extend/helper.js",
    "start": 1572055433063,
    "end": 1572055433158,
    "duration": 95,
    "pid": 8588,
    "index": 40
  },
  {
    "name": "Require(33) node_modules/egg-security/app/extend/helper.js",
    "start": 1572055433064,
    "end": 1572055433146,
    "duration": 82,
    "pid": 8588,
    "index": 41
  },
  {
    "name": "Require(34) node_modules/egg/app/extend/helper.js",
    "start": 1572055433150,
    "end": 1572055433151,
    "duration": 1,
    "pid": 8588,
    "index": 42
  },
  {
    "name": "Load app.js",
    "start": 1572055433158,
    "end": 1572055433412,
    "duration": 254,
    "pid": 8588,
    "index": 43
  },
  {
    "name": "Require(35) node_modules/egg-session/app.js",
    "start": 1572055433159,
    "end": 1572055433160,
    "duration": 1,
    "pid": 8588,
    "index": 44
  },
  {
    "name": "Require(36) node_modules/egg-security/app.js",
    "start": 1572055433161,
    "end": 1572055433197,
    "duration": 36,
    "pid": 8588,
    "index": 45
  },
  {
    "name": "Require(37) node_modules/egg-onerror/app.js",
    "start": 1572055433199,
    "end": 1572055433232,
    "duration": 33,
    "pid": 8588,
    "index": 46
  },
  {
    "name": "Require(38) node_modules/egg-i18n/app.js",
    "start": 1572055433235,
    "end": 1572055433287,
    "duration": 52,
    "pid": 8588,
    "index": 47
  },
  {
    "name": "Require(39) node_modules/egg-watcher/app.js",
    "start": 1572055433288,
    "end": 1572055433300,
    "duration": 12,
    "pid": 8588,
    "index": 48
  },
  {
    "name": "Require(40) node_modules/egg-schedule/app.js",
    "start": 1572055433302,
    "end": 1572055433306,
    "duration": 4,
    "pid": 8588,
    "index": 49
  },
  {
    "name": "Require(41) node_modules/egg-multipart/app.js",
    "start": 1572055433306,
    "end": 1572055433314,
    "duration": 8,
    "pid": 8588,
    "index": 50
  },
  {
    "name": "Require(42) node_modules/egg-development/app.js",
    "start": 1572055433315,
    "end": 1572055433316,
    "duration": 1,
    "pid": 8588,
    "index": 51
  },
  {
    "name": "Require(43) node_modules/egg-logrotator/app.js",
    "start": 1572055433317,
    "end": 1572055433317,
    "duration": 0,
    "pid": 8588,
    "index": 52
  },
  {
    "name": "Require(44) node_modules/egg-static/app.js",
    "start": 1572055433318,
    "end": 1572055433319,
    "duration": 1,
    "pid": 8588,
    "index": 53
  },
  {
    "name": "Require(45) node_modules/egg-mysql/app.js",
    "start": 1572055433320,
    "end": 1572055433408,
    "duration": 88,
    "pid": 8588,
    "index": 54
  },
  {
    "name": "Before Start in node_modules/egg-watcher/lib/init.js:15:14",
    "start": 1572055433445,
    "end": 1572055434302,
    "duration": 857,
    "pid": 8588,
    "index": 55
  },
  {
    "name": "Before Start in node_modules/egg-mysql/lib/mysql.js:20:7",
    "start": 1572055433771,
    "end": 1572055434321,
    "duration": 550,
    "pid": 8588,
    "index": 56
  },
  {
    "name": "Load Service",
    "start": 1572055433771,
    "end": 1572055433797,
    "duration": 26,
    "pid": 8588,
    "index": 57
  },
  {
    "name": "Load \"service\" to Context",
    "start": 1572055433773,
    "end": 1572055433797,
    "duration": 24,
    "pid": 8588,
    "index": 58
  },
  {
    "name": "Load Middleware",
    "start": 1572055433797,
    "end": 1572055434131,
    "duration": 334,
    "pid": 8588,
    "index": 59
  },
  {
    "name": "Load \"middlewares\" to Application",
    "start": 1572055433797,
    "end": 1572055434097,
    "duration": 300,
    "pid": 8588,
    "index": 60
  },
  {
    "name": "Load Controller",
    "start": 1572055434132,
    "end": 1572055434231,
    "duration": 99,
    "pid": 8588,
    "index": 61
  },
  {
    "name": "Load \"controller\" to Application",
    "start": 1572055434132,
    "end": 1572055434231,
    "duration": 99,
    "pid": 8588,
    "index": 62
  },
  {
    "name": "Load Router",
    "start": 1572055434231,
    "end": 1572055434235,
    "duration": 4,
    "pid": 8588,
    "index": 63
  },
  {
    "name": "Require(46) app/router.js",
    "start": 1572055434232,
    "end": 1572055434233,
    "duration": 1,
    "pid": 8588,
    "index": 64
  },
  {
    "name": "Before Start in node_modules/egg-core/lib/egg.js:303:10",
    "start": 1572055434234,
    "end": 1572055434255,
    "duration": 21,
    "pid": 8588,
    "index": 65
  }
]