[
  {
    "name": "Application Start",
    "start": 1572055250647,
    "end": 1572055252013,
    "duration": 1366,
    "pid": 9488,
    "index": 0
  },
  {
    "name": "Load Plugin",
    "start": 1572055250654,
    "end": 1572055250705,
    "duration": 51,
    "pid": 9488,
    "index": 1
  },
  {
    "name": "Load Config",
    "start": 1572055250706,
    "end": 1572055250739,
    "duration": 33,
    "pid": 9488,
    "index": 2
  },
  {
    "name": "Require(0) config/config.default.js",
    "start": 1572055250709,
    "end": 1572055250710,
    "duration": 1,
    "pid": 9488,
    "index": 3
  },
  {
    "name": "Require(1) node_modules/egg-session/config/config.default.js",
    "start": 1572055250712,
    "end": 1572055250712,
    "duration": 0,
    "pid": 9488,
    "index": 4
  },
  {
    "name": "Require(2) node_modules/egg-security/config/config.default.js",
    "start": 1572055250713,
    "end": 1572055250713,
    "duration": 0,
    "pid": 9488,
    "index": 5
  },
  {
    "name": "Require(3) node_modules/egg-jsonp/config/config.default.js",
    "start": 1572055250714,
    "end": 1572055250715,
    "duration": 1,
    "pid": 9488,
    "index": 6
  },
  {
    "name": "Require(4) node_modules/egg-onerror/config/config.default.js",
    "start": 1572055250715,
    "end": 1572055250716,
    "duration": 1,
    "pid": 9488,
    "index": 7
  },
  {
    "name": "Require(5) node_modules/egg-i18n/config/config.default.js",
    "start": 1572055250716,
    "end": 1572055250717,
    "duration": 1,
    "pid": 9488,
    "index": 8
  },
  {
    "name": "Require(6) node_modules/egg-watcher/config/config.default.js",
    "start": 1572055250718,
    "end": 1572055250718,
    "duration": 0,
    "pid": 9488,
    "index": 9
  },
  {
    "name": "Require(7) node_modules/egg-schedule/config/config.default.js",
    "start": 1572055250719,
    "end": 1572055250719,
    "duration": 0,
    "pid": 9488,
    "index": 10
  },
  {
    "name": "Require(8) node_modules/egg-multipart/config/config.default.js",
    "start": 1572055250720,
    "end": 1572055250721,
    "duration": 1,
    "pid": 9488,
    "index": 11
  },
  {
    "name": "Require(9) node_modules/egg-development/config/config.default.js",
    "start": 1572055250722,
    "end": 1572055250722,
    "duration": 0,
    "pid": 9488,
    "index": 12
  },
  {
    "name": "Require(10) node_modules/egg-logrotator/config/config.default.js",
    "start": 1572055250723,
    "end": 1572055250725,
    "duration": 2,
    "pid": 9488,
    "index": 13
  },
  {
    "name": "Require(11) node_modules/egg-static/config/config.default.js",
    "start": 1572055250726,
    "end": 1572055250726,
    "duration": 0,
    "pid": 9488,
    "index": 14
  },
  {
    "name": "Require(12) node_modules/egg-view/config/config.default.js",
    "start": 1572055250727,
    "end": 1572055250727,
    "duration": 0,
    "pid": 9488,
    "index": 15
  },
  {
    "name": "Require(13) node_modules/egg-mysql/config/config.default.js",
    "start": 1572055250728,
    "end": 1572055250728,
    "duration": 0,
    "pid": 9488,
    "index": 16
  },
  {
    "name": "Require(14) node_modules/egg/config/config.default.js",
    "start": 1572055250729,
    "end": 1572055250730,
    "duration": 1,
    "pid": 9488,
    "index": 17
  },
  {
    "name": "Require(15) config/config.default.js",
    "start": 1572055250732,
    "end": 1572055250732,
    "duration": 0,
    "pid": 9488,
    "index": 18
  },
  {
    "name": "Require(16) node_modules/egg-security/config/config.local.js",
    "start": 1572055250733,
    "end": 1572055250734,
    "duration": 1,
    "pid": 9488,
    "index": 19
  },
  {
    "name": "Require(17) node_modules/egg-watcher/config/config.local.js",
    "start": 1572055250735,
    "end": 1572055250735,
    "duration": 0,
    "pid": 9488,
    "index": 20
  },
  {
    "name": "Require(18) node_modules/egg-view/config/config.local.js",
    "start": 1572055250737,
    "end": 1572055250737,
    "duration": 0,
    "pid": 9488,
    "index": 21
  },
  {
    "name": "Require(19) node_modules/egg/config/config.local.js",
    "start": 1572055250738,
    "end": 1572055250738,
    "duration": 0,
    "pid": 9488,
    "index": 22
  },
  {
    "name": "Load extend/application.js",
    "start": 1572055250741,
    "end": 1572055250762,
    "duration": 21,
    "pid": 9488,
    "index": 23
  },
  {
    "name": "Require(20) node_modules/egg-session/app/extend/application.js",
    "start": 1572055250741,
    "end": 1572055250742,
    "duration": 1,
    "pid": 9488,
    "index": 24
  },
  {
    "name": "Require(21) node_modules/egg-security/app/extend/application.js",
    "start": 1572055250742,
    "end": 1572055250744,
    "duration": 2,
    "pid": 9488,
    "index": 25
  },
  {
    "name": "Require(22) node_modules/egg-jsonp/app/extend/application.js",
    "start": 1572055250745,
    "end": 1572055250747,
    "duration": 2,
    "pid": 9488,
    "index": 26
  },
  {
    "name": "Require(23) node_modules/egg-logrotator/app/extend/application.js",
    "start": 1572055250749,
    "end": 1572055250754,
    "duration": 5,
    "pid": 9488,
    "index": 27
  },
  {
    "name": "Require(24) node_modules/egg-view/app/extend/application.js",
    "start": 1572055250756,
    "end": 1572055250758,
    "duration": 2,
    "pid": 9488,
    "index": 28
  },
  {
    "name": "Load extend/request.js",
    "start": 1572055250762,
    "end": 1572055250786,
    "duration": 24,
    "pid": 9488,
    "index": 29
  },
  {
    "name": "Require(25) node_modules/egg/app/extend/request.js",
    "start": 1572055250772,
    "end": 1572055250778,
    "duration": 6,
    "pid": 9488,
    "index": 30
  },
  {
    "name": "Load extend/response.js",
    "start": 1572055250786,
    "end": 1572055250802,
    "duration": 16,
    "pid": 9488,
    "index": 31
  },
  {
    "name": "Require(26) node_modules/egg/app/extend/response.js",
    "start": 1572055250791,
    "end": 1572055250795,
    "duration": 4,
    "pid": 9488,
    "index": 32
  },
  {
    "name": "Load extend/context.js",
    "start": 1572055250802,
    "end": 1572055250922,
    "duration": 120,
    "pid": 9488,
    "index": 33
  },
  {
    "name": "Require(27) node_modules/egg-security/app/extend/context.js",
    "start": 1572055250803,
    "end": 1572055250822,
    "duration": 19,
    "pid": 9488,
    "index": 34
  },
  {
    "name": "Require(28) node_modules/egg-jsonp/app/extend/context.js",
    "start": 1572055250823,
    "end": 1572055250825,
    "duration": 2,
    "pid": 9488,
    "index": 35
  },
  {
    "name": "Require(29) node_modules/egg-i18n/app/extend/context.js",
    "start": 1572055250826,
    "end": 1572055250827,
    "duration": 1,
    "pid": 9488,
    "index": 36
  },
  {
    "name": "Require(30) node_modules/egg-multipart/app/extend/context.js",
    "start": 1572055250828,
    "end": 1572055250912,
    "duration": 84,
    "pid": 9488,
    "index": 37
  },
  {
    "name": "Require(31) node_modules/egg-view/app/extend/context.js",
    "start": 1572055250913,
    "end": 1572055250915,
    "duration": 2,
    "pid": 9488,
    "index": 38
  },
  {
    "name": "Require(32) node_modules/egg/app/extend/context.js",
    "start": 1572055250916,
    "end": 1572055250919,
    "duration": 3,
    "pid": 9488,
    "index": 39
  },
  {
    "name": "Load extend/helper.js",
    "start": 1572055250923,
    "end": 1572055250981,
    "duration": 58,
    "pid": 9488,
    "index": 40
  },
  {
    "name": "Require(33) node_modules/egg-security/app/extend/helper.js",
    "start": 1572055250924,
    "end": 1572055250969,
    "duration": 45,
    "pid": 9488,
    "index": 41
  },
  {
    "name": "Require(34) node_modules/egg/app/extend/helper.js",
    "start": 1572055250974,
    "end": 1572055250975,
    "duration": 1,
    "pid": 9488,
    "index": 42
  },
  {
    "name": "Load app.js",
    "start": 1572055250981,
    "end": 1572055251108,
    "duration": 127,
    "pid": 9488,
    "index": 43
  },
  {
    "name": "Require(35) node_modules/egg-session/app.js",
    "start": 1572055250982,
    "end": 1572055250983,
    "duration": 1,
    "pid": 9488,
    "index": 44
  },
  {
    "name": "Require(36) node_modules/egg-security/app.js",
    "start": 1572055250983,
    "end": 1572055250988,
    "duration": 5,
    "pid": 9488,
    "index": 45
  },
  {
    "name": "Require(37) node_modules/egg-onerror/app.js",
    "start": 1572055250989,
    "end": 1572055251003,
    "duration": 14,
    "pid": 9488,
    "index": 46
  },
  {
    "name": "Require(38) node_modules/egg-i18n/app.js",
    "start": 1572055251004,
    "end": 1572055251035,
    "duration": 31,
    "pid": 9488,
    "index": 47
  },
  {
    "name": "Require(39) node_modules/egg-watcher/app.js",
    "start": 1572055251036,
    "end": 1572055251054,
    "duration": 18,
    "pid": 9488,
    "index": 48
  },
  {
    "name": "Require(40) node_modules/egg-schedule/app.js",
    "start": 1572055251055,
    "end": 1572055251060,
    "duration": 5,
    "pid": 9488,
    "index": 49
  },
  {
    "name": "Require(41) node_modules/egg-multipart/app.js",
    "start": 1572055251061,
    "end": 1572055251066,
    "duration": 5,
    "pid": 9488,
    "index": 50
  },
  {
    "name": "Require(42) node_modules/egg-development/app.js",
    "start": 1572055251067,
    "end": 1572055251068,
    "duration": 1,
    "pid": 9488,
    "index": 51
  },
  {
    "name": "Require(43) node_modules/egg-logrotator/app.js",
    "start": 1572055251068,
    "end": 1572055251069,
    "duration": 1,
    "pid": 9488,
    "index": 52
  },
  {
    "name": "Require(44) node_modules/egg-static/app.js",
    "start": 1572055251069,
    "end": 1572055251070,
    "duration": 1,
    "pid": 9488,
    "index": 53
  },
  {
    "name": "Require(45) node_modules/egg-mysql/app.js",
    "start": 1572055251071,
    "end": 1572055251107,
    "duration": 36,
    "pid": 9488,
    "index": 54
  },
  {
    "name": "Before Start in node_modules/egg-watcher/lib/init.js:15:14",
    "start": 1572055251139,
    "end": 1572055252005,
    "duration": 866,
    "pid": 9488,
    "index": 55
  },
  {
    "name": "Before Start in node_modules/egg-mysql/lib/mysql.js:20:7",
    "start": 1572055251463,
    "end": 1572055252012,
    "duration": 549,
    "pid": 9488,
    "index": 56
  },
  {
    "name": "Load Service",
    "start": 1572055251463,
    "end": 1572055251481,
    "duration": 18,
    "pid": 9488,
    "index": 57
  },
  {
    "name": "Load \"service\" to Context",
    "start": 1572055251464,
    "end": 1572055251481,
    "duration": 17,
    "pid": 9488,
    "index": 58
  },
  {
    "name": "Load Middleware",
    "start": 1572055251482,
    "end": 1572055251759,
    "duration": 277,
    "pid": 9488,
    "index": 59
  },
  {
    "name": "Load \"middlewares\" to Application",
    "start": 1572055251482,
    "end": 1572055251730,
    "duration": 248,
    "pid": 9488,
    "index": 60
  },
  {
    "name": "Load Controller",
    "start": 1572055251759,
    "end": 1572055251911,
    "duration": 152,
    "pid": 9488,
    "index": 61
  },
  {
    "name": "Load \"controller\" to Application",
    "start": 1572055251759,
    "end": 1572055251911,
    "duration": 152,
    "pid": 9488,
    "index": 62
  },
  {
    "name": "Load Router",
    "start": 1572055251911,
    "end": 1572055251914,
    "duration": 3,
    "pid": 9488,
    "index": 63
  },
  {
    "name": "Require(46) app/router.js",
    "start": 1572055251911,
    "end": 1572055251912,
    "duration": 1,
    "pid": 9488,
    "index": 64
  },
  {
    "name": "Before Start in node_modules/egg-core/lib/egg.js:303:10",
    "start": 1572055251913,
    "end": 1572055251968,
    "duration": 55,
    "pid": 9488,
    "index": 65
  }
]