[
  {
    "name": "Application Start",
    "start": 1572053009196,
    "end": 1572053010573,
    "duration": 1377,
    "pid": 6040,
    "index": 0
  },
  {
    "name": "Load Plugin",
    "start": 1572053009205,
    "end": 1572053009262,
    "duration": 57,
    "pid": 6040,
    "index": 1
  },
  {
    "name": "Load Config",
    "start": 1572053009263,
    "end": 1572053009323,
    "duration": 60,
    "pid": 6040,
    "index": 2
  },
  {
    "name": "Require(0) config/config.default.js",
    "start": 1572053009267,
    "end": 1572053009268,
    "duration": 1,
    "pid": 6040,
    "index": 3
  },
  {
    "name": "Require(1) node_modules/egg-session/config/config.default.js",
    "start": 1572053009273,
    "end": 1572053009274,
    "duration": 1,
    "pid": 6040,
    "index": 4
  },
  {
    "name": "Require(2) node_modules/egg-security/config/config.default.js",
    "start": 1572053009275,
    "end": 1572053009275,
    "duration": 0,
    "pid": 6040,
    "index": 5
  },
  {
    "name": "Require(3) node_modules/egg-jsonp/config/config.default.js",
    "start": 1572053009276,
    "end": 1572053009276,
    "duration": 0,
    "pid": 6040,
    "index": 6
  },
  {
    "name": "Require(4) node_modules/egg-onerror/config/config.default.js",
    "start": 1572053009277,
    "end": 1572053009277,
    "duration": 0,
    "pid": 6040,
    "index": 7
  },
  {
    "name": "Require(5) node_modules/egg-i18n/config/config.default.js",
    "start": 1572053009279,
    "end": 1572053009280,
    "duration": 1,
    "pid": 6040,
    "index": 8
  },
  {
    "name": "Require(6) node_modules/egg-watcher/config/config.default.js",
    "start": 1572053009281,
    "end": 1572053009282,
    "duration": 1,
    "pid": 6040,
    "index": 9
  },
  {
    "name": "Require(7) node_modules/egg-schedule/config/config.default.js",
    "start": 1572053009283,
    "end": 1572053009283,
    "duration": 0,
    "pid": 6040,
    "index": 10
  },
  {
    "name": "Require(8) node_modules/egg-multipart/config/config.default.js",
    "start": 1572053009286,
    "end": 1572053009286,
    "duration": 0,
    "pid": 6040,
    "index": 11
  },
  {
    "name": "Require(9) node_modules/egg-development/config/config.default.js",
    "start": 1572053009287,
    "end": 1572053009288,
    "duration": 1,
    "pid": 6040,
    "index": 12
  },
  {
    "name": "Require(10) node_modules/egg-logrotator/config/config.default.js",
    "start": 1572053009289,
    "end": 1572053009292,
    "duration": 3,
    "pid": 6040,
    "index": 13
  },
  {
    "name": "Require(11) node_modules/egg-static/config/config.default.js",
    "start": 1572053009293,
    "end": 1572053009293,
    "duration": 0,
    "pid": 6040,
    "index": 14
  },
  {
    "name": "Require(12) node_modules/egg-view/config/config.default.js",
    "start": 1572053009294,
    "end": 1572053009295,
    "duration": 1,
    "pid": 6040,
    "index": 15
  },
  {
    "name": "Require(13) node_modules/egg-mysql/config/config.default.js",
    "start": 1572053009296,
    "end": 1572053009296,
    "duration": 0,
    "pid": 6040,
    "index": 16
  },
  {
    "name": "Require(14) node_modules/egg/config/config.default.js",
    "start": 1572053009297,
    "end": 1572053009298,
    "duration": 1,
    "pid": 6040,
    "index": 17
  },
  {
    "name": "Require(15) config/config.default.js",
    "start": 1572053009306,
    "end": 1572053009306,
    "duration": 0,
    "pid": 6040,
    "index": 18
  },
  {
    "name": "Require(16) node_modules/egg-security/config/config.local.js",
    "start": 1572053009308,
    "end": 1572053009309,
    "duration": 1,
    "pid": 6040,
    "index": 19
  },
  {
    "name": "Require(17) node_modules/egg-watcher/config/config.local.js",
    "start": 1572053009311,
    "end": 1572053009312,
    "duration": 1,
    "pid": 6040,
    "index": 20
  },
  {
    "name": "Require(18) node_modules/egg-view/config/config.local.js",
    "start": 1572053009315,
    "end": 1572053009315,
    "duration": 0,
    "pid": 6040,
    "index": 21
  },
  {
    "name": "Require(19) node_modules/egg/config/config.local.js",
    "start": 1572053009317,
    "end": 1572053009322,
    "duration": 5,
    "pid": 6040,
    "index": 22
  },
  {
    "name": "Load extend/application.js",
    "start": 1572053009345,
    "end": 1572053009380,
    "duration": 35,
    "pid": 6040,
    "index": 23
  },
  {
    "name": "Require(20) node_modules/egg-session/app/extend/application.js",
    "start": 1572053009353,
    "end": 1572053009356,
    "duration": 3,
    "pid": 6040,
    "index": 24
  },
  {
    "name": "Require(21) node_modules/egg-security/app/extend/application.js",
    "start": 1572053009357,
    "end": 1572053009359,
    "duration": 2,
    "pid": 6040,
    "index": 25
  },
  {
    "name": "Require(22) node_modules/egg-jsonp/app/extend/application.js",
    "start": 1572053009360,
    "end": 1572053009363,
    "duration": 3,
    "pid": 6040,
    "index": 26
  },
  {
    "name": "Require(23) node_modules/egg-logrotator/app/extend/application.js",
    "start": 1572053009365,
    "end": 1572053009372,
    "duration": 7,
    "pid": 6040,
    "index": 27
  },
  {
    "name": "Require(24) node_modules/egg-view/app/extend/application.js",
    "start": 1572053009373,
    "end": 1572053009375,
    "duration": 2,
    "pid": 6040,
    "index": 28
  },
  {
    "name": "Load extend/request.js",
    "start": 1572053009381,
    "end": 1572053009390,
    "duration": 9,
    "pid": 6040,
    "index": 29
  },
  {
    "name": "Require(25) node_modules/egg/app/extend/request.js",
    "start": 1572053009385,
    "end": 1572053009386,
    "duration": 1,
    "pid": 6040,
    "index": 30
  },
  {
    "name": "Load extend/response.js",
    "start": 1572053009390,
    "end": 1572053009433,
    "duration": 43,
    "pid": 6040,
    "index": 31
  },
  {
    "name": "Require(26) node_modules/egg/app/extend/response.js",
    "start": 1572053009396,
    "end": 1572053009419,
    "duration": 23,
    "pid": 6040,
    "index": 32
  },
  {
    "name": "Load extend/context.js",
    "start": 1572053009433,
    "end": 1572053009571,
    "duration": 138,
    "pid": 6040,
    "index": 33
  },
  {
    "name": "Require(27) node_modules/egg-security/app/extend/context.js",
    "start": 1572053009434,
    "end": 1572053009453,
    "duration": 19,
    "pid": 6040,
    "index": 34
  },
  {
    "name": "Require(28) node_modules/egg-jsonp/app/extend/context.js",
    "start": 1572053009453,
    "end": 1572053009456,
    "duration": 3,
    "pid": 6040,
    "index": 35
  },
  {
    "name": "Require(29) node_modules/egg-i18n/app/extend/context.js",
    "start": 1572053009457,
    "end": 1572053009457,
    "duration": 0,
    "pid": 6040,
    "index": 36
  },
  {
    "name": "Require(30) node_modules/egg-multipart/app/extend/context.js",
    "start": 1572053009459,
    "end": 1572053009557,
    "duration": 98,
    "pid": 6040,
    "index": 37
  },
  {
    "name": "Require(31) node_modules/egg-view/app/extend/context.js",
    "start": 1572053009559,
    "end": 1572053009561,
    "duration": 2,
    "pid": 6040,
    "index": 38
  },
  {
    "name": "Require(32) node_modules/egg/app/extend/context.js",
    "start": 1572053009562,
    "end": 1572053009566,
    "duration": 4,
    "pid": 6040,
    "index": 39
  },
  {
    "name": "Load extend/helper.js",
    "start": 1572053009571,
    "end": 1572053009632,
    "duration": 61,
    "pid": 6040,
    "index": 40
  },
  {
    "name": "Require(33) node_modules/egg-security/app/extend/helper.js",
    "start": 1572053009572,
    "end": 1572053009623,
    "duration": 51,
    "pid": 6040,
    "index": 41
  },
  {
    "name": "Require(34) node_modules/egg/app/extend/helper.js",
    "start": 1572053009627,
    "end": 1572053009627,
    "duration": 0,
    "pid": 6040,
    "index": 42
  },
  {
    "name": "Load app.js",
    "start": 1572053009633,
    "end": 1572053009828,
    "duration": 195,
    "pid": 6040,
    "index": 43
  },
  {
    "name": "Require(35) node_modules/egg-session/app.js",
    "start": 1572053009634,
    "end": 1572053009634,
    "duration": 0,
    "pid": 6040,
    "index": 44
  },
  {
    "name": "Require(36) node_modules/egg-security/app.js",
    "start": 1572053009635,
    "end": 1572053009639,
    "duration": 4,
    "pid": 6040,
    "index": 45
  },
  {
    "name": "Require(37) node_modules/egg-onerror/app.js",
    "start": 1572053009640,
    "end": 1572053009661,
    "duration": 21,
    "pid": 6040,
    "index": 46
  },
  {
    "name": "Require(38) node_modules/egg-i18n/app.js",
    "start": 1572053009661,
    "end": 1572053009736,
    "duration": 75,
    "pid": 6040,
    "index": 47
  },
  {
    "name": "Require(39) node_modules/egg-watcher/app.js",
    "start": 1572053009736,
    "end": 1572053009747,
    "duration": 11,
    "pid": 6040,
    "index": 48
  },
  {
    "name": "Require(40) node_modules/egg-schedule/app.js",
    "start": 1572053009748,
    "end": 1572053009755,
    "duration": 7,
    "pid": 6040,
    "index": 49
  },
  {
    "name": "Require(41) node_modules/egg-multipart/app.js",
    "start": 1572053009755,
    "end": 1572053009762,
    "duration": 7,
    "pid": 6040,
    "index": 50
  },
  {
    "name": "Require(42) node_modules/egg-development/app.js",
    "start": 1572053009763,
    "end": 1572053009764,
    "duration": 1,
    "pid": 6040,
    "index": 51
  },
  {
    "name": "Require(43) node_modules/egg-logrotator/app.js",
    "start": 1572053009765,
    "end": 1572053009765,
    "duration": 0,
    "pid": 6040,
    "index": 52
  },
  {
    "name": "Require(44) node_modules/egg-static/app.js",
    "start": 1572053009766,
    "end": 1572053009767,
    "duration": 1,
    "pid": 6040,
    "index": 53
  },
  {
    "name": "Require(45) node_modules/egg-mysql/app.js",
    "start": 1572053009769,
    "end": 1572053009826,
    "duration": 57,
    "pid": 6040,
    "index": 54
  },
  {
    "name": "Before Start in node_modules/egg-watcher/lib/init.js:15:14",
    "start": 1572053009846,
    "end": 1572053010569,
    "duration": 723,
    "pid": 6040,
    "index": 55
  },
  {
    "name": "Before Start in node_modules/egg-mysql/lib/mysql.js:20:7",
    "start": 1572053010171,
    "end": 1572053010573,
    "duration": 402,
    "pid": 6040,
    "index": 56
  },
  {
    "name": "Load Service",
    "start": 1572053010171,
    "end": 1572053010188,
    "duration": 17,
    "pid": 6040,
    "index": 57
  },
  {
    "name": "Load \"service\" to Context",
    "start": 1572053010172,
    "end": 1572053010188,
    "duration": 16,
    "pid": 6040,
    "index": 58
  },
  {
    "name": "Load Middleware",
    "start": 1572053010188,
    "end": 1572053010459,
    "duration": 271,
    "pid": 6040,
    "index": 59
  },
  {
    "name": "Load \"middlewares\" to Application",
    "start": 1572053010189,
    "end": 1572053010440,
    "duration": 251,
    "pid": 6040,
    "index": 60
  },
  {
    "name": "Load Controller",
    "start": 1572053010459,
    "end": 1572053010529,
    "duration": 70,
    "pid": 6040,
    "index": 61
  },
  {
    "name": "Load \"controller\" to Application",
    "start": 1572053010459,
    "end": 1572053010529,
    "duration": 70,
    "pid": 6040,
    "index": 62
  },
  {
    "name": "Load Router",
    "start": 1572053010529,
    "end": 1572053010532,
    "duration": 3,
    "pid": 6040,
    "index": 63
  },
  {
    "name": "Require(46) app/router.js",
    "start": 1572053010530,
    "end": 1572053010530,
    "duration": 0,
    "pid": 6040,
    "index": 64
  },
  {
    "name": "Before Start in node_modules/egg-core/lib/egg.js:303:10",
    "start": 1572053010531,
    "end": 1572053010550,
    "duration": 19,
    "pid": 6040,
    "index": 65
  }
]