[
  {
    "name": "Application Start",
    "start": 1572055062512,
    "end": 1572055064021,
    "duration": 1509,
    "pid": 4060,
    "index": 0
  },
  {
    "name": "Load Plugin",
    "start": 1572055062524,
    "end": 1572055062597,
    "duration": 73,
    "pid": 4060,
    "index": 1
  },
  {
    "name": "Load Config",
    "start": 1572055062598,
    "end": 1572055062677,
    "duration": 79,
    "pid": 4060,
    "index": 2
  },
  {
    "name": "Require(0) config/config.default.js",
    "start": 1572055062599,
    "end": 1572055062600,
    "duration": 1,
    "pid": 4060,
    "index": 3
  },
  {
    "name": "Require(1) node_modules/egg-session/config/config.default.js",
    "start": 1572055062602,
    "end": 1572055062603,
    "duration": 1,
    "pid": 4060,
    "index": 4
  },
  {
    "name": "Require(2) node_modules/egg-security/config/config.default.js",
    "start": 1572055062604,
    "end": 1572055062604,
    "duration": 0,
    "pid": 4060,
    "index": 5
  },
  {
    "name": "Require(3) node_modules/egg-jsonp/config/config.default.js",
    "start": 1572055062605,
    "end": 1572055062605,
    "duration": 0,
    "pid": 4060,
    "index": 6
  },
  {
    "name": "Require(4) node_modules/egg-onerror/config/config.default.js",
    "start": 1572055062606,
    "end": 1572055062607,
    "duration": 1,
    "pid": 4060,
    "index": 7
  },
  {
    "name": "Require(5) node_modules/egg-i18n/config/config.default.js",
    "start": 1572055062613,
    "end": 1572055062614,
    "duration": 1,
    "pid": 4060,
    "index": 8
  },
  {
    "name": "Require(6) node_modules/egg-watcher/config/config.default.js",
    "start": 1572055062619,
    "end": 1572055062619,
    "duration": 0,
    "pid": 4060,
    "index": 9
  },
  {
    "name": "Require(7) node_modules/egg-schedule/config/config.default.js",
    "start": 1572055062621,
    "end": 1572055062622,
    "duration": 1,
    "pid": 4060,
    "index": 10
  },
  {
    "name": "Require(8) node_modules/egg-multipart/config/config.default.js",
    "start": 1572055062623,
    "end": 1572055062623,
    "duration": 0,
    "pid": 4060,
    "index": 11
  },
  {
    "name": "Require(9) node_modules/egg-development/config/config.default.js",
    "start": 1572055062625,
    "end": 1572055062625,
    "duration": 0,
    "pid": 4060,
    "index": 12
  },
  {
    "name": "Require(10) node_modules/egg-logrotator/config/config.default.js",
    "start": 1572055062626,
    "end": 1572055062630,
    "duration": 4,
    "pid": 4060,
    "index": 13
  },
  {
    "name": "Require(11) node_modules/egg-static/config/config.default.js",
    "start": 1572055062634,
    "end": 1572055062634,
    "duration": 0,
    "pid": 4060,
    "index": 14
  },
  {
    "name": "Require(12) node_modules/egg-view/config/config.default.js",
    "start": 1572055062635,
    "end": 1572055062636,
    "duration": 1,
    "pid": 4060,
    "index": 15
  },
  {
    "name": "Require(13) node_modules/egg-mysql/config/config.default.js",
    "start": 1572055062637,
    "end": 1572055062638,
    "duration": 1,
    "pid": 4060,
    "index": 16
  },
  {
    "name": "Require(14) node_modules/egg/config/config.default.js",
    "start": 1572055062639,
    "end": 1572055062642,
    "duration": 3,
    "pid": 4060,
    "index": 17
  },
  {
    "name": "Require(15) config/config.default.js",
    "start": 1572055062645,
    "end": 1572055062645,
    "duration": 0,
    "pid": 4060,
    "index": 18
  },
  {
    "name": "Require(16) node_modules/egg-security/config/config.local.js",
    "start": 1572055062646,
    "end": 1572055062647,
    "duration": 1,
    "pid": 4060,
    "index": 19
  },
  {
    "name": "Require(17) node_modules/egg-watcher/config/config.local.js",
    "start": 1572055062649,
    "end": 1572055062649,
    "duration": 0,
    "pid": 4060,
    "index": 20
  },
  {
    "name": "Require(18) node_modules/egg-view/config/config.local.js",
    "start": 1572055062670,
    "end": 1572055062671,
    "duration": 1,
    "pid": 4060,
    "index": 21
  },
  {
    "name": "Require(19) node_modules/egg/config/config.local.js",
    "start": 1572055062675,
    "end": 1572055062676,
    "duration": 1,
    "pid": 4060,
    "index": 22
  },
  {
    "name": "Load extend/application.js",
    "start": 1572055062679,
    "end": 1572055062699,
    "duration": 20,
    "pid": 4060,
    "index": 23
  },
  {
    "name": "Require(20) node_modules/egg-session/app/extend/application.js",
    "start": 1572055062680,
    "end": 1572055062680,
    "duration": 0,
    "pid": 4060,
    "index": 24
  },
  {
    "name": "Require(21) node_modules/egg-security/app/extend/application.js",
    "start": 1572055062681,
    "end": 1572055062683,
    "duration": 2,
    "pid": 4060,
    "index": 25
  },
  {
    "name": "Require(22) node_modules/egg-jsonp/app/extend/application.js",
    "start": 1572055062683,
    "end": 1572055062686,
    "duration": 3,
    "pid": 4060,
    "index": 26
  },
  {
    "name": "Require(23) node_modules/egg-logrotator/app/extend/application.js",
    "start": 1572055062689,
    "end": 1572055062691,
    "duration": 2,
    "pid": 4060,
    "index": 27
  },
  {
    "name": "Require(24) node_modules/egg-view/app/extend/application.js",
    "start": 1572055062692,
    "end": 1572055062694,
    "duration": 2,
    "pid": 4060,
    "index": 28
  },
  {
    "name": "Load extend/request.js",
    "start": 1572055062700,
    "end": 1572055062709,
    "duration": 9,
    "pid": 4060,
    "index": 29
  },
  {
    "name": "Require(25) node_modules/egg/app/extend/request.js",
    "start": 1572055062703,
    "end": 1572055062705,
    "duration": 2,
    "pid": 4060,
    "index": 30
  },
  {
    "name": "Load extend/response.js",
    "start": 1572055062709,
    "end": 1572055062722,
    "duration": 13,
    "pid": 4060,
    "index": 31
  },
  {
    "name": "Require(26) node_modules/egg/app/extend/response.js",
    "start": 1572055062714,
    "end": 1572055062716,
    "duration": 2,
    "pid": 4060,
    "index": 32
  },
  {
    "name": "Load extend/context.js",
    "start": 1572055062722,
    "end": 1572055062874,
    "duration": 152,
    "pid": 4060,
    "index": 33
  },
  {
    "name": "Require(27) node_modules/egg-security/app/extend/context.js",
    "start": 1572055062723,
    "end": 1572055062745,
    "duration": 22,
    "pid": 4060,
    "index": 34
  },
  {
    "name": "Require(28) node_modules/egg-jsonp/app/extend/context.js",
    "start": 1572055062750,
    "end": 1572055062757,
    "duration": 7,
    "pid": 4060,
    "index": 35
  },
  {
    "name": "Require(29) node_modules/egg-i18n/app/extend/context.js",
    "start": 1572055062759,
    "end": 1572055062759,
    "duration": 0,
    "pid": 4060,
    "index": 36
  },
  {
    "name": "Require(30) node_modules/egg-multipart/app/extend/context.js",
    "start": 1572055062763,
    "end": 1572055062861,
    "duration": 98,
    "pid": 4060,
    "index": 37
  },
  {
    "name": "Require(31) node_modules/egg-view/app/extend/context.js",
    "start": 1572055062863,
    "end": 1572055062865,
    "duration": 2,
    "pid": 4060,
    "index": 38
  },
  {
    "name": "Require(32) node_modules/egg/app/extend/context.js",
    "start": 1572055062866,
    "end": 1572055062869,
    "duration": 3,
    "pid": 4060,
    "index": 39
  },
  {
    "name": "Load extend/helper.js",
    "start": 1572055062874,
    "end": 1572055062919,
    "duration": 45,
    "pid": 4060,
    "index": 40
  },
  {
    "name": "Require(33) node_modules/egg-security/app/extend/helper.js",
    "start": 1572055062876,
    "end": 1572055062907,
    "duration": 31,
    "pid": 4060,
    "index": 41
  },
  {
    "name": "Require(34) node_modules/egg/app/extend/helper.js",
    "start": 1572055062911,
    "end": 1572055062912,
    "duration": 1,
    "pid": 4060,
    "index": 42
  },
  {
    "name": "Load app.js",
    "start": 1572055062920,
    "end": 1572055063099,
    "duration": 179,
    "pid": 4060,
    "index": 43
  },
  {
    "name": "Require(35) node_modules/egg-session/app.js",
    "start": 1572055062921,
    "end": 1572055062921,
    "duration": 0,
    "pid": 4060,
    "index": 44
  },
  {
    "name": "Require(36) node_modules/egg-security/app.js",
    "start": 1572055062922,
    "end": 1572055062931,
    "duration": 9,
    "pid": 4060,
    "index": 45
  },
  {
    "name": "Require(37) node_modules/egg-onerror/app.js",
    "start": 1572055062935,
    "end": 1572055062961,
    "duration": 26,
    "pid": 4060,
    "index": 46
  },
  {
    "name": "Require(38) node_modules/egg-i18n/app.js",
    "start": 1572055062962,
    "end": 1572055062991,
    "duration": 29,
    "pid": 4060,
    "index": 47
  },
  {
    "name": "Require(39) node_modules/egg-watcher/app.js",
    "start": 1572055062992,
    "end": 1572055062998,
    "duration": 6,
    "pid": 4060,
    "index": 48
  },
  {
    "name": "Require(40) node_modules/egg-schedule/app.js",
    "start": 1572055062999,
    "end": 1572055063002,
    "duration": 3,
    "pid": 4060,
    "index": 49
  },
  {
    "name": "Require(41) node_modules/egg-multipart/app.js",
    "start": 1572055063002,
    "end": 1572055063011,
    "duration": 9,
    "pid": 4060,
    "index": 50
  },
  {
    "name": "Require(42) node_modules/egg-development/app.js",
    "start": 1572055063015,
    "end": 1572055063015,
    "duration": 0,
    "pid": 4060,
    "index": 51
  },
  {
    "name": "Require(43) node_modules/egg-logrotator/app.js",
    "start": 1572055063016,
    "end": 1572055063016,
    "duration": 0,
    "pid": 4060,
    "index": 52
  },
  {
    "name": "Require(44) node_modules/egg-static/app.js",
    "start": 1572055063017,
    "end": 1572055063020,
    "duration": 3,
    "pid": 4060,
    "index": 53
  },
  {
    "name": "Require(45) node_modules/egg-mysql/app.js",
    "start": 1572055063036,
    "end": 1572055063095,
    "duration": 59,
    "pid": 4060,
    "index": 54
  },
  {
    "name": "Before Start in node_modules/egg-watcher/lib/init.js:15:14",
    "start": 1572055063163,
    "end": 1572055063999,
    "duration": 836,
    "pid": 4060,
    "index": 55
  },
  {
    "name": "Before Start in node_modules/egg-mysql/lib/mysql.js:20:7",
    "start": 1572055063444,
    "end": 1572055064006,
    "duration": 562,
    "pid": 4060,
    "index": 56
  },
  {
    "name": "Load Service",
    "start": 1572055063445,
    "end": 1572055063459,
    "duration": 14,
    "pid": 4060,
    "index": 57
  },
  {
    "name": "Load \"service\" to Context",
    "start": 1572055063445,
    "end": 1572055063459,
    "duration": 14,
    "pid": 4060,
    "index": 58
  },
  {
    "name": "Load Middleware",
    "start": 1572055063459,
    "end": 1572055063813,
    "duration": 354,
    "pid": 4060,
    "index": 59
  },
  {
    "name": "Load \"middlewares\" to Application",
    "start": 1572055063459,
    "end": 1572055063786,
    "duration": 327,
    "pid": 4060,
    "index": 60
  },
  {
    "name": "Load Controller",
    "start": 1572055063813,
    "end": 1572055063902,
    "duration": 89,
    "pid": 4060,
    "index": 61
  },
  {
    "name": "Load \"controller\" to Application",
    "start": 1572055063813,
    "end": 1572055063901,
    "duration": 88,
    "pid": 4060,
    "index": 62
  },
  {
    "name": "Load Router",
    "start": 1572055063902,
    "end": 1572055063905,
    "duration": 3,
    "pid": 4060,
    "index": 63
  },
  {
    "name": "Require(46) app/router.js",
    "start": 1572055063902,
    "end": 1572055063903,
    "duration": 1,
    "pid": 4060,
    "index": 64
  },
  {
    "name": "Before Start in node_modules/egg-core/lib/egg.js:303:10",
    "start": 1572055063903,
    "end": 1572055063959,
    "duration": 56,
    "pid": 4060,
    "index": 65
  }
]