[
  {
    "name": "Application Start",
    "start": 1572052217666,
    "end": 1572052219383,
    "duration": 1717,
    "pid": 9108,
    "index": 0
  },
  {
    "name": "Load Plugin",
    "start": 1572052217675,
    "end": 1572052217734,
    "duration": 59,
    "pid": 9108,
    "index": 1
  },
  {
    "name": "Load Config",
    "start": 1572052217735,
    "end": 1572052217810,
    "duration": 75,
    "pid": 9108,
    "index": 2
  },
  {
    "name": "Require(0) config/config.default.js",
    "start": 1572052217736,
    "end": 1572052217737,
    "duration": 1,
    "pid": 9108,
    "index": 3
  },
  {
    "name": "Require(1) node_modules/egg-session/config/config.default.js",
    "start": 1572052217740,
    "end": 1572052217741,
    "duration": 1,
    "pid": 9108,
    "index": 4
  },
  {
    "name": "Require(2) node_modules/egg-security/config/config.default.js",
    "start": 1572052217742,
    "end": 1572052217743,
    "duration": 1,
    "pid": 9108,
    "index": 5
  },
  {
    "name": "Require(3) node_modules/egg-jsonp/config/config.default.js",
    "start": 1572052217745,
    "end": 1572052217745,
    "duration": 0,
    "pid": 9108,
    "index": 6
  },
  {
    "name": "Require(4) node_modules/egg-onerror/config/config.default.js",
    "start": 1572052217746,
    "end": 1572052217747,
    "duration": 1,
    "pid": 9108,
    "index": 7
  },
  {
    "name": "Require(5) node_modules/egg-i18n/config/config.default.js",
    "start": 1572052217748,
    "end": 1572052217749,
    "duration": 1,
    "pid": 9108,
    "index": 8
  },
  {
    "name": "Require(6) node_modules/egg-watcher/config/config.default.js",
    "start": 1572052217754,
    "end": 1572052217754,
    "duration": 0,
    "pid": 9108,
    "index": 9
  },
  {
    "name": "Require(7) node_modules/egg-schedule/config/config.default.js",
    "start": 1572052217756,
    "end": 1572052217756,
    "duration": 0,
    "pid": 9108,
    "index": 10
  },
  {
    "name": "Require(8) node_modules/egg-multipart/config/config.default.js",
    "start": 1572052217758,
    "end": 1572052217758,
    "duration": 0,
    "pid": 9108,
    "index": 11
  },
  {
    "name": "Require(9) node_modules/egg-development/config/config.default.js",
    "start": 1572052217760,
    "end": 1572052217761,
    "duration": 1,
    "pid": 9108,
    "index": 12
  },
  {
    "name": "Require(10) node_modules/egg-logrotator/config/config.default.js",
    "start": 1572052217763,
    "end": 1572052217766,
    "duration": 3,
    "pid": 9108,
    "index": 13
  },
  {
    "name": "Require(11) node_modules/egg-static/config/config.default.js",
    "start": 1572052217767,
    "end": 1572052217768,
    "duration": 1,
    "pid": 9108,
    "index": 14
  },
  {
    "name": "Require(12) node_modules/egg-view/config/config.default.js",
    "start": 1572052217769,
    "end": 1572052217769,
    "duration": 0,
    "pid": 9108,
    "index": 15
  },
  {
    "name": "Require(13) node_modules/egg-mysql/config/config.default.js",
    "start": 1572052217771,
    "end": 1572052217772,
    "duration": 1,
    "pid": 9108,
    "index": 16
  },
  {
    "name": "Require(14) node_modules/egg/config/config.default.js",
    "start": 1572052217775,
    "end": 1572052217776,
    "duration": 1,
    "pid": 9108,
    "index": 17
  },
  {
    "name": "Require(15) config/config.default.js",
    "start": 1572052217783,
    "end": 1572052217783,
    "duration": 0,
    "pid": 9108,
    "index": 18
  },
  {
    "name": "Require(16) node_modules/egg-security/config/config.local.js",
    "start": 1572052217784,
    "end": 1572052217785,
    "duration": 1,
    "pid": 9108,
    "index": 19
  },
  {
    "name": "Require(17) node_modules/egg-watcher/config/config.local.js",
    "start": 1572052217787,
    "end": 1572052217788,
    "duration": 1,
    "pid": 9108,
    "index": 20
  },
  {
    "name": "Require(18) node_modules/egg-view/config/config.local.js",
    "start": 1572052217805,
    "end": 1572052217806,
    "duration": 1,
    "pid": 9108,
    "index": 21
  },
  {
    "name": "Require(19) node_modules/egg/config/config.local.js",
    "start": 1572052217808,
    "end": 1572052217808,
    "duration": 0,
    "pid": 9108,
    "index": 22
  },
  {
    "name": "Load extend/application.js",
    "start": 1572052217813,
    "end": 1572052217843,
    "duration": 30,
    "pid": 9108,
    "index": 23
  },
  {
    "name": "Require(20) node_modules/egg-session/app/extend/application.js",
    "start": 1572052217815,
    "end": 1572052217816,
    "duration": 1,
    "pid": 9108,
    "index": 24
  },
  {
    "name": "Require(21) node_modules/egg-security/app/extend/application.js",
    "start": 1572052217818,
    "end": 1572052217820,
    "duration": 2,
    "pid": 9108,
    "index": 25
  },
  {
    "name": "Require(22) node_modules/egg-jsonp/app/extend/application.js",
    "start": 1572052217821,
    "end": 1572052217825,
    "duration": 4,
    "pid": 9108,
    "index": 26
  },
  {
    "name": "Require(23) node_modules/egg-logrotator/app/extend/application.js",
    "start": 1572052217828,
    "end": 1572052217832,
    "duration": 4,
    "pid": 9108,
    "index": 27
  },
  {
    "name": "Require(24) node_modules/egg-view/app/extend/application.js",
    "start": 1572052217833,
    "end": 1572052217836,
    "duration": 3,
    "pid": 9108,
    "index": 28
  },
  {
    "name": "Load extend/request.js",
    "start": 1572052217843,
    "end": 1572052217860,
    "duration": 17,
    "pid": 9108,
    "index": 29
  },
  {
    "name": "Require(25) node_modules/egg/app/extend/request.js",
    "start": 1572052217851,
    "end": 1572052217853,
    "duration": 2,
    "pid": 9108,
    "index": 30
  },
  {
    "name": "Load extend/response.js",
    "start": 1572052217860,
    "end": 1572052217883,
    "duration": 23,
    "pid": 9108,
    "index": 31
  },
  {
    "name": "Require(26) node_modules/egg/app/extend/response.js",
    "start": 1572052217866,
    "end": 1572052217869,
    "duration": 3,
    "pid": 9108,
    "index": 32
  },
  {
    "name": "Load extend/context.js",
    "start": 1572052217884,
    "end": 1572052218065,
    "duration": 181,
    "pid": 9108,
    "index": 33
  },
  {
    "name": "Require(27) node_modules/egg-security/app/extend/context.js",
    "start": 1572052217885,
    "end": 1572052217918,
    "duration": 33,
    "pid": 9108,
    "index": 34
  },
  {
    "name": "Require(28) node_modules/egg-jsonp/app/extend/context.js",
    "start": 1572052217919,
    "end": 1572052217922,
    "duration": 3,
    "pid": 9108,
    "index": 35
  },
  {
    "name": "Require(29) node_modules/egg-i18n/app/extend/context.js",
    "start": 1572052217923,
    "end": 1572052217924,
    "duration": 1,
    "pid": 9108,
    "index": 36
  },
  {
    "name": "Require(30) node_modules/egg-multipart/app/extend/context.js",
    "start": 1572052217925,
    "end": 1572052218047,
    "duration": 122,
    "pid": 9108,
    "index": 37
  },
  {
    "name": "Require(31) node_modules/egg-view/app/extend/context.js",
    "start": 1572052218049,
    "end": 1572052218051,
    "duration": 2,
    "pid": 9108,
    "index": 38
  },
  {
    "name": "Require(32) node_modules/egg/app/extend/context.js",
    "start": 1572052218054,
    "end": 1572052218058,
    "duration": 4,
    "pid": 9108,
    "index": 39
  },
  {
    "name": "Load extend/helper.js",
    "start": 1572052218065,
    "end": 1572052218139,
    "duration": 74,
    "pid": 9108,
    "index": 40
  },
  {
    "name": "Require(33) node_modules/egg-security/app/extend/helper.js",
    "start": 1572052218070,
    "end": 1572052218128,
    "duration": 58,
    "pid": 9108,
    "index": 41
  },
  {
    "name": "Require(34) node_modules/egg/app/extend/helper.js",
    "start": 1572052218133,
    "end": 1572052218133,
    "duration": 0,
    "pid": 9108,
    "index": 42
  },
  {
    "name": "Load app.js",
    "start": 1572052218140,
    "end": 1572052218371,
    "duration": 231,
    "pid": 9108,
    "index": 43
  },
  {
    "name": "Require(35) node_modules/egg-session/app.js",
    "start": 1572052218141,
    "end": 1572052218141,
    "duration": 0,
    "pid": 9108,
    "index": 44
  },
  {
    "name": "Require(36) node_modules/egg-security/app.js",
    "start": 1572052218143,
    "end": 1572052218149,
    "duration": 6,
    "pid": 9108,
    "index": 45
  },
  {
    "name": "Require(37) node_modules/egg-onerror/app.js",
    "start": 1572052218151,
    "end": 1572052218193,
    "duration": 42,
    "pid": 9108,
    "index": 46
  },
  {
    "name": "Require(38) node_modules/egg-i18n/app.js",
    "start": 1572052218193,
    "end": 1572052218230,
    "duration": 37,
    "pid": 9108,
    "index": 47
  },
  {
    "name": "Require(39) node_modules/egg-watcher/app.js",
    "start": 1572052218231,
    "end": 1572052218242,
    "duration": 11,
    "pid": 9108,
    "index": 48
  },
  {
    "name": "Require(40) node_modules/egg-schedule/app.js",
    "start": 1572052218242,
    "end": 1572052218251,
    "duration": 9,
    "pid": 9108,
    "index": 49
  },
  {
    "name": "Require(41) node_modules/egg-multipart/app.js",
    "start": 1572052218270,
    "end": 1572052218281,
    "duration": 11,
    "pid": 9108,
    "index": 50
  },
  {
    "name": "Require(42) node_modules/egg-development/app.js",
    "start": 1572052218282,
    "end": 1572052218283,
    "duration": 1,
    "pid": 9108,
    "index": 51
  },
  {
    "name": "Require(43) node_modules/egg-logrotator/app.js",
    "start": 1572052218284,
    "end": 1572052218284,
    "duration": 0,
    "pid": 9108,
    "index": 52
  },
  {
    "name": "Require(44) node_modules/egg-static/app.js",
    "start": 1572052218285,
    "end": 1572052218286,
    "duration": 1,
    "pid": 9108,
    "index": 53
  },
  {
    "name": "Require(45) node_modules/egg-mysql/app.js",
    "start": 1572052218287,
    "end": 1572052218369,
    "duration": 82,
    "pid": 9108,
    "index": 54
  },
  {
    "name": "Before Start in node_modules/egg-watcher/lib/init.js:15:14",
    "start": 1572052218481,
    "end": 1572052219375,
    "duration": 894,
    "pid": 9108,
    "index": 55
  },
  {
    "name": "Before Start in node_modules/egg-mysql/lib/mysql.js:20:7",
    "start": 1572052218776,
    "end": 1572052219382,
    "duration": 606,
    "pid": 9108,
    "index": 56
  },
  {
    "name": "Load Service",
    "start": 1572052218776,
    "end": 1572052218829,
    "duration": 53,
    "pid": 9108,
    "index": 57
  },
  {
    "name": "Load \"service\" to Context",
    "start": 1572052218777,
    "end": 1572052218829,
    "duration": 52,
    "pid": 9108,
    "index": 58
  },
  {
    "name": "Load Middleware",
    "start": 1572052218829,
    "end": 1572052219095,
    "duration": 266,
    "pid": 9108,
    "index": 59
  },
  {
    "name": "Load \"middlewares\" to Application",
    "start": 1572052218830,
    "end": 1572052219050,
    "duration": 220,
    "pid": 9108,
    "index": 60
  },
  {
    "name": "Load Controller",
    "start": 1572052219096,
    "end": 1572052219292,
    "duration": 196,
    "pid": 9108,
    "index": 61
  },
  {
    "name": "Load \"controller\" to Application",
    "start": 1572052219096,
    "end": 1572052219292,
    "duration": 196,
    "pid": 9108,
    "index": 62
  },
  {
    "name": "Load Router",
    "start": 1572052219292,
    "end": 1572052219295,
    "duration": 3,
    "pid": 9108,
    "index": 63
  },
  {
    "name": "Require(46) app/router.js",
    "start": 1572052219293,
    "end": 1572052219293,
    "duration": 0,
    "pid": 9108,
    "index": 64
  },
  {
    "name": "Before Start in node_modules/egg-core/lib/egg.js:303:10",
    "start": 1572052219294,
    "end": 1572052219330,
    "duration": 36,
    "pid": 9108,
    "index": 65
  }
]