[
  {
    "name": "Application Start",
    "start": 1572056497010,
    "end": 1572056498116,
    "duration": 1106,
    "pid": 7228,
    "index": 0
  },
  {
    "name": "Load Plugin",
    "start": 1572056497023,
    "end": 1572056497085,
    "duration": 62,
    "pid": 7228,
    "index": 1
  },
  {
    "name": "Load Config",
    "start": 1572056497086,
    "end": 1572056497123,
    "duration": 37,
    "pid": 7228,
    "index": 2
  },
  {
    "name": "Require(0) config/config.default.js",
    "start": 1572056497087,
    "end": 1572056497089,
    "duration": 2,
    "pid": 7228,
    "index": 3
  },
  {
    "name": "Require(1) node_modules/egg-session/config/config.default.js",
    "start": 1572056497093,
    "end": 1572056497093,
    "duration": 0,
    "pid": 7228,
    "index": 4
  },
  {
    "name": "Require(2) node_modules/egg-security/config/config.default.js",
    "start": 1572056497094,
    "end": 1572056497095,
    "duration": 1,
    "pid": 7228,
    "index": 5
  },
  {
    "name": "Require(3) node_modules/egg-jsonp/config/config.default.js",
    "start": 1572056497096,
    "end": 1572056497096,
    "duration": 0,
    "pid": 7228,
    "index": 6
  },
  {
    "name": "Require(4) node_modules/egg-onerror/config/config.default.js",
    "start": 1572056497097,
    "end": 1572056497097,
    "duration": 0,
    "pid": 7228,
    "index": 7
  },
  {
    "name": "Require(5) node_modules/egg-i18n/config/config.default.js",
    "start": 1572056497098,
    "end": 1572056497098,
    "duration": 0,
    "pid": 7228,
    "index": 8
  },
  {
    "name": "Require(6) node_modules/egg-watcher/config/config.default.js",
    "start": 1572056497099,
    "end": 1572056497100,
    "duration": 1,
    "pid": 7228,
    "index": 9
  },
  {
    "name": "Require(7) node_modules/egg-schedule/config/config.default.js",
    "start": 1572056497100,
    "end": 1572056497101,
    "duration": 1,
    "pid": 7228,
    "index": 10
  },
  {
    "name": "Require(8) node_modules/egg-multipart/config/config.default.js",
    "start": 1572056497102,
    "end": 1572056497103,
    "duration": 1,
    "pid": 7228,
    "index": 11
  },
  {
    "name": "Require(9) node_modules/egg-development/config/config.default.js",
    "start": 1572056497104,
    "end": 1572056497105,
    "duration": 1,
    "pid": 7228,
    "index": 12
  },
  {
    "name": "Require(10) node_modules/egg-logrotator/config/config.default.js",
    "start": 1572056497106,
    "end": 1572056497108,
    "duration": 2,
    "pid": 7228,
    "index": 13
  },
  {
    "name": "Require(11) node_modules/egg-static/config/config.default.js",
    "start": 1572056497109,
    "end": 1572056497109,
    "duration": 0,
    "pid": 7228,
    "index": 14
  },
  {
    "name": "Require(12) node_modules/egg-view/config/config.default.js",
    "start": 1572056497110,
    "end": 1572056497111,
    "duration": 1,
    "pid": 7228,
    "index": 15
  },
  {
    "name": "Require(13) node_modules/egg-mysql/config/config.default.js",
    "start": 1572056497112,
    "end": 1572056497112,
    "duration": 0,
    "pid": 7228,
    "index": 16
  },
  {
    "name": "Require(14) node_modules/egg/config/config.default.js",
    "start": 1572056497113,
    "end": 1572056497113,
    "duration": 0,
    "pid": 7228,
    "index": 17
  },
  {
    "name": "Require(15) config/config.default.js",
    "start": 1572056497115,
    "end": 1572056497115,
    "duration": 0,
    "pid": 7228,
    "index": 18
  },
  {
    "name": "Require(16) node_modules/egg-security/config/config.local.js",
    "start": 1572056497117,
    "end": 1572056497117,
    "duration": 0,
    "pid": 7228,
    "index": 19
  },
  {
    "name": "Require(17) node_modules/egg-watcher/config/config.local.js",
    "start": 1572056497118,
    "end": 1572056497119,
    "duration": 1,
    "pid": 7228,
    "index": 20
  },
  {
    "name": "Require(18) node_modules/egg-view/config/config.local.js",
    "start": 1572056497121,
    "end": 1572056497121,
    "duration": 0,
    "pid": 7228,
    "index": 21
  },
  {
    "name": "Require(19) node_modules/egg/config/config.local.js",
    "start": 1572056497122,
    "end": 1572056497122,
    "duration": 0,
    "pid": 7228,
    "index": 22
  },
  {
    "name": "Load extend/application.js",
    "start": 1572056497124,
    "end": 1572056497167,
    "duration": 43,
    "pid": 7228,
    "index": 23
  },
  {
    "name": "Require(20) node_modules/egg-session/app/extend/application.js",
    "start": 1572056497125,
    "end": 1572056497126,
    "duration": 1,
    "pid": 7228,
    "index": 24
  },
  {
    "name": "Require(21) node_modules/egg-security/app/extend/application.js",
    "start": 1572056497127,
    "end": 1572056497128,
    "duration": 1,
    "pid": 7228,
    "index": 25
  },
  {
    "name": "Require(22) node_modules/egg-jsonp/app/extend/application.js",
    "start": 1572056497129,
    "end": 1572056497131,
    "duration": 2,
    "pid": 7228,
    "index": 26
  },
  {
    "name": "Require(23) node_modules/egg-logrotator/app/extend/application.js",
    "start": 1572056497139,
    "end": 1572056497146,
    "duration": 7,
    "pid": 7228,
    "index": 27
  },
  {
    "name": "Require(24) node_modules/egg-view/app/extend/application.js",
    "start": 1572056497158,
    "end": 1572056497161,
    "duration": 3,
    "pid": 7228,
    "index": 28
  },
  {
    "name": "Load extend/request.js",
    "start": 1572056497167,
    "end": 1572056497177,
    "duration": 10,
    "pid": 7228,
    "index": 29
  },
  {
    "name": "Require(25) node_modules/egg/app/extend/request.js",
    "start": 1572056497171,
    "end": 1572056497173,
    "duration": 2,
    "pid": 7228,
    "index": 30
  },
  {
    "name": "Load extend/response.js",
    "start": 1572056497177,
    "end": 1572056497190,
    "duration": 13,
    "pid": 7228,
    "index": 31
  },
  {
    "name": "Require(26) node_modules/egg/app/extend/response.js",
    "start": 1572056497180,
    "end": 1572056497183,
    "duration": 3,
    "pid": 7228,
    "index": 32
  },
  {
    "name": "Load extend/context.js",
    "start": 1572056497190,
    "end": 1572056497343,
    "duration": 153,
    "pid": 7228,
    "index": 33
  },
  {
    "name": "Require(27) node_modules/egg-security/app/extend/context.js",
    "start": 1572056497191,
    "end": 1572056497209,
    "duration": 18,
    "pid": 7228,
    "index": 34
  },
  {
    "name": "Require(28) node_modules/egg-jsonp/app/extend/context.js",
    "start": 1572056497210,
    "end": 1572056497213,
    "duration": 3,
    "pid": 7228,
    "index": 35
  },
  {
    "name": "Require(29) node_modules/egg-i18n/app/extend/context.js",
    "start": 1572056497214,
    "end": 1572056497214,
    "duration": 0,
    "pid": 7228,
    "index": 36
  },
  {
    "name": "Require(30) node_modules/egg-multipart/app/extend/context.js",
    "start": 1572056497215,
    "end": 1572056497313,
    "duration": 98,
    "pid": 7228,
    "index": 37
  },
  {
    "name": "Require(31) node_modules/egg-view/app/extend/context.js",
    "start": 1572056497316,
    "end": 1572056497319,
    "duration": 3,
    "pid": 7228,
    "index": 38
  },
  {
    "name": "Require(32) node_modules/egg/app/extend/context.js",
    "start": 1572056497320,
    "end": 1572056497327,
    "duration": 7,
    "pid": 7228,
    "index": 39
  },
  {
    "name": "Load extend/helper.js",
    "start": 1572056497344,
    "end": 1572056497383,
    "duration": 39,
    "pid": 7228,
    "index": 40
  },
  {
    "name": "Require(33) node_modules/egg-security/app/extend/helper.js",
    "start": 1572056497345,
    "end": 1572056497374,
    "duration": 29,
    "pid": 7228,
    "index": 41
  },
  {
    "name": "Require(34) node_modules/egg/app/extend/helper.js",
    "start": 1572056497377,
    "end": 1572056497378,
    "duration": 1,
    "pid": 7228,
    "index": 42
  },
  {
    "name": "Load app.js",
    "start": 1572056497383,
    "end": 1572056497509,
    "duration": 126,
    "pid": 7228,
    "index": 43
  },
  {
    "name": "Require(35) node_modules/egg-session/app.js",
    "start": 1572056497384,
    "end": 1572056497384,
    "duration": 0,
    "pid": 7228,
    "index": 44
  },
  {
    "name": "Require(36) node_modules/egg-security/app.js",
    "start": 1572056497385,
    "end": 1572056497388,
    "duration": 3,
    "pid": 7228,
    "index": 45
  },
  {
    "name": "Require(37) node_modules/egg-onerror/app.js",
    "start": 1572056497389,
    "end": 1572056497403,
    "duration": 14,
    "pid": 7228,
    "index": 46
  },
  {
    "name": "Require(38) node_modules/egg-i18n/app.js",
    "start": 1572056497404,
    "end": 1572056497458,
    "duration": 54,
    "pid": 7228,
    "index": 47
  },
  {
    "name": "Require(39) node_modules/egg-watcher/app.js",
    "start": 1572056497459,
    "end": 1572056497464,
    "duration": 5,
    "pid": 7228,
    "index": 48
  },
  {
    "name": "Require(40) node_modules/egg-schedule/app.js",
    "start": 1572056497464,
    "end": 1572056497467,
    "duration": 3,
    "pid": 7228,
    "index": 49
  },
  {
    "name": "Require(41) node_modules/egg-multipart/app.js",
    "start": 1572056497467,
    "end": 1572056497471,
    "duration": 4,
    "pid": 7228,
    "index": 50
  },
  {
    "name": "Require(42) node_modules/egg-development/app.js",
    "start": 1572056497472,
    "end": 1572056497473,
    "duration": 1,
    "pid": 7228,
    "index": 51
  },
  {
    "name": "Require(43) node_modules/egg-logrotator/app.js",
    "start": 1572056497473,
    "end": 1572056497474,
    "duration": 1,
    "pid": 7228,
    "index": 52
  },
  {
    "name": "Require(44) node_modules/egg-static/app.js",
    "start": 1572056497475,
    "end": 1572056497475,
    "duration": 0,
    "pid": 7228,
    "index": 53
  },
  {
    "name": "Require(45) node_modules/egg-mysql/app.js",
    "start": 1572056497476,
    "end": 1572056497507,
    "duration": 31,
    "pid": 7228,
    "index": 54
  },
  {
    "name": "Before Start in node_modules/egg-watcher/lib/init.js:15:14",
    "start": 1572056497543,
    "end": 1572056498108,
    "duration": 565,
    "pid": 7228,
    "index": 55
  },
  {
    "name": "Before Start in node_modules/egg-mysql/lib/mysql.js:20:7",
    "start": 1572056497726,
    "end": 1572056498115,
    "duration": 389,
    "pid": 7228,
    "index": 56
  },
  {
    "name": "Load Service",
    "start": 1572056497726,
    "end": 1572056497739,
    "duration": 13,
    "pid": 7228,
    "index": 57
  },
  {
    "name": "Load \"service\" to Context",
    "start": 1572056497726,
    "end": 1572056497739,
    "duration": 13,
    "pid": 7228,
    "index": 58
  },
  {
    "name": "Load Middleware",
    "start": 1572056497740,
    "end": 1572056497916,
    "duration": 176,
    "pid": 7228,
    "index": 59
  },
  {
    "name": "Load \"middlewares\" to Application",
    "start": 1572056497740,
    "end": 1572056497902,
    "duration": 162,
    "pid": 7228,
    "index": 60
  },
  {
    "name": "Load Controller",
    "start": 1572056497916,
    "end": 1572056498000,
    "duration": 84,
    "pid": 7228,
    "index": 61
  },
  {
    "name": "Load \"controller\" to Application",
    "start": 1572056497916,
    "end": 1572056498000,
    "duration": 84,
    "pid": 7228,
    "index": 62
  },
  {
    "name": "Load Router",
    "start": 1572056498000,
    "end": 1572056498022,
    "duration": 22,
    "pid": 7228,
    "index": 63
  },
  {
    "name": "Require(46) app/router.js",
    "start": 1572056498016,
    "end": 1572056498018,
    "duration": 2,
    "pid": 7228,
    "index": 64
  },
  {
    "name": "Before Start in node_modules/egg-core/lib/egg.js:303:10",
    "start": 1572056498018,
    "end": 1572056498053,
    "duration": 35,
    "pid": 7228,
    "index": 65
  }
]