[
  {
    "name": "Application Start",
    "start": 1572052954655,
    "end": 1572052956265,
    "duration": 1610,
    "pid": 1452,
    "index": 0
  },
  {
    "name": "Load Plugin",
    "start": 1572052954663,
    "end": 1572052954719,
    "duration": 56,
    "pid": 1452,
    "index": 1
  },
  {
    "name": "Load Config",
    "start": 1572052954719,
    "end": 1572052954770,
    "duration": 51,
    "pid": 1452,
    "index": 2
  },
  {
    "name": "Require(0) config/config.default.js",
    "start": 1572052954721,
    "end": 1572052954722,
    "duration": 1,
    "pid": 1452,
    "index": 3
  },
  {
    "name": "Require(1) node_modules/egg-session/config/config.default.js",
    "start": 1572052954728,
    "end": 1572052954728,
    "duration": 0,
    "pid": 1452,
    "index": 4
  },
  {
    "name": "Require(2) node_modules/egg-security/config/config.default.js",
    "start": 1572052954730,
    "end": 1572052954733,
    "duration": 3,
    "pid": 1452,
    "index": 5
  },
  {
    "name": "Require(3) node_modules/egg-jsonp/config/config.default.js",
    "start": 1572052954734,
    "end": 1572052954735,
    "duration": 1,
    "pid": 1452,
    "index": 6
  },
  {
    "name": "Require(4) node_modules/egg-onerror/config/config.default.js",
    "start": 1572052954736,
    "end": 1572052954737,
    "duration": 1,
    "pid": 1452,
    "index": 7
  },
  {
    "name": "Require(5) node_modules/egg-i18n/config/config.default.js",
    "start": 1572052954739,
    "end": 1572052954739,
    "duration": 0,
    "pid": 1452,
    "index": 8
  },
  {
    "name": "Require(6) node_modules/egg-watcher/config/config.default.js",
    "start": 1572052954741,
    "end": 1572052954741,
    "duration": 0,
    "pid": 1452,
    "index": 9
  },
  {
    "name": "Require(7) node_modules/egg-schedule/config/config.default.js",
    "start": 1572052954742,
    "end": 1572052954743,
    "duration": 1,
    "pid": 1452,
    "index": 10
  },
  {
    "name": "Require(8) node_modules/egg-multipart/config/config.default.js",
    "start": 1572052954744,
    "end": 1572052954744,
    "duration": 0,
    "pid": 1452,
    "index": 11
  },
  {
    "name": "Require(9) node_modules/egg-development/config/config.default.js",
    "start": 1572052954745,
    "end": 1572052954746,
    "duration": 1,
    "pid": 1452,
    "index": 12
  },
  {
    "name": "Require(10) node_modules/egg-logrotator/config/config.default.js",
    "start": 1572052954746,
    "end": 1572052954749,
    "duration": 3,
    "pid": 1452,
    "index": 13
  },
  {
    "name": "Require(11) node_modules/egg-static/config/config.default.js",
    "start": 1572052954751,
    "end": 1572052954751,
    "duration": 0,
    "pid": 1452,
    "index": 14
  },
  {
    "name": "Require(12) node_modules/egg-view/config/config.default.js",
    "start": 1572052954752,
    "end": 1572052954753,
    "duration": 1,
    "pid": 1452,
    "index": 15
  },
  {
    "name": "Require(13) node_modules/egg-mysql/config/config.default.js",
    "start": 1572052954754,
    "end": 1572052954754,
    "duration": 0,
    "pid": 1452,
    "index": 16
  },
  {
    "name": "Require(14) node_modules/egg/config/config.default.js",
    "start": 1572052954755,
    "end": 1572052954756,
    "duration": 1,
    "pid": 1452,
    "index": 17
  },
  {
    "name": "Require(15) config/config.default.js",
    "start": 1572052954759,
    "end": 1572052954759,
    "duration": 0,
    "pid": 1452,
    "index": 18
  },
  {
    "name": "Require(16) node_modules/egg-security/config/config.local.js",
    "start": 1572052954760,
    "end": 1572052954761,
    "duration": 1,
    "pid": 1452,
    "index": 19
  },
  {
    "name": "Require(17) node_modules/egg-watcher/config/config.local.js",
    "start": 1572052954764,
    "end": 1572052954764,
    "duration": 0,
    "pid": 1452,
    "index": 20
  },
  {
    "name": "Require(18) node_modules/egg-view/config/config.local.js",
    "start": 1572052954767,
    "end": 1572052954767,
    "duration": 0,
    "pid": 1452,
    "index": 21
  },
  {
    "name": "Require(19) node_modules/egg/config/config.local.js",
    "start": 1572052954769,
    "end": 1572052954769,
    "duration": 0,
    "pid": 1452,
    "index": 22
  },
  {
    "name": "Load extend/application.js",
    "start": 1572052954772,
    "end": 1572052954802,
    "duration": 30,
    "pid": 1452,
    "index": 23
  },
  {
    "name": "Require(20) node_modules/egg-session/app/extend/application.js",
    "start": 1572052954772,
    "end": 1572052954773,
    "duration": 1,
    "pid": 1452,
    "index": 24
  },
  {
    "name": "Require(21) node_modules/egg-security/app/extend/application.js",
    "start": 1572052954773,
    "end": 1572052954777,
    "duration": 4,
    "pid": 1452,
    "index": 25
  },
  {
    "name": "Require(22) node_modules/egg-jsonp/app/extend/application.js",
    "start": 1572052954780,
    "end": 1572052954784,
    "duration": 4,
    "pid": 1452,
    "index": 26
  },
  {
    "name": "Require(23) node_modules/egg-logrotator/app/extend/application.js",
    "start": 1572052954786,
    "end": 1572052954790,
    "duration": 4,
    "pid": 1452,
    "index": 27
  },
  {
    "name": "Require(24) node_modules/egg-view/app/extend/application.js",
    "start": 1572052954791,
    "end": 1572052954794,
    "duration": 3,
    "pid": 1452,
    "index": 28
  },
  {
    "name": "Load extend/request.js",
    "start": 1572052954802,
    "end": 1572052954826,
    "duration": 24,
    "pid": 1452,
    "index": 29
  },
  {
    "name": "Require(25) node_modules/egg/app/extend/request.js",
    "start": 1572052954812,
    "end": 1572052954818,
    "duration": 6,
    "pid": 1452,
    "index": 30
  },
  {
    "name": "Load extend/response.js",
    "start": 1572052954826,
    "end": 1572052954841,
    "duration": 15,
    "pid": 1452,
    "index": 31
  },
  {
    "name": "Require(26) node_modules/egg/app/extend/response.js",
    "start": 1572052954833,
    "end": 1572052954835,
    "duration": 2,
    "pid": 1452,
    "index": 32
  },
  {
    "name": "Load extend/context.js",
    "start": 1572052954841,
    "end": 1572052954999,
    "duration": 158,
    "pid": 1452,
    "index": 33
  },
  {
    "name": "Require(27) node_modules/egg-security/app/extend/context.js",
    "start": 1572052954842,
    "end": 1572052954862,
    "duration": 20,
    "pid": 1452,
    "index": 34
  },
  {
    "name": "Require(28) node_modules/egg-jsonp/app/extend/context.js",
    "start": 1572052954863,
    "end": 1572052954866,
    "duration": 3,
    "pid": 1452,
    "index": 35
  },
  {
    "name": "Require(29) node_modules/egg-i18n/app/extend/context.js",
    "start": 1572052954870,
    "end": 1572052954871,
    "duration": 1,
    "pid": 1452,
    "index": 36
  },
  {
    "name": "Require(30) node_modules/egg-multipart/app/extend/context.js",
    "start": 1572052954872,
    "end": 1572052954983,
    "duration": 111,
    "pid": 1452,
    "index": 37
  },
  {
    "name": "Require(31) node_modules/egg-view/app/extend/context.js",
    "start": 1572052954985,
    "end": 1572052954988,
    "duration": 3,
    "pid": 1452,
    "index": 38
  },
  {
    "name": "Require(32) node_modules/egg/app/extend/context.js",
    "start": 1572052954989,
    "end": 1572052954994,
    "duration": 5,
    "pid": 1452,
    "index": 39
  },
  {
    "name": "Load extend/helper.js",
    "start": 1572052954999,
    "end": 1572052955034,
    "duration": 35,
    "pid": 1452,
    "index": 40
  },
  {
    "name": "Require(33) node_modules/egg-security/app/extend/helper.js",
    "start": 1572052955000,
    "end": 1572052955026,
    "duration": 26,
    "pid": 1452,
    "index": 41
  },
  {
    "name": "Require(34) node_modules/egg/app/extend/helper.js",
    "start": 1572052955030,
    "end": 1572052955030,
    "duration": 0,
    "pid": 1452,
    "index": 42
  },
  {
    "name": "Load app.js",
    "start": 1572052955034,
    "end": 1572052955299,
    "duration": 265,
    "pid": 1452,
    "index": 43
  },
  {
    "name": "Require(35) node_modules/egg-session/app.js",
    "start": 1572052955035,
    "end": 1572052955035,
    "duration": 0,
    "pid": 1452,
    "index": 44
  },
  {
    "name": "Require(36) node_modules/egg-security/app.js",
    "start": 1572052955036,
    "end": 1572052955038,
    "duration": 2,
    "pid": 1452,
    "index": 45
  },
  {
    "name": "Require(37) node_modules/egg-onerror/app.js",
    "start": 1572052955040,
    "end": 1572052955061,
    "duration": 21,
    "pid": 1452,
    "index": 46
  },
  {
    "name": "Require(38) node_modules/egg-i18n/app.js",
    "start": 1572052955062,
    "end": 1572052955210,
    "duration": 148,
    "pid": 1452,
    "index": 47
  },
  {
    "name": "Require(39) node_modules/egg-watcher/app.js",
    "start": 1572052955211,
    "end": 1572052955221,
    "duration": 10,
    "pid": 1452,
    "index": 48
  },
  {
    "name": "Require(40) node_modules/egg-schedule/app.js",
    "start": 1572052955221,
    "end": 1572052955225,
    "duration": 4,
    "pid": 1452,
    "index": 49
  },
  {
    "name": "Require(41) node_modules/egg-multipart/app.js",
    "start": 1572052955226,
    "end": 1572052955237,
    "duration": 11,
    "pid": 1452,
    "index": 50
  },
  {
    "name": "Require(42) node_modules/egg-development/app.js",
    "start": 1572052955238,
    "end": 1572052955239,
    "duration": 1,
    "pid": 1452,
    "index": 51
  },
  {
    "name": "Require(43) node_modules/egg-logrotator/app.js",
    "start": 1572052955239,
    "end": 1572052955240,
    "duration": 1,
    "pid": 1452,
    "index": 52
  },
  {
    "name": "Require(44) node_modules/egg-static/app.js",
    "start": 1572052955241,
    "end": 1572052955241,
    "duration": 0,
    "pid": 1452,
    "index": 53
  },
  {
    "name": "Require(45) node_modules/egg-mysql/app.js",
    "start": 1572052955243,
    "end": 1572052955296,
    "duration": 53,
    "pid": 1452,
    "index": 54
  },
  {
    "name": "Before Start in node_modules/egg-watcher/lib/init.js:15:14",
    "start": 1572052955318,
    "end": 1572052956239,
    "duration": 921,
    "pid": 1452,
    "index": 55
  },
  {
    "name": "Before Start in node_modules/egg-mysql/lib/mysql.js:20:7",
    "start": 1572052955810,
    "end": 1572052956264,
    "duration": 454,
    "pid": 1452,
    "index": 56
  },
  {
    "name": "Load Service",
    "start": 1572052955811,
    "end": 1572052955842,
    "duration": 31,
    "pid": 1452,
    "index": 57
  },
  {
    "name": "Load \"service\" to Context",
    "start": 1572052955813,
    "end": 1572052955842,
    "duration": 29,
    "pid": 1452,
    "index": 58
  },
  {
    "name": "Load Middleware",
    "start": 1572052955843,
    "end": 1572052956116,
    "duration": 273,
    "pid": 1452,
    "index": 59
  },
  {
    "name": "Load \"middlewares\" to Application",
    "start": 1572052955843,
    "end": 1572052956086,
    "duration": 243,
    "pid": 1452,
    "index": 60
  },
  {
    "name": "Load Controller",
    "start": 1572052956116,
    "end": 1572052956194,
    "duration": 78,
    "pid": 1452,
    "index": 61
  },
  {
    "name": "Load \"controller\" to Application",
    "start": 1572052956116,
    "end": 1572052956194,
    "duration": 78,
    "pid": 1452,
    "index": 62
  },
  {
    "name": "Load Router",
    "start": 1572052956194,
    "end": 1572052956200,
    "duration": 6,
    "pid": 1452,
    "index": 63
  },
  {
    "name": "Require(46) app/router.js",
    "start": 1572052956194,
    "end": 1572052956195,
    "duration": 1,
    "pid": 1452,
    "index": 64
  },
  {
    "name": "Before Start in node_modules/egg-core/lib/egg.js:303:10",
    "start": 1572052956195,
    "end": 1572052956221,
    "duration": 26,
    "pid": 1452,
    "index": 65
  }
]