[
  {
    "name": "Application Start",
    "start": 1572056249060,
    "end": 1572056251628,
    "duration": 2568,
    "pid": 2260,
    "index": 0
  },
  {
    "name": "Load Plugin",
    "start": 1572056249086,
    "end": 1572056249164,
    "duration": 78,
    "pid": 2260,
    "index": 1
  },
  {
    "name": "Load Config",
    "start": 1572056249164,
    "end": 1572056249355,
    "duration": 191,
    "pid": 2260,
    "index": 2
  },
  {
    "name": "Require(0) config/config.default.js",
    "start": 1572056249166,
    "end": 1572056249167,
    "duration": 1,
    "pid": 2260,
    "index": 3
  },
  {
    "name": "Require(1) node_modules/egg-session/config/config.default.js",
    "start": 1572056249170,
    "end": 1572056249171,
    "duration": 1,
    "pid": 2260,
    "index": 4
  },
  {
    "name": "Require(2) node_modules/egg-security/config/config.default.js",
    "start": 1572056249172,
    "end": 1572056249173,
    "duration": 1,
    "pid": 2260,
    "index": 5
  },
  {
    "name": "Require(3) node_modules/egg-jsonp/config/config.default.js",
    "start": 1572056249174,
    "end": 1572056249175,
    "duration": 1,
    "pid": 2260,
    "index": 6
  },
  {
    "name": "Require(4) node_modules/egg-onerror/config/config.default.js",
    "start": 1572056249176,
    "end": 1572056249177,
    "duration": 1,
    "pid": 2260,
    "index": 7
  },
  {
    "name": "Require(5) node_modules/egg-i18n/config/config.default.js",
    "start": 1572056249178,
    "end": 1572056249178,
    "duration": 0,
    "pid": 2260,
    "index": 8
  },
  {
    "name": "Require(6) node_modules/egg-watcher/config/config.default.js",
    "start": 1572056249204,
    "end": 1572056249205,
    "duration": 1,
    "pid": 2260,
    "index": 9
  },
  {
    "name": "Require(7) node_modules/egg-schedule/config/config.default.js",
    "start": 1572056249235,
    "end": 1572056249236,
    "duration": 1,
    "pid": 2260,
    "index": 10
  },
  {
    "name": "Require(8) node_modules/egg-multipart/config/config.default.js",
    "start": 1572056249237,
    "end": 1572056249238,
    "duration": 1,
    "pid": 2260,
    "index": 11
  },
  {
    "name": "Require(9) node_modules/egg-development/config/config.default.js",
    "start": 1572056249239,
    "end": 1572056249240,
    "duration": 1,
    "pid": 2260,
    "index": 12
  },
  {
    "name": "Require(10) node_modules/egg-logrotator/config/config.default.js",
    "start": 1572056249259,
    "end": 1572056249268,
    "duration": 9,
    "pid": 2260,
    "index": 13
  },
  {
    "name": "Require(11) node_modules/egg-static/config/config.default.js",
    "start": 1572056249270,
    "end": 1572056249270,
    "duration": 0,
    "pid": 2260,
    "index": 14
  },
  {
    "name": "Require(12) node_modules/egg-view/config/config.default.js",
    "start": 1572056249273,
    "end": 1572056249274,
    "duration": 1,
    "pid": 2260,
    "index": 15
  },
  {
    "name": "Require(13) node_modules/egg-mysql/config/config.default.js",
    "start": 1572056249275,
    "end": 1572056249276,
    "duration": 1,
    "pid": 2260,
    "index": 16
  },
  {
    "name": "Require(14) node_modules/egg/config/config.default.js",
    "start": 1572056249277,
    "end": 1572056249290,
    "duration": 13,
    "pid": 2260,
    "index": 17
  },
  {
    "name": "Require(15) config/config.default.js",
    "start": 1572056249293,
    "end": 1572056249293,
    "duration": 0,
    "pid": 2260,
    "index": 18
  },
  {
    "name": "Require(16) node_modules/egg-security/config/config.local.js",
    "start": 1572056249303,
    "end": 1572056249304,
    "duration": 1,
    "pid": 2260,
    "index": 19
  },
  {
    "name": "Require(17) node_modules/egg-watcher/config/config.local.js",
    "start": 1572056249340,
    "end": 1572056249340,
    "duration": 0,
    "pid": 2260,
    "index": 20
  },
  {
    "name": "Require(18) node_modules/egg-view/config/config.local.js",
    "start": 1572056249351,
    "end": 1572056249352,
    "duration": 1,
    "pid": 2260,
    "index": 21
  },
  {
    "name": "Require(19) node_modules/egg/config/config.local.js",
    "start": 1572056249353,
    "end": 1572056249354,
    "duration": 1,
    "pid": 2260,
    "index": 22
  },
  {
    "name": "Load extend/application.js",
    "start": 1572056249358,
    "end": 1572056249518,
    "duration": 160,
    "pid": 2260,
    "index": 23
  },
  {
    "name": "Require(20) node_modules/egg-session/app/extend/application.js",
    "start": 1572056249359,
    "end": 1572056249360,
    "duration": 1,
    "pid": 2260,
    "index": 24
  },
  {
    "name": "Require(21) node_modules/egg-security/app/extend/application.js",
    "start": 1572056249361,
    "end": 1572056249398,
    "duration": 37,
    "pid": 2260,
    "index": 25
  },
  {
    "name": "Require(22) node_modules/egg-jsonp/app/extend/application.js",
    "start": 1572056249401,
    "end": 1572056249409,
    "duration": 8,
    "pid": 2260,
    "index": 26
  },
  {
    "name": "Require(23) node_modules/egg-logrotator/app/extend/application.js",
    "start": 1572056249418,
    "end": 1572056249443,
    "duration": 25,
    "pid": 2260,
    "index": 27
  },
  {
    "name": "Require(24) node_modules/egg-view/app/extend/application.js",
    "start": 1572056249446,
    "end": 1572056249505,
    "duration": 59,
    "pid": 2260,
    "index": 28
  },
  {
    "name": "Load extend/request.js",
    "start": 1572056249518,
    "end": 1572056249562,
    "duration": 44,
    "pid": 2260,
    "index": 29
  },
  {
    "name": "Require(25) node_modules/egg/app/extend/request.js",
    "start": 1572056249528,
    "end": 1572056249533,
    "duration": 5,
    "pid": 2260,
    "index": 30
  },
  {
    "name": "Load extend/response.js",
    "start": 1572056249562,
    "end": 1572056249603,
    "duration": 41,
    "pid": 2260,
    "index": 31
  },
  {
    "name": "Require(26) node_modules/egg/app/extend/response.js",
    "start": 1572056249571,
    "end": 1572056249580,
    "duration": 9,
    "pid": 2260,
    "index": 32
  },
  {
    "name": "Load extend/context.js",
    "start": 1572056249604,
    "end": 1572056249979,
    "duration": 375,
    "pid": 2260,
    "index": 33
  },
  {
    "name": "Require(27) node_modules/egg-security/app/extend/context.js",
    "start": 1572056249606,
    "end": 1572056249704,
    "duration": 98,
    "pid": 2260,
    "index": 34
  },
  {
    "name": "Require(28) node_modules/egg-jsonp/app/extend/context.js",
    "start": 1572056249705,
    "end": 1572056249710,
    "duration": 5,
    "pid": 2260,
    "index": 35
  },
  {
    "name": "Require(29) node_modules/egg-i18n/app/extend/context.js",
    "start": 1572056249712,
    "end": 1572056249713,
    "duration": 1,
    "pid": 2260,
    "index": 36
  },
  {
    "name": "Require(30) node_modules/egg-multipart/app/extend/context.js",
    "start": 1572056249716,
    "end": 1572056249956,
    "duration": 240,
    "pid": 2260,
    "index": 37
  },
  {
    "name": "Require(31) node_modules/egg-view/app/extend/context.js",
    "start": 1572056249959,
    "end": 1572056249966,
    "duration": 7,
    "pid": 2260,
    "index": 38
  },
  {
    "name": "Require(32) node_modules/egg/app/extend/context.js",
    "start": 1572056249968,
    "end": 1572056249974,
    "duration": 6,
    "pid": 2260,
    "index": 39
  },
  {
    "name": "Load extend/helper.js",
    "start": 1572056249980,
    "end": 1572056250085,
    "duration": 105,
    "pid": 2260,
    "index": 40
  },
  {
    "name": "Require(33) node_modules/egg-security/app/extend/helper.js",
    "start": 1572056249984,
    "end": 1572056250071,
    "duration": 87,
    "pid": 2260,
    "index": 41
  },
  {
    "name": "Require(34) node_modules/egg/app/extend/helper.js",
    "start": 1572056250076,
    "end": 1572056250076,
    "duration": 0,
    "pid": 2260,
    "index": 42
  },
  {
    "name": "Load app.js",
    "start": 1572056250085,
    "end": 1572056250351,
    "duration": 266,
    "pid": 2260,
    "index": 43
  },
  {
    "name": "Require(35) node_modules/egg-session/app.js",
    "start": 1572056250086,
    "end": 1572056250087,
    "duration": 1,
    "pid": 2260,
    "index": 44
  },
  {
    "name": "Require(36) node_modules/egg-security/app.js",
    "start": 1572056250088,
    "end": 1572056250092,
    "duration": 4,
    "pid": 2260,
    "index": 45
  },
  {
    "name": "Require(37) node_modules/egg-onerror/app.js",
    "start": 1572056250093,
    "end": 1572056250152,
    "duration": 59,
    "pid": 2260,
    "index": 46
  },
  {
    "name": "Require(38) node_modules/egg-i18n/app.js",
    "start": 1572056250154,
    "end": 1572056250238,
    "duration": 84,
    "pid": 2260,
    "index": 47
  },
  {
    "name": "Require(39) node_modules/egg-watcher/app.js",
    "start": 1572056250240,
    "end": 1572056250248,
    "duration": 8,
    "pid": 2260,
    "index": 48
  },
  {
    "name": "Require(40) node_modules/egg-schedule/app.js",
    "start": 1572056250249,
    "end": 1572056250253,
    "duration": 4,
    "pid": 2260,
    "index": 49
  },
  {
    "name": "Require(41) node_modules/egg-multipart/app.js",
    "start": 1572056250253,
    "end": 1572056250259,
    "duration": 6,
    "pid": 2260,
    "index": 50
  },
  {
    "name": "Require(42) node_modules/egg-development/app.js",
    "start": 1572056250259,
    "end": 1572056250265,
    "duration": 6,
    "pid": 2260,
    "index": 51
  },
  {
    "name": "Require(43) node_modules/egg-logrotator/app.js",
    "start": 1572056250267,
    "end": 1572056250268,
    "duration": 1,
    "pid": 2260,
    "index": 52
  },
  {
    "name": "Require(44) node_modules/egg-static/app.js",
    "start": 1572056250268,
    "end": 1572056250269,
    "duration": 1,
    "pid": 2260,
    "index": 53
  },
  {
    "name": "Require(45) node_modules/egg-mysql/app.js",
    "start": 1572056250272,
    "end": 1572056250349,
    "duration": 77,
    "pid": 2260,
    "index": 54
  },
  {
    "name": "Before Start in node_modules/egg-watcher/lib/init.js:15:14",
    "start": 1572056250444,
    "end": 1572056251619,
    "duration": 1175,
    "pid": 2260,
    "index": 55
  },
  {
    "name": "Before Start in node_modules/egg-mysql/lib/mysql.js:20:7",
    "start": 1572056250880,
    "end": 1572056251625,
    "duration": 745,
    "pid": 2260,
    "index": 56
  },
  {
    "name": "Load Service",
    "start": 1572056250880,
    "end": 1572056250901,
    "duration": 21,
    "pid": 2260,
    "index": 57
  },
  {
    "name": "Load \"service\" to Context",
    "start": 1572056250880,
    "end": 1572056250901,
    "duration": 21,
    "pid": 2260,
    "index": 58
  },
  {
    "name": "Load Middleware",
    "start": 1572056250901,
    "end": 1572056251420,
    "duration": 519,
    "pid": 2260,
    "index": 59
  },
  {
    "name": "Load \"middlewares\" to Application",
    "start": 1572056250902,
    "end": 1572056251373,
    "duration": 471,
    "pid": 2260,
    "index": 60
  },
  {
    "name": "Load Controller",
    "start": 1572056251421,
    "end": 1572056251522,
    "duration": 101,
    "pid": 2260,
    "index": 61
  },
  {
    "name": "Load \"controller\" to Application",
    "start": 1572056251421,
    "end": 1572056251522,
    "duration": 101,
    "pid": 2260,
    "index": 62
  },
  {
    "name": "Load Router",
    "start": 1572056251523,
    "end": 1572056251526,
    "duration": 3,
    "pid": 2260,
    "index": 63
  },
  {
    "name": "Require(46) app/router.js",
    "start": 1572056251523,
    "end": 1572056251524,
    "duration": 1,
    "pid": 2260,
    "index": 64
  },
  {
    "name": "Before Start in node_modules/egg-core/lib/egg.js:303:10",
    "start": 1572056251524,
    "end": 1572056251555,
    "duration": 31,
    "pid": 2260,
    "index": 65
  }
]