[
  {
    "name": "Application Start",
    "start": 1572059369089,
    "end": 1572059370202,
    "duration": 1113,
    "pid": 6304,
    "index": 0
  },
  {
    "name": "Load Plugin",
    "start": 1572059369097,
    "end": 1572059369154,
    "duration": 57,
    "pid": 6304,
    "index": 1
  },
  {
    "name": "Load Config",
    "start": 1572059369154,
    "end": 1572059369186,
    "duration": 32,
    "pid": 6304,
    "index": 2
  },
  {
    "name": "Require(0) config/config.default.js",
    "start": 1572059369155,
    "end": 1572059369156,
    "duration": 1,
    "pid": 6304,
    "index": 3
  },
  {
    "name": "Require(1) node_modules/egg-session/config/config.default.js",
    "start": 1572059369158,
    "end": 1572059369159,
    "duration": 1,
    "pid": 6304,
    "index": 4
  },
  {
    "name": "Require(2) node_modules/egg-security/config/config.default.js",
    "start": 1572059369160,
    "end": 1572059369160,
    "duration": 0,
    "pid": 6304,
    "index": 5
  },
  {
    "name": "Require(3) node_modules/egg-jsonp/config/config.default.js",
    "start": 1572059369161,
    "end": 1572059369161,
    "duration": 0,
    "pid": 6304,
    "index": 6
  },
  {
    "name": "Require(4) node_modules/egg-onerror/config/config.default.js",
    "start": 1572059369162,
    "end": 1572059369162,
    "duration": 0,
    "pid": 6304,
    "index": 7
  },
  {
    "name": "Require(5) node_modules/egg-i18n/config/config.default.js",
    "start": 1572059369163,
    "end": 1572059369163,
    "duration": 0,
    "pid": 6304,
    "index": 8
  },
  {
    "name": "Require(6) node_modules/egg-watcher/config/config.default.js",
    "start": 1572059369164,
    "end": 1572059369165,
    "duration": 1,
    "pid": 6304,
    "index": 9
  },
  {
    "name": "Require(7) node_modules/egg-schedule/config/config.default.js",
    "start": 1572059369166,
    "end": 1572059369166,
    "duration": 0,
    "pid": 6304,
    "index": 10
  },
  {
    "name": "Require(8) node_modules/egg-multipart/config/config.default.js",
    "start": 1572059369167,
    "end": 1572059369167,
    "duration": 0,
    "pid": 6304,
    "index": 11
  },
  {
    "name": "Require(9) node_modules/egg-development/config/config.default.js",
    "start": 1572059369168,
    "end": 1572059369169,
    "duration": 1,
    "pid": 6304,
    "index": 12
  },
  {
    "name": "Require(10) node_modules/egg-logrotator/config/config.default.js",
    "start": 1572059369169,
    "end": 1572059369172,
    "duration": 3,
    "pid": 6304,
    "index": 13
  },
  {
    "name": "Require(11) node_modules/egg-static/config/config.default.js",
    "start": 1572059369173,
    "end": 1572059369173,
    "duration": 0,
    "pid": 6304,
    "index": 14
  },
  {
    "name": "Require(12) node_modules/egg-view/config/config.default.js",
    "start": 1572059369174,
    "end": 1572059369175,
    "duration": 1,
    "pid": 6304,
    "index": 15
  },
  {
    "name": "Require(13) node_modules/egg-mysql/config/config.default.js",
    "start": 1572059369176,
    "end": 1572059369176,
    "duration": 0,
    "pid": 6304,
    "index": 16
  },
  {
    "name": "Require(14) node_modules/egg/config/config.default.js",
    "start": 1572059369177,
    "end": 1572059369177,
    "duration": 0,
    "pid": 6304,
    "index": 17
  },
  {
    "name": "Require(15) config/config.default.js",
    "start": 1572059369178,
    "end": 1572059369178,
    "duration": 0,
    "pid": 6304,
    "index": 18
  },
  {
    "name": "Require(16) node_modules/egg-security/config/config.local.js",
    "start": 1572059369179,
    "end": 1572059369180,
    "duration": 1,
    "pid": 6304,
    "index": 19
  },
  {
    "name": "Require(17) node_modules/egg-watcher/config/config.local.js",
    "start": 1572059369181,
    "end": 1572059369181,
    "duration": 0,
    "pid": 6304,
    "index": 20
  },
  {
    "name": "Require(18) node_modules/egg-view/config/config.local.js",
    "start": 1572059369184,
    "end": 1572059369185,
    "duration": 1,
    "pid": 6304,
    "index": 21
  },
  {
    "name": "Require(19) node_modules/egg/config/config.local.js",
    "start": 1572059369186,
    "end": 1572059369186,
    "duration": 0,
    "pid": 6304,
    "index": 22
  },
  {
    "name": "Load extend/application.js",
    "start": 1572059369188,
    "end": 1572059369212,
    "duration": 24,
    "pid": 6304,
    "index": 23
  },
  {
    "name": "Require(20) node_modules/egg-session/app/extend/application.js",
    "start": 1572059369189,
    "end": 1572059369190,
    "duration": 1,
    "pid": 6304,
    "index": 24
  },
  {
    "name": "Require(21) node_modules/egg-security/app/extend/application.js",
    "start": 1572059369190,
    "end": 1572059369192,
    "duration": 2,
    "pid": 6304,
    "index": 25
  },
  {
    "name": "Require(22) node_modules/egg-jsonp/app/extend/application.js",
    "start": 1572059369193,
    "end": 1572059369196,
    "duration": 3,
    "pid": 6304,
    "index": 26
  },
  {
    "name": "Require(23) node_modules/egg-logrotator/app/extend/application.js",
    "start": 1572059369198,
    "end": 1572059369201,
    "duration": 3,
    "pid": 6304,
    "index": 27
  },
  {
    "name": "Require(24) node_modules/egg-view/app/extend/application.js",
    "start": 1572059369201,
    "end": 1572059369204,
    "duration": 3,
    "pid": 6304,
    "index": 28
  },
  {
    "name": "Load extend/request.js",
    "start": 1572059369212,
    "end": 1572059369235,
    "duration": 23,
    "pid": 6304,
    "index": 29
  },
  {
    "name": "Require(25) node_modules/egg/app/extend/request.js",
    "start": 1572059369218,
    "end": 1572059369225,
    "duration": 7,
    "pid": 6304,
    "index": 30
  },
  {
    "name": "Load extend/response.js",
    "start": 1572059369236,
    "end": 1572059369251,
    "duration": 15,
    "pid": 6304,
    "index": 31
  },
  {
    "name": "Require(26) node_modules/egg/app/extend/response.js",
    "start": 1572059369241,
    "end": 1572059369243,
    "duration": 2,
    "pid": 6304,
    "index": 32
  },
  {
    "name": "Load extend/context.js",
    "start": 1572059369251,
    "end": 1572059369375,
    "duration": 124,
    "pid": 6304,
    "index": 33
  },
  {
    "name": "Require(27) node_modules/egg-security/app/extend/context.js",
    "start": 1572059369252,
    "end": 1572059369268,
    "duration": 16,
    "pid": 6304,
    "index": 34
  },
  {
    "name": "Require(28) node_modules/egg-jsonp/app/extend/context.js",
    "start": 1572059369269,
    "end": 1572059369271,
    "duration": 2,
    "pid": 6304,
    "index": 35
  },
  {
    "name": "Require(29) node_modules/egg-i18n/app/extend/context.js",
    "start": 1572059369272,
    "end": 1572059369272,
    "duration": 0,
    "pid": 6304,
    "index": 36
  },
  {
    "name": "Require(30) node_modules/egg-multipart/app/extend/context.js",
    "start": 1572059369273,
    "end": 1572059369364,
    "duration": 91,
    "pid": 6304,
    "index": 37
  },
  {
    "name": "Require(31) node_modules/egg-view/app/extend/context.js",
    "start": 1572059369365,
    "end": 1572059369367,
    "duration": 2,
    "pid": 6304,
    "index": 38
  },
  {
    "name": "Require(32) node_modules/egg/app/extend/context.js",
    "start": 1572059369368,
    "end": 1572059369370,
    "duration": 2,
    "pid": 6304,
    "index": 39
  },
  {
    "name": "Load extend/helper.js",
    "start": 1572059369375,
    "end": 1572059369435,
    "duration": 60,
    "pid": 6304,
    "index": 40
  },
  {
    "name": "Require(33) node_modules/egg-security/app/extend/helper.js",
    "start": 1572059369376,
    "end": 1572059369422,
    "duration": 46,
    "pid": 6304,
    "index": 41
  },
  {
    "name": "Require(34) node_modules/egg/app/extend/helper.js",
    "start": 1572059369427,
    "end": 1572059369428,
    "duration": 1,
    "pid": 6304,
    "index": 42
  },
  {
    "name": "Load app.js",
    "start": 1572059369436,
    "end": 1572059369582,
    "duration": 146,
    "pid": 6304,
    "index": 43
  },
  {
    "name": "Require(35) node_modules/egg-session/app.js",
    "start": 1572059369436,
    "end": 1572059369437,
    "duration": 1,
    "pid": 6304,
    "index": 44
  },
  {
    "name": "Require(36) node_modules/egg-security/app.js",
    "start": 1572059369438,
    "end": 1572059369441,
    "duration": 3,
    "pid": 6304,
    "index": 45
  },
  {
    "name": "Require(37) node_modules/egg-onerror/app.js",
    "start": 1572059369443,
    "end": 1572059369462,
    "duration": 19,
    "pid": 6304,
    "index": 46
  },
  {
    "name": "Require(38) node_modules/egg-i18n/app.js",
    "start": 1572059369463,
    "end": 1572059369521,
    "duration": 58,
    "pid": 6304,
    "index": 47
  },
  {
    "name": "Require(39) node_modules/egg-watcher/app.js",
    "start": 1572059369522,
    "end": 1572059369530,
    "duration": 8,
    "pid": 6304,
    "index": 48
  },
  {
    "name": "Require(40) node_modules/egg-schedule/app.js",
    "start": 1572059369530,
    "end": 1572059369533,
    "duration": 3,
    "pid": 6304,
    "index": 49
  },
  {
    "name": "Require(41) node_modules/egg-multipart/app.js",
    "start": 1572059369534,
    "end": 1572059369539,
    "duration": 5,
    "pid": 6304,
    "index": 50
  },
  {
    "name": "Require(42) node_modules/egg-development/app.js",
    "start": 1572059369540,
    "end": 1572059369540,
    "duration": 0,
    "pid": 6304,
    "index": 51
  },
  {
    "name": "Require(43) node_modules/egg-logrotator/app.js",
    "start": 1572059369541,
    "end": 1572059369541,
    "duration": 0,
    "pid": 6304,
    "index": 52
  },
  {
    "name": "Require(44) node_modules/egg-static/app.js",
    "start": 1572059369543,
    "end": 1572059369543,
    "duration": 0,
    "pid": 6304,
    "index": 53
  },
  {
    "name": "Require(45) node_modules/egg-mysql/app.js",
    "start": 1572059369545,
    "end": 1572059369580,
    "duration": 35,
    "pid": 6304,
    "index": 54
  },
  {
    "name": "Before Start in node_modules/egg-watcher/lib/init.js:15:14",
    "start": 1572059369623,
    "end": 1572059370199,
    "duration": 576,
    "pid": 6304,
    "index": 55
  },
  {
    "name": "Before Start in node_modules/egg-mysql/lib/mysql.js:20:7",
    "start": 1572059369820,
    "end": 1572059370202,
    "duration": 382,
    "pid": 6304,
    "index": 56
  },
  {
    "name": "Load Service",
    "start": 1572059369820,
    "end": 1572059369838,
    "duration": 18,
    "pid": 6304,
    "index": 57
  },
  {
    "name": "Load \"service\" to Context",
    "start": 1572059369820,
    "end": 1572059369838,
    "duration": 18,
    "pid": 6304,
    "index": 58
  },
  {
    "name": "Load Middleware",
    "start": 1572059369839,
    "end": 1572059370033,
    "duration": 194,
    "pid": 6304,
    "index": 59
  },
  {
    "name": "Load \"middlewares\" to Application",
    "start": 1572059369841,
    "end": 1572059370014,
    "duration": 173,
    "pid": 6304,
    "index": 60
  },
  {
    "name": "Load Controller",
    "start": 1572059370033,
    "end": 1572059370100,
    "duration": 67,
    "pid": 6304,
    "index": 61
  },
  {
    "name": "Load \"controller\" to Application",
    "start": 1572059370034,
    "end": 1572059370100,
    "duration": 66,
    "pid": 6304,
    "index": 62
  },
  {
    "name": "Load Router",
    "start": 1572059370100,
    "end": 1572059370103,
    "duration": 3,
    "pid": 6304,
    "index": 63
  },
  {
    "name": "Require(46) app/router.js",
    "start": 1572059370101,
    "end": 1572059370101,
    "duration": 0,
    "pid": 6304,
    "index": 64
  },
  {
    "name": "Before Start in node_modules/egg-core/lib/egg.js:303:10",
    "start": 1572059370101,
    "end": 1572059370156,
    "duration": 55,
    "pid": 6304,
    "index": 65
  }
]