[
  {
    "name": "Application Start",
    "start": 1572056556328,
    "end": 1572056557446,
    "duration": 1118,
    "pid": 11496,
    "index": 0
  },
  {
    "name": "Load Plugin",
    "start": 1572056556341,
    "end": 1572056556371,
    "duration": 30,
    "pid": 11496,
    "index": 1
  },
  {
    "name": "Load Config",
    "start": 1572056556372,
    "end": 1572056556431,
    "duration": 59,
    "pid": 11496,
    "index": 2
  },
  {
    "name": "Require(0) config/config.default.js",
    "start": 1572056556373,
    "end": 1572056556374,
    "duration": 1,
    "pid": 11496,
    "index": 3
  },
  {
    "name": "Require(1) node_modules/egg-session/config/config.default.js",
    "start": 1572056556376,
    "end": 1572056556377,
    "duration": 1,
    "pid": 11496,
    "index": 4
  },
  {
    "name": "Require(2) node_modules/egg-security/config/config.default.js",
    "start": 1572056556377,
    "end": 1572056556378,
    "duration": 1,
    "pid": 11496,
    "index": 5
  },
  {
    "name": "Require(3) node_modules/egg-jsonp/config/config.default.js",
    "start": 1572056556379,
    "end": 1572056556379,
    "duration": 0,
    "pid": 11496,
    "index": 6
  },
  {
    "name": "Require(4) node_modules/egg-onerror/config/config.default.js",
    "start": 1572056556380,
    "end": 1572056556380,
    "duration": 0,
    "pid": 11496,
    "index": 7
  },
  {
    "name": "Require(5) node_modules/egg-i18n/config/config.default.js",
    "start": 1572056556381,
    "end": 1572056556382,
    "duration": 1,
    "pid": 11496,
    "index": 8
  },
  {
    "name": "Require(6) node_modules/egg-watcher/config/config.default.js",
    "start": 1572056556383,
    "end": 1572056556383,
    "duration": 0,
    "pid": 11496,
    "index": 9
  },
  {
    "name": "Require(7) node_modules/egg-schedule/config/config.default.js",
    "start": 1572056556384,
    "end": 1572056556384,
    "duration": 0,
    "pid": 11496,
    "index": 10
  },
  {
    "name": "Require(8) node_modules/egg-multipart/config/config.default.js",
    "start": 1572056556385,
    "end": 1572056556386,
    "duration": 1,
    "pid": 11496,
    "index": 11
  },
  {
    "name": "Require(9) node_modules/egg-development/config/config.default.js",
    "start": 1572056556388,
    "end": 1572056556388,
    "duration": 0,
    "pid": 11496,
    "index": 12
  },
  {
    "name": "Require(10) node_modules/egg-logrotator/config/config.default.js",
    "start": 1572056556394,
    "end": 1572056556398,
    "duration": 4,
    "pid": 11496,
    "index": 13
  },
  {
    "name": "Require(11) node_modules/egg-static/config/config.default.js",
    "start": 1572056556398,
    "end": 1572056556399,
    "duration": 1,
    "pid": 11496,
    "index": 14
  },
  {
    "name": "Require(12) node_modules/egg-view/config/config.default.js",
    "start": 1572056556399,
    "end": 1572056556400,
    "duration": 1,
    "pid": 11496,
    "index": 15
  },
  {
    "name": "Require(13) node_modules/egg-mysql/config/config.default.js",
    "start": 1572056556407,
    "end": 1572056556408,
    "duration": 1,
    "pid": 11496,
    "index": 16
  },
  {
    "name": "Require(14) node_modules/egg/config/config.default.js",
    "start": 1572056556409,
    "end": 1572056556410,
    "duration": 1,
    "pid": 11496,
    "index": 17
  },
  {
    "name": "Require(15) config/config.default.js",
    "start": 1572056556416,
    "end": 1572056556416,
    "duration": 0,
    "pid": 11496,
    "index": 18
  },
  {
    "name": "Require(16) node_modules/egg-security/config/config.local.js",
    "start": 1572056556418,
    "end": 1572056556419,
    "duration": 1,
    "pid": 11496,
    "index": 19
  },
  {
    "name": "Require(17) node_modules/egg-watcher/config/config.local.js",
    "start": 1572056556423,
    "end": 1572056556423,
    "duration": 0,
    "pid": 11496,
    "index": 20
  },
  {
    "name": "Require(18) node_modules/egg-view/config/config.local.js",
    "start": 1572056556427,
    "end": 1572056556428,
    "duration": 1,
    "pid": 11496,
    "index": 21
  },
  {
    "name": "Require(19) node_modules/egg/config/config.local.js",
    "start": 1572056556429,
    "end": 1572056556430,
    "duration": 1,
    "pid": 11496,
    "index": 22
  },
  {
    "name": "Load extend/application.js",
    "start": 1572056556435,
    "end": 1572056556459,
    "duration": 24,
    "pid": 11496,
    "index": 23
  },
  {
    "name": "Require(20) node_modules/egg-session/app/extend/application.js",
    "start": 1572056556436,
    "end": 1572056556437,
    "duration": 1,
    "pid": 11496,
    "index": 24
  },
  {
    "name": "Require(21) node_modules/egg-security/app/extend/application.js",
    "start": 1572056556437,
    "end": 1572056556439,
    "duration": 2,
    "pid": 11496,
    "index": 25
  },
  {
    "name": "Require(22) node_modules/egg-jsonp/app/extend/application.js",
    "start": 1572056556440,
    "end": 1572056556443,
    "duration": 3,
    "pid": 11496,
    "index": 26
  },
  {
    "name": "Require(23) node_modules/egg-logrotator/app/extend/application.js",
    "start": 1572056556445,
    "end": 1572056556448,
    "duration": 3,
    "pid": 11496,
    "index": 27
  },
  {
    "name": "Require(24) node_modules/egg-view/app/extend/application.js",
    "start": 1572056556449,
    "end": 1572056556452,
    "duration": 3,
    "pid": 11496,
    "index": 28
  },
  {
    "name": "Load extend/request.js",
    "start": 1572056556459,
    "end": 1572056556470,
    "duration": 11,
    "pid": 11496,
    "index": 29
  },
  {
    "name": "Require(25) node_modules/egg/app/extend/request.js",
    "start": 1572056556463,
    "end": 1572056556465,
    "duration": 2,
    "pid": 11496,
    "index": 30
  },
  {
    "name": "Load extend/response.js",
    "start": 1572056556470,
    "end": 1572056556487,
    "duration": 17,
    "pid": 11496,
    "index": 31
  },
  {
    "name": "Require(26) node_modules/egg/app/extend/response.js",
    "start": 1572056556475,
    "end": 1572056556478,
    "duration": 3,
    "pid": 11496,
    "index": 32
  },
  {
    "name": "Load extend/context.js",
    "start": 1572056556487,
    "end": 1572056556637,
    "duration": 150,
    "pid": 11496,
    "index": 33
  },
  {
    "name": "Require(27) node_modules/egg-security/app/extend/context.js",
    "start": 1572056556488,
    "end": 1572056556524,
    "duration": 36,
    "pid": 11496,
    "index": 34
  },
  {
    "name": "Require(28) node_modules/egg-jsonp/app/extend/context.js",
    "start": 1572056556525,
    "end": 1572056556526,
    "duration": 1,
    "pid": 11496,
    "index": 35
  },
  {
    "name": "Require(29) node_modules/egg-i18n/app/extend/context.js",
    "start": 1572056556527,
    "end": 1572056556528,
    "duration": 1,
    "pid": 11496,
    "index": 36
  },
  {
    "name": "Require(30) node_modules/egg-multipart/app/extend/context.js",
    "start": 1572056556529,
    "end": 1572056556626,
    "duration": 97,
    "pid": 11496,
    "index": 37
  },
  {
    "name": "Require(31) node_modules/egg-view/app/extend/context.js",
    "start": 1572056556627,
    "end": 1572056556629,
    "duration": 2,
    "pid": 11496,
    "index": 38
  },
  {
    "name": "Require(32) node_modules/egg/app/extend/context.js",
    "start": 1572056556630,
    "end": 1572056556633,
    "duration": 3,
    "pid": 11496,
    "index": 39
  },
  {
    "name": "Load extend/helper.js",
    "start": 1572056556637,
    "end": 1572056556693,
    "duration": 56,
    "pid": 11496,
    "index": 40
  },
  {
    "name": "Require(33) node_modules/egg-security/app/extend/helper.js",
    "start": 1572056556638,
    "end": 1572056556669,
    "duration": 31,
    "pid": 11496,
    "index": 41
  },
  {
    "name": "Require(34) node_modules/egg/app/extend/helper.js",
    "start": 1572056556685,
    "end": 1572056556687,
    "duration": 2,
    "pid": 11496,
    "index": 42
  },
  {
    "name": "Load app.js",
    "start": 1572056556694,
    "end": 1572056556828,
    "duration": 134,
    "pid": 11496,
    "index": 43
  },
  {
    "name": "Require(35) node_modules/egg-session/app.js",
    "start": 1572056556695,
    "end": 1572056556695,
    "duration": 0,
    "pid": 11496,
    "index": 44
  },
  {
    "name": "Require(36) node_modules/egg-security/app.js",
    "start": 1572056556696,
    "end": 1572056556702,
    "duration": 6,
    "pid": 11496,
    "index": 45
  },
  {
    "name": "Require(37) node_modules/egg-onerror/app.js",
    "start": 1572056556704,
    "end": 1572056556727,
    "duration": 23,
    "pid": 11496,
    "index": 46
  },
  {
    "name": "Require(38) node_modules/egg-i18n/app.js",
    "start": 1572056556727,
    "end": 1572056556757,
    "duration": 30,
    "pid": 11496,
    "index": 47
  },
  {
    "name": "Require(39) node_modules/egg-watcher/app.js",
    "start": 1572056556758,
    "end": 1572056556765,
    "duration": 7,
    "pid": 11496,
    "index": 48
  },
  {
    "name": "Require(40) node_modules/egg-schedule/app.js",
    "start": 1572056556765,
    "end": 1572056556773,
    "duration": 8,
    "pid": 11496,
    "index": 49
  },
  {
    "name": "Require(41) node_modules/egg-multipart/app.js",
    "start": 1572056556774,
    "end": 1572056556781,
    "duration": 7,
    "pid": 11496,
    "index": 50
  },
  {
    "name": "Require(42) node_modules/egg-development/app.js",
    "start": 1572056556784,
    "end": 1572056556784,
    "duration": 0,
    "pid": 11496,
    "index": 51
  },
  {
    "name": "Require(43) node_modules/egg-logrotator/app.js",
    "start": 1572056556785,
    "end": 1572056556786,
    "duration": 1,
    "pid": 11496,
    "index": 52
  },
  {
    "name": "Require(44) node_modules/egg-static/app.js",
    "start": 1572056556788,
    "end": 1572056556788,
    "duration": 0,
    "pid": 11496,
    "index": 53
  },
  {
    "name": "Require(45) node_modules/egg-mysql/app.js",
    "start": 1572056556790,
    "end": 1572056556826,
    "duration": 36,
    "pid": 11496,
    "index": 54
  },
  {
    "name": "Before Start in node_modules/egg-watcher/lib/init.js:15:14",
    "start": 1572056556852,
    "end": 1572056557439,
    "duration": 587,
    "pid": 11496,
    "index": 55
  },
  {
    "name": "Before Start in node_modules/egg-mysql/lib/mysql.js:20:7",
    "start": 1572056557086,
    "end": 1572056557445,
    "duration": 359,
    "pid": 11496,
    "index": 56
  },
  {
    "name": "Load Service",
    "start": 1572056557086,
    "end": 1572056557097,
    "duration": 11,
    "pid": 11496,
    "index": 57
  },
  {
    "name": "Load \"service\" to Context",
    "start": 1572056557086,
    "end": 1572056557097,
    "duration": 11,
    "pid": 11496,
    "index": 58
  },
  {
    "name": "Load Middleware",
    "start": 1572056557097,
    "end": 1572056557293,
    "duration": 196,
    "pid": 11496,
    "index": 59
  },
  {
    "name": "Load \"middlewares\" to Application",
    "start": 1572056557097,
    "end": 1572056557278,
    "duration": 181,
    "pid": 11496,
    "index": 60
  },
  {
    "name": "Load Controller",
    "start": 1572056557294,
    "end": 1572056557369,
    "duration": 75,
    "pid": 11496,
    "index": 61
  },
  {
    "name": "Load \"controller\" to Application",
    "start": 1572056557294,
    "end": 1572056557369,
    "duration": 75,
    "pid": 11496,
    "index": 62
  },
  {
    "name": "Load Router",
    "start": 1572056557369,
    "end": 1572056557372,
    "duration": 3,
    "pid": 11496,
    "index": 63
  },
  {
    "name": "Require(46) app/router.js",
    "start": 1572056557369,
    "end": 1572056557370,
    "duration": 1,
    "pid": 11496,
    "index": 64
  },
  {
    "name": "Before Start in node_modules/egg-core/lib/egg.js:303:10",
    "start": 1572056557371,
    "end": 1572056557398,
    "duration": 27,
    "pid": 11496,
    "index": 65
  }
]